event_id,quotation_id,event_type,actor_id,actor_type,created_at,metadata
evt_a57f0548,quote_54ef1b58,QUOTE_CREATED,rep_4fd63151,SALES_REP,2025-12-12 12:10:05.601026,{}
evt_b225b13f,quote_54ef1b58,PRODUCT_ADDED,rep_4fd63151,SALES_REP,2025-12-12 12:48:05.601026,{}
evt_2d2a0943,quote_54ef1b58,DISCOUNT_APPLIED,rep_4fd63151,SALES_REP,2025-12-12 13:31:05.601026,{}
evt_a9947a37,quote_54ef1b58,QUOTE_SENT,rep_4fd63151,SALES_REP,2025-12-12 23:31:05.601026,{}
evt_e5b9fa33,quote_54ef1b58,CUSTOMER_VIEWED,rep_4fd63151,SALES_REP,2025-12-13 23:31:05.601026,{}
evt_6577ef9b,quote_54ef1b58,ORDER_CONFIRMED,rep_4fd63151,SALES_REP,2025-12-16 23:31:05.601026,{}
evt_b63a2834,quote_4dfedf73,QUOTE_CREATED,rep_f976f2b3,SALES_REP,2025-10-02 23:10:05.601026,{}
evt_9bc10349,quote_4dfedf73,PRODUCT_ADDED,rep_f976f2b3,SALES_REP,2025-10-03 00:10:05.601026,{}
evt_5eaaadea,quote_4dfedf73,DISCOUNT_APPLIED,rep_f976f2b3,SALES_REP,2025-10-03 00:15:05.601026,{}
evt_165ea409,quote_4dfedf73,QUOTE_SENT,rep_f976f2b3,SALES_REP,2025-10-03 19:15:05.601026,{}
evt_62d92f0c,quote_4dfedf73,CUSTOMER_VIEWED,rep_f976f2b3,SALES_REP,2025-10-06 19:15:05.601026,{}
evt_237a92b9,quote_4dfedf73,ORDER_CONFIRMED,rep_f976f2b3,SALES_REP,2025-10-10 19:15:05.601026,{}
evt_2b49ca41,quote_cf8de099,QUOTE_CREATED,rep_221b7f39,SALES_REP,2026-03-29 21:10:05.601026,{}
evt_b79939a2,quote_cf8de099,PRODUCT_ADDED,rep_221b7f39,SALES_REP,2026-03-29 21:30:05.601026,{}
evt_a346bee0,quote_cf8de099,DISCOUNT_APPLIED,rep_221b7f39,SALES_REP,2026-03-29 21:42:05.601026,{}
evt_ab207037,quote_cf8de099,QUOTE_SENT,rep_221b7f39,SALES_REP,2026-03-30 15:42:05.601026,{}
evt_44176337,quote_cf8de099,CUSTOMER_VIEWED,rep_221b7f39,SALES_REP,2026-04-03 15:42:05.601026,{}
evt_8e1ad01e,quote_cf8de099,REJECTED,rep_221b7f39,SALES_REP,2026-04-10 15:42:05.601026,{}
evt_da316104,quote_4b041447,QUOTE_CREATED,rep_26645e7c,SALES_REP,2026-05-30 18:10:05.601026,{}
evt_9a5b0595,quote_4b041447,PRODUCT_ADDED,rep_26645e7c,SALES_REP,2026-05-30 18:18:05.601026,{}
evt_e6ff0dee,quote_4b041447,DISCOUNT_APPLIED,rep_26645e7c,SALES_REP,2026-05-30 19:02:05.601026,{}
evt_923aca12,quote_4b041447,QUOTE_SENT,rep_26645e7c,SALES_REP,2026-05-31 19:02:05.601026,{}
evt_5269f432,quote_4b041447,CUSTOMER_VIEWED,rep_26645e7c,SALES_REP,2026-06-01 19:02:05.601026,{}
evt_cc67c7e3,quote_4b041447,ORDER_CONFIRMED,rep_26645e7c,SALES_REP,2026-06-03 19:02:05.601026,{}
evt_867a40f8,quote_5eb73df2,QUOTE_CREATED,rep_76071164,SALES_REP,2025-10-13 11:10:05.601026,{}
evt_1fa9a2b2,quote_5eb73df2,PRODUCT_ADDED,rep_76071164,SALES_REP,2025-10-13 12:05:05.601026,{}
evt_88eb1f75,quote_5eb73df2,DISCOUNT_APPLIED,rep_76071164,SALES_REP,2025-10-13 12:50:05.601026,{}
evt_694c6c60,quote_5eb73df2,QUOTE_SENT,rep_76071164,SALES_REP,2025-10-14 07:50:05.601026,{}
evt_3aa32f8e,quote_5eb73df2,CUSTOMER_VIEWED,rep_76071164,SALES_REP,2025-10-16 07:50:05.601026,{}
evt_b22343f9,quote_5eb73df2,APPROVAL_REQUESTED,rep_76071164,SALES_REP,2025-10-16 16:50:05.601026,{}
evt_1bc8dce6,quote_5eb73df2,APPROVED,rep_76071164,SALES_REP,2025-10-18 16:50:05.601026,{}
evt_6a465de6,quote_5eb73df2,ORDER_CONFIRMED,rep_76071164,SALES_REP,2025-10-24 16:50:05.601026,{}
evt_fff9798e,quote_47add2fc,QUOTE_CREATED,rep_e08a1589,SALES_REP,2026-07-07 05:10:05.601026,{}
evt_8b8a943e,quote_47add2fc,PRODUCT_ADDED,rep_e08a1589,SALES_REP,2026-07-07 05:43:05.601026,{}
evt_129db0cb,quote_47add2fc,DISCOUNT_APPLIED,rep_e08a1589,SALES_REP,2026-07-07 05:53:05.601026,{}
evt_0f6ae91c,quote_47add2fc,QUOTE_SENT,rep_e08a1589,SALES_REP,2026-07-08 01:53:05.601026,{}
evt_58036a77,quote_47add2fc,CUSTOMER_VIEWED,rep_e08a1589,SALES_REP,2026-07-09 01:53:05.601026,{}
evt_84312658,quote_62e6b9a4,QUOTE_CREATED,rep_d5902688,SALES_REP,2026-01-11 06:10:05.601026,{}
evt_06f9bd42,quote_62e6b9a4,PRODUCT_ADDED,rep_d5902688,SALES_REP,2026-01-11 06:45:05.601026,{}
evt_6290366e,quote_62e6b9a4,DISCOUNT_APPLIED,rep_d5902688,SALES_REP,2026-01-11 07:23:05.601026,{}
evt_edffc25f,quote_62e6b9a4,QUOTE_SENT,rep_d5902688,SALES_REP,2026-01-12 04:23:05.601026,{}
evt_8c95ac23,quote_62e6b9a4,CUSTOMER_VIEWED,rep_d5902688,SALES_REP,2026-01-16 04:23:05.601026,{}
evt_57f246a0,quote_582208c6,QUOTE_CREATED,rep_03d99ec4,SALES_REP,2026-07-27 21:10:05.601026,{}
evt_21308273,quote_582208c6,PRODUCT_ADDED,rep_03d99ec4,SALES_REP,2026-07-27 21:36:05.601026,{}
evt_ea71eafd,quote_582208c6,DISCOUNT_APPLIED,rep_03d99ec4,SALES_REP,2026-07-27 22:01:05.601026,{}
evt_5b4c62d1,quote_582208c6,QUOTE_SENT,rep_03d99ec4,SALES_REP,2026-07-28 20:01:05.601026,{}
evt_18af8bc3,quote_582208c6,CUSTOMER_VIEWED,rep_03d99ec4,SALES_REP,2026-07-29 20:01:05.601026,{}
evt_ed7d9606,quote_582208c6,ORDER_CONFIRMED,rep_03d99ec4,SALES_REP,2026-08-01 20:01:05.601026,{}
evt_e6943534,quote_e6cd6420,QUOTE_CREATED,rep_221b7f39,SALES_REP,2026-02-13 14:10:05.601026,{}
evt_fdda8fee,quote_e6cd6420,PRODUCT_ADDED,rep_221b7f39,SALES_REP,2026-02-13 14:47:05.601026,{}
evt_c52b232d,quote_e6cd6420,DISCOUNT_APPLIED,rep_221b7f39,SALES_REP,2026-02-13 15:44:05.601026,{}
evt_ac56c6c1,quote_e6cd6420,QUOTE_SENT,rep_221b7f39,SALES_REP,2026-02-13 16:44:05.601026,{}
evt_03e51ff9,quote_e6cd6420,CUSTOMER_VIEWED,rep_221b7f39,SALES_REP,2026-02-18 16:44:05.601026,{}
evt_6111ba3b,quote_e6cd6420,ORDER_CONFIRMED,rep_221b7f39,SALES_REP,2026-02-19 16:44:05.601026,{}
evt_243bcb55,quote_bf1c3871,QUOTE_CREATED,rep_f976f2b3,SALES_REP,2025-12-18 14:10:05.601026,{}
evt_05785a5e,quote_bf1c3871,PRODUCT_ADDED,rep_f976f2b3,SALES_REP,2025-12-18 14:25:05.601026,{}
evt_0da0097c,quote_bf1c3871,DISCOUNT_APPLIED,rep_f976f2b3,SALES_REP,2025-12-18 14:49:05.601026,{}
evt_ad32d5ab,quote_bf1c3871,QUOTE_SENT,rep_f976f2b3,SALES_REP,2025-12-19 08:49:05.601026,{}
evt_8333b57d,quote_bf1c3871,CUSTOMER_VIEWED,rep_f976f2b3,SALES_REP,2025-12-20 08:49:05.601026,{}
evt_595155fa,quote_2ff02b98,QUOTE_CREATED,rep_221b7f39,SALES_REP,2026-04-29 09:10:05.601026,{}
evt_4db76f87,quote_2ff02b98,PRODUCT_ADDED,rep_221b7f39,SALES_REP,2026-04-29 09:45:05.601026,{}
evt_30b69aa2,quote_2ff02b98,DISCOUNT_APPLIED,rep_221b7f39,SALES_REP,2026-04-29 10:05:05.601026,{}
evt_5ecd533c,quote_2ff02b98,QUOTE_SENT,rep_221b7f39,SALES_REP,2026-04-30 01:05:05.601026,{}
evt_49687402,quote_2ff02b98,CUSTOMER_VIEWED,rep_221b7f39,SALES_REP,2026-05-05 01:05:05.601026,{}
evt_a3627ab6,quote_2ff02b98,COUNTER_OFFER,rep_221b7f39,SALES_REP,2026-05-06 01:05:05.601026,{}
evt_a8daa068,quote_2ff02b98,QUOTE_REVISED,rep_221b7f39,SALES_REP,2026-05-07 01:05:05.601026,{}
evt_6a76b31e,quote_2ff02b98,REJECTED,rep_221b7f39,SALES_REP,2026-05-14 01:05:05.601026,{}
evt_d07703fd,quote_1f0e4079,QUOTE_CREATED,rep_e08a1589,SALES_REP,2026-04-05 16:10:05.601026,{}
evt_853ab89e,quote_1f0e4079,PRODUCT_ADDED,rep_e08a1589,SALES_REP,2026-04-05 16:57:05.601026,{}
evt_c2e01544,quote_1f0e4079,DISCOUNT_APPLIED,rep_e08a1589,SALES_REP,2026-04-05 17:33:05.601026,{}
evt_c7317d20,quote_1f0e4079,QUOTE_SENT,rep_e08a1589,SALES_REP,2026-04-05 22:33:05.601026,{}
evt_d6799250,quote_1f0e4079,CUSTOMER_VIEWED,rep_e08a1589,SALES_REP,2026-04-09 22:33:05.601026,{}
evt_204b6aec,quote_1f0e4079,ORDER_CONFIRMED,rep_e08a1589,SALES_REP,2026-04-12 22:33:05.601026,{}
evt_731893fe,quote_b35782e3,QUOTE_CREATED,rep_26645e7c,SALES_REP,2026-01-06 00:10:05.601026,{}
evt_0ae13b73,quote_b35782e3,PRODUCT_ADDED,rep_26645e7c,SALES_REP,2026-01-06 00:35:05.601026,{}
evt_fb1eff56,quote_b35782e3,DISCOUNT_APPLIED,rep_26645e7c,SALES_REP,2026-01-06 01:27:05.601026,{}
evt_a8ce5457,quote_b35782e3,QUOTE_SENT,rep_26645e7c,SALES_REP,2026-01-06 17:27:05.601026,{}
evt_fc85e174,quote_b35782e3,CUSTOMER_VIEWED,rep_26645e7c,SALES_REP,2026-01-10 17:27:05.601026,{}
evt_024cbf75,quote_cd3007e3,QUOTE_CREATED,rep_4fd63151,SALES_REP,2026-05-16 07:10:05.601026,{}
evt_5e8363c6,quote_cd3007e3,PRODUCT_ADDED,rep_4fd63151,SALES_REP,2026-05-16 07:21:05.601026,{}
evt_98a00243,quote_cd3007e3,DISCOUNT_APPLIED,rep_4fd63151,SALES_REP,2026-05-16 08:21:05.601026,{}
evt_bd0a33dd,quote_cd3007e3,QUOTE_SENT,rep_4fd63151,SALES_REP,2026-05-16 23:21:05.601026,{}
evt_b64ed6f3,quote_cd3007e3,CUSTOMER_VIEWED,rep_4fd63151,SALES_REP,2026-05-17 23:21:05.601026,{}
evt_1642dc2a,quote_cd3007e3,REJECTED,rep_4fd63151,SALES_REP,2026-05-21 23:21:05.601026,{}
evt_d3361cbf,quote_48be5afb,QUOTE_CREATED,rep_4fd63151,SALES_REP,2026-04-03 02:10:05.601026,{}
evt_8d6dfda1,quote_48be5afb,PRODUCT_ADDED,rep_4fd63151,SALES_REP,2026-04-03 02:31:05.601026,{}
evt_ef6e9d61,quote_48be5afb,DISCOUNT_APPLIED,rep_4fd63151,SALES_REP,2026-04-03 02:57:05.601026,{}
evt_bf41809f,quote_48be5afb,QUOTE_SENT,rep_4fd63151,SALES_REP,2026-04-03 22:57:05.601026,{}
evt_e4e954b7,quote_48be5afb,CUSTOMER_VIEWED,rep_4fd63151,SALES_REP,2026-04-07 22:57:05.601026,{}
evt_0c615cfd,quote_48be5afb,ORDER_CONFIRMED,rep_4fd63151,SALES_REP,2026-04-14 22:57:05.601026,{}
evt_5e66447b,quote_e075f963,QUOTE_CREATED,rep_f976f2b3,SALES_REP,2026-07-18 08:10:05.601026,{}
evt_064d46cc,quote_e075f963,PRODUCT_ADDED,rep_f976f2b3,SALES_REP,2026-07-18 09:03:05.601026,{}
evt_42efdf4e,quote_e075f963,DISCOUNT_APPLIED,rep_f976f2b3,SALES_REP,2026-07-18 09:48:05.601026,{}
evt_30c71b42,quote_e075f963,QUOTE_SENT,rep_f976f2b3,SALES_REP,2026-07-19 08:48:05.601026,{}
evt_8eaba913,quote_e075f963,CUSTOMER_VIEWED,rep_f976f2b3,SALES_REP,2026-07-20 08:48:05.601026,{}
evt_a8d4e2fb,quote_e075f963,ORDER_CONFIRMED,rep_f976f2b3,SALES_REP,2026-07-26 08:48:05.601026,{}
evt_68444125,quote_accc42d3,QUOTE_CREATED,rep_b548fdfc,SALES_REP,2026-04-13 10:10:05.601026,{}
evt_75b6de58,quote_accc42d3,PRODUCT_ADDED,rep_b548fdfc,SALES_REP,2026-04-13 11:05:05.601026,{}
evt_1fbf1cb0,quote_accc42d3,DISCOUNT_APPLIED,rep_b548fdfc,SALES_REP,2026-04-13 11:21:05.601026,{}
evt_b0441865,quote_accc42d3,QUOTE_SENT,rep_b548fdfc,SALES_REP,2026-04-13 17:21:05.601026,{}
evt_3032d129,quote_accc42d3,CUSTOMER_VIEWED,rep_b548fdfc,SALES_REP,2026-04-15 17:21:05.601026,{}
evt_5b5ad8a2,quote_accc42d3,COUNTER_OFFER,rep_b548fdfc,SALES_REP,2026-04-17 17:21:05.601026,{}
evt_35107362,quote_accc42d3,QUOTE_REVISED,rep_b548fdfc,SALES_REP,2026-04-18 17:21:05.601026,{}
evt_0f36ac50,quote_accc42d3,ORDER_CONFIRMED,rep_b548fdfc,SALES_REP,2026-04-22 17:21:05.601026,{}
evt_77cc36b3,quote_f44be986,QUOTE_CREATED,rep_f976f2b3,SALES_REP,2026-05-01 15:10:05.601026,{}
evt_1d109cf7,quote_f44be986,PRODUCT_ADDED,rep_f976f2b3,SALES_REP,2026-05-01 15:37:05.601026,{}
evt_38deb56d,quote_f44be986,DISCOUNT_APPLIED,rep_f976f2b3,SALES_REP,2026-05-01 16:19:05.601026,{}
evt_e969e6e7,quote_f44be986,QUOTE_SENT,rep_f976f2b3,SALES_REP,2026-05-02 02:19:05.601026,{}
evt_e7426799,quote_f44be986,CUSTOMER_VIEWED,rep_f976f2b3,SALES_REP,2026-05-06 02:19:05.601026,{}
evt_668610ff,quote_f44be986,REJECTED,rep_f976f2b3,SALES_REP,2026-05-10 02:19:05.601026,{}
evt_f769dfa0,quote_1aabbed4,QUOTE_CREATED,rep_26645e7c,SALES_REP,2026-03-20 21:10:05.601026,{}
evt_94ce8dd8,quote_1aabbed4,PRODUCT_ADDED,rep_26645e7c,SALES_REP,2026-03-20 21:53:05.601026,{}
evt_34d8d192,quote_1aabbed4,DISCOUNT_APPLIED,rep_26645e7c,SALES_REP,2026-03-20 22:45:05.601026,{}
evt_91f6bd9b,quote_1aabbed4,QUOTE_SENT,rep_26645e7c,SALES_REP,2026-03-21 14:45:05.601026,{}
evt_dda6fe6a,quote_1aabbed4,CUSTOMER_VIEWED,rep_26645e7c,SALES_REP,2026-03-24 14:45:05.601026,{}
evt_df2cac4e,quote_c579faca,QUOTE_CREATED,rep_b548fdfc,SALES_REP,2025-12-27 02:10:05.601026,{}
evt_71449d4c,quote_c579faca,PRODUCT_ADDED,rep_b548fdfc,SALES_REP,2025-12-27 02:21:05.601026,{}
evt_fd64ac50,quote_c579faca,DISCOUNT_APPLIED,rep_b548fdfc,SALES_REP,2025-12-27 03:06:05.601026,{}
evt_e8dfe562,quote_c579faca,QUOTE_SENT,rep_b548fdfc,SALES_REP,2025-12-28 00:06:05.601026,{}
evt_94ef9e80,quote_c579faca,CUSTOMER_VIEWED,rep_b548fdfc,SALES_REP,2025-12-29 00:06:05.601026,{}
evt_2dbaf22a,quote_c579faca,ORDER_CONFIRMED,rep_b548fdfc,SALES_REP,2026-01-02 00:06:05.601026,{}
evt_a99c6246,quote_c653e02d,QUOTE_CREATED,rep_b548fdfc,SALES_REP,2026-04-05 11:10:05.601026,{}
evt_2f74eb49,quote_c653e02d,PRODUCT_ADDED,rep_b548fdfc,SALES_REP,2026-04-05 11:47:05.601026,{}
evt_a6dafe44,quote_c653e02d,DISCOUNT_APPLIED,rep_b548fdfc,SALES_REP,2026-04-05 12:09:05.601026,{}
evt_3ed2990b,quote_c653e02d,QUOTE_SENT,rep_b548fdfc,SALES_REP,2026-04-05 18:09:05.601026,{}
evt_7b9639b7,quote_c653e02d,CUSTOMER_VIEWED,rep_b548fdfc,SALES_REP,2026-04-08 18:09:05.601026,{}
evt_19e4d3ef,quote_c653e02d,ORDER_CONFIRMED,rep_b548fdfc,SALES_REP,2026-04-12 18:09:05.601026,{}
evt_6934b4c9,quote_b80ebed4,QUOTE_CREATED,rep_26645e7c,SALES_REP,2026-08-18 05:10:05.601026,{}
evt_c7534175,quote_b80ebed4,PRODUCT_ADDED,rep_26645e7c,SALES_REP,2026-08-18 06:02:05.601026,{}
evt_37537079,quote_b80ebed4,DISCOUNT_APPLIED,rep_26645e7c,SALES_REP,2026-08-18 06:50:05.601026,{}
evt_98b6e377,quote_b80ebed4,QUOTE_SENT,rep_26645e7c,SALES_REP,2026-08-18 15:50:05.601026,{}
evt_ba89e99b,quote_b80ebed4,CUSTOMER_VIEWED,rep_26645e7c,SALES_REP,2026-08-23 15:50:05.601026,{}
evt_54ba03e1,quote_b80ebed4,REJECTED,rep_26645e7c,SALES_REP,2026-08-29 15:50:05.601026,{}
evt_5fb389b4,quote_2c0d9d95,QUOTE_CREATED,rep_221b7f39,SALES_REP,2026-08-16 13:10:05.601026,{}
evt_372bd615,quote_2c0d9d95,PRODUCT_ADDED,rep_221b7f39,SALES_REP,2026-08-16 13:59:05.601026,{}
evt_4349bc50,quote_2c0d9d95,DISCOUNT_APPLIED,rep_221b7f39,SALES_REP,2026-08-16 14:23:05.601026,{}
evt_7576c779,quote_2c0d9d95,QUOTE_SENT,rep_221b7f39,SALES_REP,2026-08-17 11:23:05.601026,{}
evt_abce6f32,quote_2c0d9d95,CUSTOMER_VIEWED,rep_221b7f39,SALES_REP,2026-08-21 11:23:05.601026,{}
evt_6df49725,quote_2c0d9d95,COUNTER_OFFER,rep_221b7f39,SALES_REP,2026-08-22 11:23:05.601026,{}
evt_e4501575,quote_2c0d9d95,QUOTE_REVISED,rep_221b7f39,SALES_REP,2026-08-23 11:23:05.601026,{}
evt_b138e5cd,quote_2c0d9d95,ORDER_CONFIRMED,rep_221b7f39,SALES_REP,2026-08-26 11:23:05.601026,{}
evt_0c75079a,quote_803fecf5,QUOTE_CREATED,rep_71ed5975,SALES_REP,2026-03-14 03:10:05.601026,{}
evt_74bc83e1,quote_803fecf5,PRODUCT_ADDED,rep_71ed5975,SALES_REP,2026-03-14 03:52:05.601026,{}
evt_82f7da0e,quote_803fecf5,DISCOUNT_APPLIED,rep_71ed5975,SALES_REP,2026-03-14 04:44:05.601026,{}
evt_fbae5918,quote_803fecf5,QUOTE_SENT,rep_71ed5975,SALES_REP,2026-03-15 04:44:05.601026,{}
evt_6ce67f3e,quote_803fecf5,CUSTOMER_VIEWED,rep_71ed5975,SALES_REP,2026-03-17 04:44:05.601026,{}
evt_9f19f02b,quote_803fecf5,ORDER_CONFIRMED,rep_71ed5975,SALES_REP,2026-03-23 04:44:05.601026,{}
evt_a0f63c4b,quote_5745977e,QUOTE_CREATED,rep_b548fdfc,SALES_REP,2025-12-25 20:10:05.601026,{}
evt_0ce90860,quote_5745977e,PRODUCT_ADDED,rep_b548fdfc,SALES_REP,2025-12-25 20:58:05.601026,{}
evt_57c39e1d,quote_5745977e,DISCOUNT_APPLIED,rep_b548fdfc,SALES_REP,2025-12-25 21:26:05.601026,{}
evt_b8463dcc,quote_5745977e,QUOTE_SENT,rep_b548fdfc,SALES_REP,2025-12-26 15:26:05.601026,{}
evt_87c46b63,quote_5745977e,CUSTOMER_VIEWED,rep_b548fdfc,SALES_REP,2025-12-29 15:26:05.601026,{}
evt_2a3f9752,quote_5745977e,COUNTER_OFFER,rep_b548fdfc,SALES_REP,2025-12-31 15:26:05.601026,{}
evt_21a1ca34,quote_5745977e,QUOTE_REVISED,rep_b548fdfc,SALES_REP,2026-01-01 15:26:05.601026,{}
evt_d472908a,quote_5745977e,ORDER_CONFIRMED,rep_b548fdfc,SALES_REP,2026-01-02 15:26:05.601026,{}
evt_6bc4a077,quote_8ecd306b,QUOTE_CREATED,rep_b548fdfc,SALES_REP,2026-01-07 10:10:05.601026,{}
evt_b64723a6,quote_8ecd306b,PRODUCT_ADDED,rep_b548fdfc,SALES_REP,2026-01-07 11:03:05.601026,{}
evt_446aa192,quote_8ecd306b,DISCOUNT_APPLIED,rep_b548fdfc,SALES_REP,2026-01-07 11:43:05.601026,{}
evt_8859322e,quote_8ecd306b,QUOTE_SENT,rep_b548fdfc,SALES_REP,2026-01-07 18:43:05.601026,{}
evt_5b3c5448,quote_8ecd306b,CUSTOMER_VIEWED,rep_b548fdfc,SALES_REP,2026-01-12 18:43:05.601026,{}
evt_2bb721d8,quote_8ecd306b,COUNTER_OFFER,rep_b548fdfc,SALES_REP,2026-01-13 18:43:05.601026,{}
evt_5a2a6e82,quote_8ecd306b,QUOTE_REVISED,rep_b548fdfc,SALES_REP,2026-01-15 18:43:05.601026,{}
evt_2c5dd3d8,quote_8ecd306b,ORDER_CONFIRMED,rep_b548fdfc,SALES_REP,2026-01-22 18:43:05.601026,{}
evt_5c146e79,quote_2054ff01,QUOTE_CREATED,rep_e08a1589,SALES_REP,2025-12-03 09:10:05.601026,{}
evt_79c1c6f9,quote_2054ff01,PRODUCT_ADDED,rep_e08a1589,SALES_REP,2025-12-03 09:26:05.601026,{}
evt_35bbccbf,quote_2054ff01,DISCOUNT_APPLIED,rep_e08a1589,SALES_REP,2025-12-03 09:47:05.601026,{}
evt_a09ed945,quote_2054ff01,QUOTE_SENT,rep_e08a1589,SALES_REP,2025-12-03 11:47:05.601026,{}
evt_44fa7b7a,quote_2054ff01,CUSTOMER_VIEWED,rep_e08a1589,SALES_REP,2025-12-05 11:47:05.601026,{}
evt_2bcc132b,quote_2054ff01,REJECTED,rep_e08a1589,SALES_REP,2025-12-10 11:47:05.601026,{}
evt_e06e2e36,quote_25ca35eb,QUOTE_CREATED,rep_221b7f39,SALES_REP,2026-05-06 20:10:05.601026,{}
evt_7d424589,quote_25ca35eb,PRODUCT_ADDED,rep_221b7f39,SALES_REP,2026-05-06 20:44:05.601026,{}
evt_02128519,quote_25ca35eb,DISCOUNT_APPLIED,rep_221b7f39,SALES_REP,2026-05-06 21:30:05.601026,{}
evt_ce308db0,quote_25ca35eb,QUOTE_SENT,rep_221b7f39,SALES_REP,2026-05-06 22:30:05.601026,{}
evt_b82c4cd7,quote_25ca35eb,CUSTOMER_VIEWED,rep_221b7f39,SALES_REP,2026-05-07 22:30:05.601026,{}
evt_f6256e12,quote_25ca35eb,ORDER_CONFIRMED,rep_221b7f39,SALES_REP,2026-05-14 22:30:05.601026,{}
evt_546f5b57,quote_9c8c0f7e,QUOTE_CREATED,rep_221b7f39,SALES_REP,2026-02-17 01:10:05.601026,{}
evt_5114802a,quote_9c8c0f7e,PRODUCT_ADDED,rep_221b7f39,SALES_REP,2026-02-17 01:55:05.601026,{}
evt_8b01e837,quote_9c8c0f7e,DISCOUNT_APPLIED,rep_221b7f39,SALES_REP,2026-02-17 02:37:05.601026,{}
evt_a9668c83,quote_9c8c0f7e,QUOTE_SENT,rep_221b7f39,SALES_REP,2026-02-17 20:37:05.601026,{}
evt_52540c05,quote_9c8c0f7e,CUSTOMER_VIEWED,rep_221b7f39,SALES_REP,2026-02-20 20:37:05.601026,{}
evt_d6aa6909,quote_20435b8a,QUOTE_CREATED,rep_e08a1589,SALES_REP,2026-04-25 22:10:05.601026,{}
evt_38bcd24d,quote_20435b8a,PRODUCT_ADDED,rep_e08a1589,SALES_REP,2026-04-25 23:10:05.601026,{}
evt_692db96d,quote_20435b8a,DISCOUNT_APPLIED,rep_e08a1589,SALES_REP,2026-04-25 23:28:05.601026,{}
evt_9dd30ade,quote_20435b8a,QUOTE_SENT,rep_e08a1589,SALES_REP,2026-04-26 13:28:05.601026,{}
evt_246dbff6,quote_20435b8a,CUSTOMER_VIEWED,rep_e08a1589,SALES_REP,2026-04-30 13:28:05.601026,{}
evt_de61e541,quote_eb53c74e,QUOTE_CREATED,rep_71ed5975,SALES_REP,2026-03-28 19:10:05.601026,{}
evt_017bf197,quote_eb53c74e,PRODUCT_ADDED,rep_71ed5975,SALES_REP,2026-03-28 19:57:05.601026,{}
evt_b8457b5e,quote_eb53c74e,DISCOUNT_APPLIED,rep_71ed5975,SALES_REP,2026-03-28 20:18:05.601026,{}
evt_d76e50e8,quote_eb53c74e,QUOTE_SENT,rep_71ed5975,SALES_REP,2026-03-29 08:18:05.601026,{}
evt_237c6d7b,quote_eb53c74e,CUSTOMER_VIEWED,rep_71ed5975,SALES_REP,2026-03-31 08:18:05.601026,{}
evt_b526a70e,quote_eb53c74e,REJECTED,rep_71ed5975,SALES_REP,2026-04-04 08:18:05.601026,{}
evt_10141b2b,quote_353f4f73,QUOTE_CREATED,rep_221b7f39,SALES_REP,2025-10-18 08:10:05.601026,{}
evt_ab36f5c5,quote_353f4f73,PRODUCT_ADDED,rep_221b7f39,SALES_REP,2025-10-18 08:50:05.601026,{}
evt_38ad10fe,quote_353f4f73,DISCOUNT_APPLIED,rep_221b7f39,SALES_REP,2025-10-18 09:16:05.601026,{}
evt_42429385,quote_353f4f73,QUOTE_SENT,rep_221b7f39,SALES_REP,2025-10-19 07:16:05.601026,{}
evt_a6c47b13,quote_353f4f73,CUSTOMER_VIEWED,rep_221b7f39,SALES_REP,2025-10-20 07:16:05.601026,{}
evt_c43681a1,quote_353f4f73,REJECTED,rep_221b7f39,SALES_REP,2025-10-27 07:16:05.601026,{}
evt_7927d8a3,quote_ead3c400,QUOTE_CREATED,rep_03d99ec4,SALES_REP,2025-10-01 15:10:05.601026,{}
evt_c8460973,quote_ead3c400,PRODUCT_ADDED,rep_03d99ec4,SALES_REP,2025-10-01 15:47:05.601026,{}
evt_e64fdbae,quote_ead3c400,DISCOUNT_APPLIED,rep_03d99ec4,SALES_REP,2025-10-01 16:05:05.601026,{}
evt_b7ba7510,quote_ead3c400,QUOTE_SENT,rep_03d99ec4,SALES_REP,2025-10-01 21:05:05.601026,{}
evt_39dcd757,quote_ead3c400,CUSTOMER_VIEWED,rep_03d99ec4,SALES_REP,2025-10-05 21:05:05.601026,{}
evt_50d4ca51,quote_ead3c400,COUNTER_OFFER,rep_03d99ec4,SALES_REP,2025-10-06 21:05:05.601026,{}
evt_26fe780a,quote_ead3c400,QUOTE_REVISED,rep_03d99ec4,SALES_REP,2025-10-08 21:05:05.601026,{}
evt_112f42c5,quote_ead3c400,ORDER_CONFIRMED,rep_03d99ec4,SALES_REP,2025-10-15 21:05:05.601026,{}
evt_2ee51d69,quote_87fbe6de,QUOTE_CREATED,rep_76071164,SALES_REP,2026-07-21 01:10:05.601026,{}
evt_391f4410,quote_87fbe6de,PRODUCT_ADDED,rep_76071164,SALES_REP,2026-07-21 01:57:05.601026,{}
evt_d584f7ba,quote_87fbe6de,DISCOUNT_APPLIED,rep_76071164,SALES_REP,2026-07-21 02:55:05.601026,{}
evt_ecab268c,quote_87fbe6de,QUOTE_SENT,rep_76071164,SALES_REP,2026-07-22 01:55:05.601026,{}
evt_fd371ac0,quote_87fbe6de,CUSTOMER_VIEWED,rep_76071164,SALES_REP,2026-07-25 01:55:05.601026,{}
evt_829a6683,quote_87fbe6de,COUNTER_OFFER,rep_76071164,SALES_REP,2026-07-27 01:55:05.601026,{}
evt_8311d4bb,quote_87fbe6de,QUOTE_REVISED,rep_76071164,SALES_REP,2026-07-29 01:55:05.601026,{}
evt_c4de2138,quote_8348e66a,QUOTE_CREATED,rep_f976f2b3,SALES_REP,2025-12-06 10:10:05.601026,{}
evt_5eac707b,quote_8348e66a,PRODUCT_ADDED,rep_f976f2b3,SALES_REP,2025-12-06 10:36:05.601026,{}
evt_52cd807c,quote_8348e66a,DISCOUNT_APPLIED,rep_f976f2b3,SALES_REP,2025-12-06 10:51:05.601026,{}
evt_9326af83,quote_8348e66a,QUOTE_SENT,rep_f976f2b3,SALES_REP,2025-12-06 22:51:05.601026,{}
evt_31b8d3d0,quote_8348e66a,CUSTOMER_VIEWED,rep_f976f2b3,SALES_REP,2025-12-09 22:51:05.601026,{}
evt_6dd588d1,quote_8348e66a,REJECTED,rep_f976f2b3,SALES_REP,2025-12-16 22:51:05.601026,{}
evt_fe53f82a,quote_073328fc,QUOTE_CREATED,rep_d5902688,SALES_REP,2025-10-18 07:10:05.601026,{}
evt_15f37ddd,quote_073328fc,PRODUCT_ADDED,rep_d5902688,SALES_REP,2025-10-18 07:58:05.601026,{}
evt_c174ef14,quote_073328fc,DISCOUNT_APPLIED,rep_d5902688,SALES_REP,2025-10-18 08:08:05.601026,{}
evt_75e0c415,quote_073328fc,QUOTE_SENT,rep_d5902688,SALES_REP,2025-10-18 17:08:05.601026,{}
evt_3e3136cf,quote_073328fc,CUSTOMER_VIEWED,rep_d5902688,SALES_REP,2025-10-22 17:08:05.601026,{}
evt_f5b19e56,quote_35086c59,QUOTE_CREATED,rep_71ed5975,SALES_REP,2026-04-05 14:10:05.601026,{}
evt_3d570c52,quote_35086c59,PRODUCT_ADDED,rep_71ed5975,SALES_REP,2026-04-05 14:57:05.601026,{}
evt_bc20f0cb,quote_35086c59,DISCOUNT_APPLIED,rep_71ed5975,SALES_REP,2026-04-05 15:21:05.601026,{}
evt_cadf875e,quote_35086c59,QUOTE_SENT,rep_71ed5975,SALES_REP,2026-04-05 17:21:05.601026,{}
evt_eb599314,quote_35086c59,CUSTOMER_VIEWED,rep_71ed5975,SALES_REP,2026-04-07 17:21:05.601026,{}
evt_9c7ebf78,quote_35086c59,REJECTED,rep_71ed5975,SALES_REP,2026-04-12 17:21:05.601026,{}
evt_248b6a20,quote_42ee16df,QUOTE_CREATED,rep_f976f2b3,SALES_REP,2025-12-18 15:10:05.601026,{}
evt_cd181f7b,quote_42ee16df,PRODUCT_ADDED,rep_f976f2b3,SALES_REP,2025-12-18 15:31:05.601026,{}
evt_9ee4b40e,quote_42ee16df,DISCOUNT_APPLIED,rep_f976f2b3,SALES_REP,2025-12-18 15:54:05.601026,{}
evt_d530ccff,quote_42ee16df,QUOTE_SENT,rep_f976f2b3,SALES_REP,2025-12-19 02:54:05.601026,{}
evt_ffa2b4c8,quote_42ee16df,CUSTOMER_VIEWED,rep_f976f2b3,SALES_REP,2025-12-20 02:54:05.601026,{}
evt_2a22ba71,quote_42ee16df,COUNTER_OFFER,rep_f976f2b3,SALES_REP,2025-12-23 02:54:05.601026,{}
evt_98e0b222,quote_42ee16df,QUOTE_REVISED,rep_f976f2b3,SALES_REP,2025-12-25 02:54:05.601026,{}
evt_6eba3574,quote_42ee16df,ORDER_CONFIRMED,rep_f976f2b3,SALES_REP,2025-12-27 02:54:05.601026,{}
evt_51604ddb,quote_001ce1be,QUOTE_CREATED,rep_03d99ec4,SALES_REP,2025-09-26 19:10:05.601026,{}
evt_bfcea798,quote_001ce1be,PRODUCT_ADDED,rep_03d99ec4,SALES_REP,2025-09-26 19:40:05.601026,{}
evt_679bd116,quote_001ce1be,DISCOUNT_APPLIED,rep_03d99ec4,SALES_REP,2025-09-26 20:30:05.601026,{}
evt_7d9f00ea,quote_001ce1be,QUOTE_SENT,rep_03d99ec4,SALES_REP,2025-09-27 17:30:05.601026,{}
evt_4e6501e4,quote_001ce1be,CUSTOMER_VIEWED,rep_03d99ec4,SALES_REP,2025-10-01 17:30:05.601026,{}
evt_8d312cd0,quote_001ce1be,COUNTER_OFFER,rep_03d99ec4,SALES_REP,2025-10-03 17:30:05.601026,{}
evt_48bc806d,quote_001ce1be,QUOTE_REVISED,rep_03d99ec4,SALES_REP,2025-10-04 17:30:05.601026,{}
evt_468afba7,quote_001ce1be,APPROVAL_REQUESTED,rep_03d99ec4,SALES_REP,2025-10-04 23:30:05.601026,{}
evt_8f21188a,quote_001ce1be,APPROVED,rep_03d99ec4,SALES_REP,2025-10-06 23:30:05.601026,{}
evt_691ff38f,quote_001ce1be,ORDER_CONFIRMED,rep_03d99ec4,SALES_REP,2025-10-13 23:30:05.601026,{}
evt_72263bb1,quote_b09d5ca0,QUOTE_CREATED,rep_d5902688,SALES_REP,2026-03-29 22:10:05.601026,{}
evt_6408457f,quote_b09d5ca0,PRODUCT_ADDED,rep_d5902688,SALES_REP,2026-03-29 23:04:05.601026,{}
evt_02d78304,quote_b09d5ca0,DISCOUNT_APPLIED,rep_d5902688,SALES_REP,2026-03-29 23:31:05.601026,{}
evt_66d72564,quote_b09d5ca0,QUOTE_SENT,rep_d5902688,SALES_REP,2026-03-30 11:31:05.601026,{}
evt_3d0552fe,quote_b09d5ca0,CUSTOMER_VIEWED,rep_d5902688,SALES_REP,2026-04-01 11:31:05.601026,{}
evt_0556c05c,quote_b09d5ca0,COUNTER_OFFER,rep_d5902688,SALES_REP,2026-04-02 11:31:05.601026,{}
evt_85c9e072,quote_b09d5ca0,QUOTE_REVISED,rep_d5902688,SALES_REP,2026-04-04 11:31:05.601026,{}
evt_c42587ec,quote_b09d5ca0,REJECTED,rep_d5902688,SALES_REP,2026-04-06 11:31:05.601026,{}
evt_85f0723e,quote_f6554184,QUOTE_CREATED,rep_d5902688,SALES_REP,2025-11-23 02:10:05.601026,{}
evt_66ea2023,quote_f6554184,PRODUCT_ADDED,rep_d5902688,SALES_REP,2025-11-23 03:03:05.601026,{}
evt_b2b8708e,quote_f6554184,DISCOUNT_APPLIED,rep_d5902688,SALES_REP,2025-11-23 03:44:05.601026,{}
evt_ebb67753,quote_f6554184,QUOTE_SENT,rep_d5902688,SALES_REP,2025-11-23 22:44:05.601026,{}
evt_7c43fc3d,quote_f6554184,CUSTOMER_VIEWED,rep_d5902688,SALES_REP,2025-11-27 22:44:05.601026,{}
evt_c598ea56,quote_f6554184,REJECTED,rep_d5902688,SALES_REP,2025-12-02 22:44:05.601026,{}
evt_d37203db,quote_79935736,QUOTE_CREATED,rep_d5902688,SALES_REP,2026-02-18 02:10:05.601026,{}
evt_7c2afc41,quote_79935736,PRODUCT_ADDED,rep_d5902688,SALES_REP,2026-02-18 02:34:05.601026,{}
evt_44d274d7,quote_79935736,DISCOUNT_APPLIED,rep_d5902688,SALES_REP,2026-02-18 03:08:05.601026,{}
evt_ae585e38,quote_79935736,QUOTE_SENT,rep_d5902688,SALES_REP,2026-02-18 18:08:05.601026,{}
evt_e67dd864,quote_79935736,CUSTOMER_VIEWED,rep_d5902688,SALES_REP,2026-02-19 18:08:05.601026,{}
evt_667cc46a,quote_79935736,COUNTER_OFFER,rep_d5902688,SALES_REP,2026-02-21 18:08:05.601026,{}
evt_d92de05d,quote_79935736,QUOTE_REVISED,rep_d5902688,SALES_REP,2026-02-22 18:08:05.601026,{}
evt_8549b449,quote_79935736,REJECTED,rep_d5902688,SALES_REP,2026-02-28 18:08:05.601026,{}
evt_37e96978,quote_a2789295,QUOTE_CREATED,rep_d5902688,SALES_REP,2026-07-06 22:10:05.601026,{}
evt_70745274,quote_a2789295,PRODUCT_ADDED,rep_d5902688,SALES_REP,2026-07-06 23:02:05.601026,{}
evt_9cc083ad,quote_a2789295,DISCOUNT_APPLIED,rep_d5902688,SALES_REP,2026-07-06 23:09:05.601026,{}
evt_6babf63e,quote_a2789295,QUOTE_SENT,rep_d5902688,SALES_REP,2026-07-07 14:09:05.601026,{}
evt_b0007556,quote_a2789295,CUSTOMER_VIEWED,rep_d5902688,SALES_REP,2026-07-12 14:09:05.601026,{}
evt_e45d635a,quote_a2789295,REJECTED,rep_d5902688,SALES_REP,2026-07-15 14:09:05.601026,{}
evt_fc4c02f7,quote_ea213dac,QUOTE_CREATED,rep_71ed5975,SALES_REP,2026-05-19 10:10:05.601026,{}
evt_b910a2d2,quote_ea213dac,PRODUCT_ADDED,rep_71ed5975,SALES_REP,2026-05-19 10:47:05.601026,{}
evt_6f5a085a,quote_ea213dac,DISCOUNT_APPLIED,rep_71ed5975,SALES_REP,2026-05-19 11:33:05.601026,{}
evt_ecf14345,quote_ea213dac,QUOTE_SENT,rep_71ed5975,SALES_REP,2026-05-19 17:33:05.601026,{}
evt_0612dc48,quote_ea213dac,CUSTOMER_VIEWED,rep_71ed5975,SALES_REP,2026-05-20 17:33:05.601026,{}
evt_396c07ae,quote_ea213dac,COUNTER_OFFER,rep_71ed5975,SALES_REP,2026-05-22 17:33:05.601026,{}
evt_dba891bc,quote_ea213dac,QUOTE_REVISED,rep_71ed5975,SALES_REP,2026-05-24 17:33:05.601026,{}
evt_c109bf96,quote_ea213dac,REJECTED,rep_71ed5975,SALES_REP,2026-05-29 17:33:05.601026,{}
evt_24d687fe,quote_17e2d297,QUOTE_CREATED,rep_d5902688,SALES_REP,2025-11-25 17:10:05.601026,{}
evt_c6a9983c,quote_17e2d297,PRODUCT_ADDED,rep_d5902688,SALES_REP,2025-11-25 17:58:05.601026,{}
evt_2a4851e5,quote_17e2d297,DISCOUNT_APPLIED,rep_d5902688,SALES_REP,2025-11-25 18:27:05.601026,{}
evt_3fc5c1f3,quote_17e2d297,QUOTE_SENT,rep_d5902688,SALES_REP,2025-11-26 04:27:05.601026,{}
evt_dae68855,quote_17e2d297,CUSTOMER_VIEWED,rep_d5902688,SALES_REP,2025-11-29 04:27:05.601026,{}
evt_277e60f4,quote_296a8bf3,QUOTE_CREATED,rep_4fd63151,SALES_REP,2026-02-22 08:10:05.601026,{}
evt_3a95c2fb,quote_296a8bf3,PRODUCT_ADDED,rep_4fd63151,SALES_REP,2026-02-22 08:50:05.601026,{}
evt_58514372,quote_296a8bf3,DISCOUNT_APPLIED,rep_4fd63151,SALES_REP,2026-02-22 09:19:05.601026,{}
evt_34ccf715,quote_296a8bf3,QUOTE_SENT,rep_4fd63151,SALES_REP,2026-02-23 06:19:05.601026,{}
evt_8687d0e1,quote_296a8bf3,CUSTOMER_VIEWED,rep_4fd63151,SALES_REP,2026-02-26 06:19:05.601026,{}
evt_c1312182,quote_296a8bf3,REJECTED,rep_4fd63151,SALES_REP,2026-03-04 06:19:05.601026,{}
evt_9f65f77d,quote_9389feae,QUOTE_CREATED,rep_76071164,SALES_REP,2025-10-23 02:10:05.601026,{}
evt_d797cce8,quote_9389feae,PRODUCT_ADDED,rep_76071164,SALES_REP,2025-10-23 02:46:05.601026,{}
evt_ac10c71a,quote_9389feae,DISCOUNT_APPLIED,rep_76071164,SALES_REP,2025-10-23 03:03:05.601026,{}
evt_876480cf,quote_9389feae,QUOTE_SENT,rep_76071164,SALES_REP,2025-10-23 11:03:05.601026,{}
evt_34bdc9ec,quote_9389feae,CUSTOMER_VIEWED,rep_76071164,SALES_REP,2025-10-25 11:03:05.601026,{}
evt_527ceaf3,quote_9389feae,COUNTER_OFFER,rep_76071164,SALES_REP,2025-10-27 11:03:05.601026,{}
evt_83414173,quote_9389feae,QUOTE_REVISED,rep_76071164,SALES_REP,2025-10-28 11:03:05.601026,{}
evt_f83a3b73,quote_9389feae,REJECTED,rep_76071164,SALES_REP,2025-11-02 11:03:05.601026,{}
evt_ea679be7,quote_82536009,QUOTE_CREATED,rep_76071164,SALES_REP,2026-06-01 07:10:05.601026,{}
evt_2daefb74,quote_82536009,PRODUCT_ADDED,rep_76071164,SALES_REP,2026-06-01 07:53:05.601026,{}
evt_ae37c007,quote_82536009,DISCOUNT_APPLIED,rep_76071164,SALES_REP,2026-06-01 08:22:05.601026,{}
evt_9da9f5bb,quote_82536009,QUOTE_SENT,rep_76071164,SALES_REP,2026-06-01 13:22:05.601026,{}
evt_e724f9ab,quote_82536009,CUSTOMER_VIEWED,rep_76071164,SALES_REP,2026-06-03 13:22:05.601026,{}
evt_a060d376,quote_82536009,COUNTER_OFFER,rep_76071164,SALES_REP,2026-06-06 13:22:05.601026,{}
evt_ed3f6520,quote_82536009,QUOTE_REVISED,rep_76071164,SALES_REP,2026-06-07 13:22:05.601026,{}
evt_34af7553,quote_82536009,REJECTED,rep_76071164,SALES_REP,2026-06-13 13:22:05.601026,{}
evt_b0943184,quote_b6b0f373,QUOTE_CREATED,rep_f976f2b3,SALES_REP,2026-04-03 17:10:05.601026,{}
evt_e7a4f01e,quote_b6b0f373,PRODUCT_ADDED,rep_f976f2b3,SALES_REP,2026-04-03 17:33:05.601026,{}
evt_24ca83d7,quote_b6b0f373,DISCOUNT_APPLIED,rep_f976f2b3,SALES_REP,2026-04-03 18:26:05.601026,{}
evt_30c995c5,quote_b6b0f373,QUOTE_SENT,rep_f976f2b3,SALES_REP,2026-04-04 18:26:05.601026,{}
evt_110450d2,quote_b6b0f373,CUSTOMER_VIEWED,rep_f976f2b3,SALES_REP,2026-04-08 18:26:05.601026,{}
evt_898fd464,quote_b6b0f373,COUNTER_OFFER,rep_f976f2b3,SALES_REP,2026-04-09 18:26:05.601026,{}
evt_b13456af,quote_b6b0f373,QUOTE_REVISED,rep_f976f2b3,SALES_REP,2026-04-11 18:26:05.601026,{}
evt_719b0be9,quote_b6b0f373,ORDER_CONFIRMED,rep_f976f2b3,SALES_REP,2026-04-18 18:26:05.601026,{}
evt_fb90dfb3,quote_3b9ffe8b,QUOTE_CREATED,rep_e08a1589,SALES_REP,2026-03-19 22:10:05.601026,{}
evt_52b2418a,quote_3b9ffe8b,PRODUCT_ADDED,rep_e08a1589,SALES_REP,2026-03-19 22:53:05.601026,{}
evt_7ca2c030,quote_3b9ffe8b,DISCOUNT_APPLIED,rep_e08a1589,SALES_REP,2026-03-19 23:06:05.601026,{}
evt_d391b6ea,quote_3b9ffe8b,QUOTE_SENT,rep_e08a1589,SALES_REP,2026-03-20 08:06:05.601026,{}
evt_6484e8f1,quote_3b9ffe8b,CUSTOMER_VIEWED,rep_e08a1589,SALES_REP,2026-03-21 08:06:05.601026,{}
evt_80129a3b,quote_3b9ffe8b,ORDER_CONFIRMED,rep_e08a1589,SALES_REP,2026-03-28 08:06:05.601026,{}
evt_7d96af9e,quote_9cf222fa,QUOTE_CREATED,rep_221b7f39,SALES_REP,2025-11-26 14:10:05.601026,{}
evt_e2895e6e,quote_9cf222fa,PRODUCT_ADDED,rep_221b7f39,SALES_REP,2025-11-26 14:37:05.601026,{}
evt_3cf4800a,quote_9cf222fa,DISCOUNT_APPLIED,rep_221b7f39,SALES_REP,2025-11-26 14:43:05.601026,{}
evt_1478e67c,quote_9cf222fa,QUOTE_SENT,rep_221b7f39,SALES_REP,2025-11-27 04:43:05.601026,{}
evt_865f4d8b,quote_9cf222fa,CUSTOMER_VIEWED,rep_221b7f39,SALES_REP,2025-11-28 04:43:05.601026,{}
evt_27165e1f,quote_5ae1a61d,QUOTE_CREATED,rep_03d99ec4,SALES_REP,2025-10-16 17:10:05.601026,{}
evt_2f8c0085,quote_5ae1a61d,PRODUCT_ADDED,rep_03d99ec4,SALES_REP,2025-10-16 18:00:05.601026,{}
evt_7416e59c,quote_5ae1a61d,DISCOUNT_APPLIED,rep_03d99ec4,SALES_REP,2025-10-16 18:46:05.601026,{}
evt_af71627a,quote_5ae1a61d,QUOTE_SENT,rep_03d99ec4,SALES_REP,2025-10-17 05:46:05.601026,{}
evt_9ca227b8,quote_5ae1a61d,CUSTOMER_VIEWED,rep_03d99ec4,SALES_REP,2025-10-19 05:46:05.601026,{}
evt_87010d8a,quote_5ae1a61d,COUNTER_OFFER,rep_03d99ec4,SALES_REP,2025-10-21 05:46:05.601026,{}
evt_b4e36352,quote_5ae1a61d,QUOTE_REVISED,rep_03d99ec4,SALES_REP,2025-10-23 05:46:05.601026,{}
evt_8150c9c0,quote_d95c5c0b,QUOTE_CREATED,rep_71ed5975,SALES_REP,2026-04-23 01:10:05.601026,{}
evt_160a6fc1,quote_d95c5c0b,PRODUCT_ADDED,rep_71ed5975,SALES_REP,2026-04-23 01:24:05.601026,{}
evt_62330970,quote_d95c5c0b,DISCOUNT_APPLIED,rep_71ed5975,SALES_REP,2026-04-23 02:04:05.601026,{}
evt_0bf9a969,quote_d95c5c0b,QUOTE_SENT,rep_71ed5975,SALES_REP,2026-04-24 02:04:05.601026,{}
evt_2e2738b2,quote_d95c5c0b,CUSTOMER_VIEWED,rep_71ed5975,SALES_REP,2026-04-29 02:04:05.601026,{}
evt_592cc4ab,quote_d95c5c0b,APPROVAL_REQUESTED,rep_71ed5975,SALES_REP,2026-04-29 04:04:05.601026,{}
evt_385a427f,quote_d95c5c0b,REJECTED,rep_71ed5975,SALES_REP,2026-05-02 04:04:05.601026,{}
evt_efb1ff72,quote_bc5facd1,QUOTE_CREATED,rep_221b7f39,SALES_REP,2025-09-29 13:10:05.601026,{}
evt_839ce43a,quote_bc5facd1,PRODUCT_ADDED,rep_221b7f39,SALES_REP,2025-09-29 13:30:05.601026,{}
evt_aeb96c40,quote_bc5facd1,DISCOUNT_APPLIED,rep_221b7f39,SALES_REP,2025-09-29 14:20:05.601026,{}
evt_6d1f63db,quote_bc5facd1,QUOTE_SENT,rep_221b7f39,SALES_REP,2025-09-29 19:20:05.601026,{}
evt_7dc270c7,quote_bc5facd1,CUSTOMER_VIEWED,rep_221b7f39,SALES_REP,2025-10-02 19:20:05.601026,{}
evt_71b26be7,quote_bc5facd1,ORDER_CONFIRMED,rep_221b7f39,SALES_REP,2025-10-07 19:20:05.601026,{}
evt_931aa63a,quote_7b65001c,QUOTE_CREATED,rep_b548fdfc,SALES_REP,2025-10-09 22:10:05.601026,{}
evt_acfaa832,quote_7b65001c,PRODUCT_ADDED,rep_b548fdfc,SALES_REP,2025-10-09 23:02:05.601026,{}
evt_a92758f8,quote_7b65001c,DISCOUNT_APPLIED,rep_b548fdfc,SALES_REP,2025-10-09 23:08:05.601026,{}
evt_56dfb740,quote_7b65001c,QUOTE_SENT,rep_b548fdfc,SALES_REP,2025-10-10 11:08:05.601026,{}
evt_fd369114,quote_7b65001c,CUSTOMER_VIEWED,rep_b548fdfc,SALES_REP,2025-10-11 11:08:05.601026,{}
evt_3b083a0f,quote_7b65001c,ORDER_CONFIRMED,rep_b548fdfc,SALES_REP,2025-10-17 11:08:05.601026,{}
evt_263f7068,quote_2625d639,QUOTE_CREATED,rep_b548fdfc,SALES_REP,2026-06-11 16:10:05.601026,{}
evt_85f99b7e,quote_2625d639,PRODUCT_ADDED,rep_b548fdfc,SALES_REP,2026-06-11 16:45:05.601026,{}
evt_1055914f,quote_2625d639,DISCOUNT_APPLIED,rep_b548fdfc,SALES_REP,2026-06-11 17:30:05.601026,{}
evt_6a87f873,quote_2625d639,QUOTE_SENT,rep_b548fdfc,SALES_REP,2026-06-11 23:30:05.601026,{}
evt_375d84cd,quote_2625d639,CUSTOMER_VIEWED,rep_b548fdfc,SALES_REP,2026-06-13 23:30:05.601026,{}
evt_2e6bd98c,quote_2625d639,COUNTER_OFFER,rep_b548fdfc,SALES_REP,2026-06-15 23:30:05.601026,{}
evt_8f2a450a,quote_2625d639,QUOTE_REVISED,rep_b548fdfc,SALES_REP,2026-06-16 23:30:05.601026,{}
evt_0df23ffa,quote_2625d639,REJECTED,rep_b548fdfc,SALES_REP,2026-06-19 23:30:05.601026,{}
evt_26da99ca,quote_11948019,QUOTE_CREATED,rep_f976f2b3,SALES_REP,2025-12-16 07:10:05.601026,{}
evt_c9afa05e,quote_11948019,PRODUCT_ADDED,rep_f976f2b3,SALES_REP,2025-12-16 07:56:05.601026,{}
evt_d9c9250e,quote_11948019,DISCOUNT_APPLIED,rep_f976f2b3,SALES_REP,2025-12-16 08:22:05.601026,{}
evt_8307aca5,quote_11948019,QUOTE_SENT,rep_f976f2b3,SALES_REP,2025-12-16 17:22:05.601026,{}
evt_ba37bd7b,quote_11948019,CUSTOMER_VIEWED,rep_f976f2b3,SALES_REP,2025-12-17 17:22:05.601026,{}
evt_c24308b0,quote_11948019,REJECTED,rep_f976f2b3,SALES_REP,2025-12-21 17:22:05.601026,{}
evt_0d90527b,quote_e5f8d983,QUOTE_CREATED,rep_71ed5975,SALES_REP,2026-03-21 16:10:05.601026,{}
evt_6a67c6c4,quote_e5f8d983,PRODUCT_ADDED,rep_71ed5975,SALES_REP,2026-03-21 17:06:05.601026,{}
evt_70a8e873,quote_e5f8d983,DISCOUNT_APPLIED,rep_71ed5975,SALES_REP,2026-03-21 17:44:05.601026,{}
evt_3c27a5e7,quote_e5f8d983,QUOTE_SENT,rep_71ed5975,SALES_REP,2026-03-22 02:44:05.601026,{}
evt_3af895a7,quote_e5f8d983,CUSTOMER_VIEWED,rep_71ed5975,SALES_REP,2026-03-23 02:44:05.601026,{}
evt_f11a24f5,quote_e5f8d983,REJECTED,rep_71ed5975,SALES_REP,2026-03-24 02:44:05.601026,{}
evt_a0d14568,quote_22182e12,QUOTE_CREATED,rep_d5902688,SALES_REP,2025-12-06 23:10:05.601026,{}
evt_a14745fa,quote_22182e12,PRODUCT_ADDED,rep_d5902688,SALES_REP,2025-12-06 23:43:05.601026,{}
evt_5534bc35,quote_22182e12,DISCOUNT_APPLIED,rep_d5902688,SALES_REP,2025-12-06 23:50:05.601026,{}
evt_14cd337d,quote_22182e12,QUOTE_SENT,rep_d5902688,SALES_REP,2025-12-07 23:50:05.601026,{}
evt_57c089ac,quote_22182e12,CUSTOMER_VIEWED,rep_d5902688,SALES_REP,2025-12-10 23:50:05.601026,{}
evt_e7a39ca3,quote_22182e12,REJECTED,rep_d5902688,SALES_REP,2025-12-14 23:50:05.601026,{}
evt_270e8d79,quote_e83532cb,QUOTE_CREATED,rep_f976f2b3,SALES_REP,2025-10-14 03:10:05.601026,{}
evt_f7211a46,quote_e83532cb,PRODUCT_ADDED,rep_f976f2b3,SALES_REP,2025-10-14 04:09:05.601026,{}
evt_20eacf44,quote_e83532cb,DISCOUNT_APPLIED,rep_f976f2b3,SALES_REP,2025-10-14 04:52:05.601026,{}
evt_dd386a06,quote_e83532cb,QUOTE_SENT,rep_f976f2b3,SALES_REP,2025-10-15 02:52:05.601026,{}
evt_1503d5c8,quote_e83532cb,CUSTOMER_VIEWED,rep_f976f2b3,SALES_REP,2025-10-19 02:52:05.601026,{}
evt_9f163e82,quote_e83532cb,COUNTER_OFFER,rep_f976f2b3,SALES_REP,2025-10-20 02:52:05.601026,{}
evt_de5ea584,quote_e83532cb,QUOTE_REVISED,rep_f976f2b3,SALES_REP,2025-10-21 02:52:05.601026,{}
evt_5232b757,quote_e83532cb,REJECTED,rep_f976f2b3,SALES_REP,2025-10-28 02:52:05.601026,{}
evt_5c69090b,quote_56b343f5,QUOTE_CREATED,rep_b548fdfc,SALES_REP,2026-03-09 18:10:05.601026,{}
evt_51df9fe0,quote_56b343f5,PRODUCT_ADDED,rep_b548fdfc,SALES_REP,2026-03-09 18:38:05.601026,{}
evt_23f2575e,quote_56b343f5,DISCOUNT_APPLIED,rep_b548fdfc,SALES_REP,2026-03-09 19:08:05.601026,{}
evt_7dbce212,quote_56b343f5,QUOTE_SENT,rep_b548fdfc,SALES_REP,2026-03-10 06:08:05.601026,{}
evt_150d6885,quote_56b343f5,CUSTOMER_VIEWED,rep_b548fdfc,SALES_REP,2026-03-13 06:08:05.601026,{}
evt_c795b730,quote_56b343f5,COUNTER_OFFER,rep_b548fdfc,SALES_REP,2026-03-14 06:08:05.601026,{}
evt_473b3e52,quote_56b343f5,QUOTE_REVISED,rep_b548fdfc,SALES_REP,2026-03-15 06:08:05.601026,{}
evt_4ac6c387,quote_56b343f5,REJECTED,rep_b548fdfc,SALES_REP,2026-03-21 06:08:05.601026,{}
evt_0d13fe4d,quote_dea2d4d9,QUOTE_CREATED,rep_71ed5975,SALES_REP,2026-05-28 18:10:05.601026,{}
evt_c02c748f,quote_dea2d4d9,PRODUCT_ADDED,rep_71ed5975,SALES_REP,2026-05-28 18:31:05.601026,{}
evt_7e15683e,quote_dea2d4d9,DISCOUNT_APPLIED,rep_71ed5975,SALES_REP,2026-05-28 19:21:05.601026,{}
evt_e0306d37,quote_dea2d4d9,QUOTE_SENT,rep_71ed5975,SALES_REP,2026-05-29 10:21:05.601026,{}
evt_9eb4f6c3,quote_dea2d4d9,CUSTOMER_VIEWED,rep_71ed5975,SALES_REP,2026-05-31 10:21:05.601026,{}
evt_dc50b8f8,quote_ecd73996,QUOTE_CREATED,rep_71ed5975,SALES_REP,2025-12-16 09:10:05.601026,{}
evt_9d3ca923,quote_ecd73996,PRODUCT_ADDED,rep_71ed5975,SALES_REP,2025-12-16 10:00:05.601026,{}
evt_95c37753,quote_ecd73996,DISCOUNT_APPLIED,rep_71ed5975,SALES_REP,2025-12-16 10:33:05.601026,{}
evt_482dc3b2,quote_ecd73996,QUOTE_SENT,rep_71ed5975,SALES_REP,2025-12-16 13:33:05.601026,{}
evt_b184c47f,quote_ecd73996,CUSTOMER_VIEWED,rep_71ed5975,SALES_REP,2025-12-19 13:33:05.601026,{}
evt_28b395dc,quote_ecd73996,ORDER_CONFIRMED,rep_71ed5975,SALES_REP,2025-12-25 13:33:05.601026,{}
evt_11a4794c,quote_6f5d5c09,QUOTE_CREATED,rep_4fd63151,SALES_REP,2026-03-09 22:10:05.601026,{}
evt_0f2676ed,quote_6f5d5c09,PRODUCT_ADDED,rep_4fd63151,SALES_REP,2026-03-09 23:05:05.601026,{}
evt_84351e06,quote_6f5d5c09,DISCOUNT_APPLIED,rep_4fd63151,SALES_REP,2026-03-09 23:41:05.601026,{}
evt_abc068a9,quote_6f5d5c09,QUOTE_SENT,rep_4fd63151,SALES_REP,2026-03-10 00:41:05.601026,{}
evt_d2fdb6b3,quote_6f5d5c09,CUSTOMER_VIEWED,rep_4fd63151,SALES_REP,2026-03-13 00:41:05.601026,{}
evt_14026a05,quote_6f5d5c09,ORDER_CONFIRMED,rep_4fd63151,SALES_REP,2026-03-16 00:41:05.601026,{}
evt_5c67e739,quote_f03eda0d,QUOTE_CREATED,rep_03d99ec4,SALES_REP,2026-05-08 22:10:05.601026,{}
evt_c41798c8,quote_f03eda0d,PRODUCT_ADDED,rep_03d99ec4,SALES_REP,2026-05-08 22:23:05.601026,{}
evt_49d01dfd,quote_f03eda0d,DISCOUNT_APPLIED,rep_03d99ec4,SALES_REP,2026-05-08 22:48:05.601026,{}
evt_6aa2111c,quote_f03eda0d,QUOTE_SENT,rep_03d99ec4,SALES_REP,2026-05-09 19:48:05.601026,{}
evt_bf8dcf89,quote_f03eda0d,CUSTOMER_VIEWED,rep_03d99ec4,SALES_REP,2026-05-10 19:48:05.601026,{}
evt_2c8a9086,quote_f03eda0d,REJECTED,rep_03d99ec4,SALES_REP,2026-05-16 19:48:05.601026,{}
evt_a4028d28,quote_10ac180a,QUOTE_CREATED,rep_b548fdfc,SALES_REP,2025-11-09 23:10:05.601026,{}
evt_9e02b14b,quote_10ac180a,PRODUCT_ADDED,rep_b548fdfc,SALES_REP,2025-11-09 23:47:05.601026,{}
evt_774fd050,quote_10ac180a,DISCOUNT_APPLIED,rep_b548fdfc,SALES_REP,2025-11-10 00:47:05.601026,{}
evt_920dc128,quote_10ac180a,QUOTE_SENT,rep_b548fdfc,SALES_REP,2025-11-10 02:47:05.601026,{}
evt_020a114f,quote_10ac180a,CUSTOMER_VIEWED,rep_b548fdfc,SALES_REP,2025-11-11 02:47:05.601026,{}
evt_34f16ab4,quote_10ac180a,REJECTED,rep_b548fdfc,SALES_REP,2025-11-14 02:47:05.601026,{}
evt_a9f02349,quote_717c58ea,QUOTE_CREATED,rep_4fd63151,SALES_REP,2026-02-18 04:10:05.601026,{}
evt_f048dfb8,quote_717c58ea,PRODUCT_ADDED,rep_4fd63151,SALES_REP,2026-02-18 04:20:05.601026,{}
evt_17e9c045,quote_717c58ea,DISCOUNT_APPLIED,rep_4fd63151,SALES_REP,2026-02-18 04:41:05.601026,{}
evt_65789940,quote_717c58ea,QUOTE_SENT,rep_4fd63151,SALES_REP,2026-02-18 11:41:05.601026,{}
evt_9aad74af,quote_717c58ea,CUSTOMER_VIEWED,rep_4fd63151,SALES_REP,2026-02-23 11:41:05.601026,{}
evt_9e902e8b,quote_717c58ea,COUNTER_OFFER,rep_4fd63151,SALES_REP,2026-02-26 11:41:05.601026,{}
evt_573f3041,quote_717c58ea,QUOTE_REVISED,rep_4fd63151,SALES_REP,2026-02-28 11:41:05.601026,{}
evt_1996633d,quote_717c58ea,ORDER_CONFIRMED,rep_4fd63151,SALES_REP,2026-03-05 11:41:05.601026,{}
evt_cf44cce6,quote_5ff3cb2e,QUOTE_CREATED,rep_d5902688,SALES_REP,2026-07-11 16:10:05.601026,{}
evt_cb3285f4,quote_5ff3cb2e,PRODUCT_ADDED,rep_d5902688,SALES_REP,2026-07-11 17:10:05.601026,{}
evt_dbc259e8,quote_5ff3cb2e,DISCOUNT_APPLIED,rep_d5902688,SALES_REP,2026-07-11 17:16:05.601026,{}
evt_b184e57c,quote_5ff3cb2e,QUOTE_SENT,rep_d5902688,SALES_REP,2026-07-11 20:16:05.601026,{}
evt_f1725bfa,quote_5ff3cb2e,CUSTOMER_VIEWED,rep_d5902688,SALES_REP,2026-07-12 20:16:05.601026,{}
evt_73b52671,quote_5ff3cb2e,ORDER_CONFIRMED,rep_d5902688,SALES_REP,2026-07-19 20:16:05.601026,{}
evt_d515e11a,quote_b14fb616,QUOTE_CREATED,rep_76071164,SALES_REP,2026-02-01 02:10:05.601026,{}
evt_80b5449c,quote_b14fb616,PRODUCT_ADDED,rep_76071164,SALES_REP,2026-02-01 03:06:05.601026,{}
evt_11dd4c66,quote_b14fb616,DISCOUNT_APPLIED,rep_76071164,SALES_REP,2026-02-01 03:54:05.601026,{}
evt_271efae0,quote_b14fb616,QUOTE_SENT,rep_76071164,SALES_REP,2026-02-01 16:54:05.601026,{}
evt_02fd0f76,quote_b14fb616,CUSTOMER_VIEWED,rep_76071164,SALES_REP,2026-02-04 16:54:05.601026,{}
evt_7688d219,quote_b14fb616,ORDER_CONFIRMED,rep_76071164,SALES_REP,2026-02-10 16:54:05.601026,{}
evt_9b882385,quote_3af2491b,QUOTE_CREATED,rep_b548fdfc,SALES_REP,2026-07-12 10:10:05.601026,{}
evt_dbf5795d,quote_3af2491b,PRODUCT_ADDED,rep_b548fdfc,SALES_REP,2026-07-12 11:10:05.601026,{}
evt_97d7bf2d,quote_3af2491b,DISCOUNT_APPLIED,rep_b548fdfc,SALES_REP,2026-07-12 11:37:05.601026,{}
evt_8fe5c8ef,quote_3af2491b,QUOTE_SENT,rep_b548fdfc,SALES_REP,2026-07-13 00:37:05.601026,{}
evt_173365b8,quote_3af2491b,CUSTOMER_VIEWED,rep_b548fdfc,SALES_REP,2026-07-15 00:37:05.601026,{}
evt_50160e09,quote_3af2491b,REJECTED,rep_b548fdfc,SALES_REP,2026-07-20 00:37:05.601026,{}
evt_de481b49,quote_ce536a4d,QUOTE_CREATED,rep_221b7f39,SALES_REP,2026-02-15 13:10:05.601026,{}
evt_301414c2,quote_ce536a4d,PRODUCT_ADDED,rep_221b7f39,SALES_REP,2026-02-15 13:24:05.601026,{}
evt_3eaf9d2b,quote_ce536a4d,DISCOUNT_APPLIED,rep_221b7f39,SALES_REP,2026-02-15 13:35:05.601026,{}
evt_3d95649b,quote_ce536a4d,QUOTE_SENT,rep_221b7f39,SALES_REP,2026-02-15 15:35:05.601026,{}
evt_4b9d2417,quote_ce536a4d,CUSTOMER_VIEWED,rep_221b7f39,SALES_REP,2026-02-18 15:35:05.601026,{}
evt_f5e988a4,quote_ce536a4d,REJECTED,rep_221b7f39,SALES_REP,2026-02-25 15:35:05.601026,{}
evt_cff8ce32,quote_0f315245,QUOTE_CREATED,rep_03d99ec4,SALES_REP,2026-01-10 11:10:05.601026,{}
evt_d33928d5,quote_0f315245,PRODUCT_ADDED,rep_03d99ec4,SALES_REP,2026-01-10 12:03:05.601026,{}
evt_ac00d960,quote_0f315245,DISCOUNT_APPLIED,rep_03d99ec4,SALES_REP,2026-01-10 12:18:05.601026,{}
evt_ea184e0d,quote_0f315245,QUOTE_SENT,rep_03d99ec4,SALES_REP,2026-01-11 04:18:05.601026,{}
evt_68ea5ea1,quote_0f315245,CUSTOMER_VIEWED,rep_03d99ec4,SALES_REP,2026-01-16 04:18:05.601026,{}
evt_19f01df0,quote_0f315245,ORDER_CONFIRMED,rep_03d99ec4,SALES_REP,2026-01-19 04:18:05.601026,{}
evt_ee8698b1,quote_f7b6eaf2,QUOTE_CREATED,rep_26645e7c,SALES_REP,2025-12-25 00:10:05.601026,{}
evt_13505116,quote_f7b6eaf2,PRODUCT_ADDED,rep_26645e7c,SALES_REP,2025-12-25 00:23:05.601026,{}
evt_3dc14f44,quote_f7b6eaf2,DISCOUNT_APPLIED,rep_26645e7c,SALES_REP,2025-12-25 00:44:05.601026,{}
evt_f48e3611,quote_f7b6eaf2,QUOTE_SENT,rep_26645e7c,SALES_REP,2025-12-26 00:44:05.601026,{}
evt_dbd56953,quote_f7b6eaf2,CUSTOMER_VIEWED,rep_26645e7c,SALES_REP,2025-12-29 00:44:05.601026,{}
evt_b915bb75,quote_f7b6eaf2,REJECTED,rep_26645e7c,SALES_REP,2026-01-01 00:44:05.601026,{}
evt_605b65a9,quote_63b1765b,QUOTE_CREATED,rep_03d99ec4,SALES_REP,2025-10-02 00:10:05.601026,{}
evt_2b0adcab,quote_63b1765b,PRODUCT_ADDED,rep_03d99ec4,SALES_REP,2025-10-02 00:54:05.601026,{}
evt_317b8ace,quote_63b1765b,DISCOUNT_APPLIED,rep_03d99ec4,SALES_REP,2025-10-02 01:42:05.601026,{}
evt_cf76d40a,quote_63b1765b,QUOTE_SENT,rep_03d99ec4,SALES_REP,2025-10-02 21:42:05.601026,{}
evt_f2deb1aa,quote_63b1765b,CUSTOMER_VIEWED,rep_03d99ec4,SALES_REP,2025-10-03 21:42:05.601026,{}
evt_f057551b,quote_63b1765b,COUNTER_OFFER,rep_03d99ec4,SALES_REP,2025-10-04 21:42:05.601026,{}
evt_696fee56,quote_63b1765b,QUOTE_REVISED,rep_03d99ec4,SALES_REP,2025-10-06 21:42:05.601026,{}
evt_59a3f82c,quote_47e9f4ea,QUOTE_CREATED,rep_76071164,SALES_REP,2026-03-11 10:10:05.601026,{}
evt_edffb4fa,quote_47e9f4ea,PRODUCT_ADDED,rep_76071164,SALES_REP,2026-03-11 10:44:05.601026,{}
evt_9f383022,quote_47e9f4ea,DISCOUNT_APPLIED,rep_76071164,SALES_REP,2026-03-11 10:58:05.601026,{}
evt_818e377b,quote_47e9f4ea,QUOTE_SENT,rep_76071164,SALES_REP,2026-03-12 06:58:05.601026,{}
evt_e0d56617,quote_47e9f4ea,CUSTOMER_VIEWED,rep_76071164,SALES_REP,2026-03-17 06:58:05.601026,{}
evt_b7c68aef,quote_47e9f4ea,COUNTER_OFFER,rep_76071164,SALES_REP,2026-03-20 06:58:05.601026,{}
evt_6d028511,quote_47e9f4ea,QUOTE_REVISED,rep_76071164,SALES_REP,2026-03-22 06:58:05.601026,{}
evt_b0e37c4d,quote_47e9f4ea,ORDER_CONFIRMED,rep_76071164,SALES_REP,2026-03-24 06:58:05.601026,{}
evt_a39398d4,quote_b41f74fd,QUOTE_CREATED,rep_76071164,SALES_REP,2026-06-04 21:10:05.601026,{}
evt_6bbba620,quote_b41f74fd,PRODUCT_ADDED,rep_76071164,SALES_REP,2026-06-04 21:34:05.601026,{}
evt_f5668753,quote_b41f74fd,DISCOUNT_APPLIED,rep_76071164,SALES_REP,2026-06-04 22:29:05.601026,{}
evt_dbfd05d6,quote_b41f74fd,QUOTE_SENT,rep_76071164,SALES_REP,2026-06-05 22:29:05.601026,{}
evt_4dd52ca6,quote_b41f74fd,CUSTOMER_VIEWED,rep_76071164,SALES_REP,2026-06-06 22:29:05.601026,{}
evt_eab4851d,quote_b41f74fd,ORDER_CONFIRMED,rep_76071164,SALES_REP,2026-06-09 22:29:05.601026,{}
evt_ebcc399f,quote_de95be28,QUOTE_CREATED,rep_26645e7c,SALES_REP,2025-09-22 00:10:05.601026,{}
evt_437cedbd,quote_de95be28,PRODUCT_ADDED,rep_26645e7c,SALES_REP,2025-09-22 00:43:05.601026,{}
evt_0059592e,quote_de95be28,DISCOUNT_APPLIED,rep_26645e7c,SALES_REP,2025-09-22 01:08:05.601026,{}
evt_74a4fd07,quote_de95be28,QUOTE_SENT,rep_26645e7c,SALES_REP,2025-09-22 15:08:05.601026,{}
evt_95ac0967,quote_de95be28,CUSTOMER_VIEWED,rep_26645e7c,SALES_REP,2025-09-24 15:08:05.601026,{}
evt_8c985384,quote_de95be28,ORDER_CONFIRMED,rep_26645e7c,SALES_REP,2025-09-26 15:08:05.601026,{}
evt_0dac1adb,quote_e50ca031,QUOTE_CREATED,rep_4fd63151,SALES_REP,2026-05-28 12:10:05.601026,{}
evt_e7da874d,quote_e50ca031,PRODUCT_ADDED,rep_4fd63151,SALES_REP,2026-05-28 12:39:05.601026,{}
evt_7a726b53,quote_e50ca031,DISCOUNT_APPLIED,rep_4fd63151,SALES_REP,2026-05-28 13:04:05.601026,{}
evt_f293ab46,quote_e50ca031,QUOTE_SENT,rep_4fd63151,SALES_REP,2026-05-28 19:04:05.601026,{}
evt_7aa087b5,quote_e50ca031,CUSTOMER_VIEWED,rep_4fd63151,SALES_REP,2026-06-01 19:04:05.601026,{}
evt_56b78a6a,quote_e50ca031,REJECTED,rep_4fd63151,SALES_REP,2026-06-04 19:04:05.601026,{}
evt_7beaadce,quote_c7a78ae6,QUOTE_CREATED,rep_b548fdfc,SALES_REP,2026-08-18 05:10:05.601026,{}
evt_2051119c,quote_c7a78ae6,PRODUCT_ADDED,rep_b548fdfc,SALES_REP,2026-08-18 05:45:05.601026,{}
evt_bc29ee7d,quote_c7a78ae6,DISCOUNT_APPLIED,rep_b548fdfc,SALES_REP,2026-08-18 06:02:05.601026,{}
evt_bd9bf79f,quote_c7a78ae6,QUOTE_SENT,rep_b548fdfc,SALES_REP,2026-08-18 14:02:05.601026,{}
evt_65538d33,quote_c7a78ae6,CUSTOMER_VIEWED,rep_b548fdfc,SALES_REP,2026-08-21 14:02:05.601026,{}
evt_686264d3,quote_c7a78ae6,REJECTED,rep_b548fdfc,SALES_REP,2026-08-23 14:02:05.601026,{}
evt_20c544e7,quote_3dfa373d,QUOTE_CREATED,rep_e08a1589,SALES_REP,2025-12-21 04:10:05.601026,{}
evt_68c3133a,quote_3dfa373d,PRODUCT_ADDED,rep_e08a1589,SALES_REP,2025-12-21 04:50:05.601026,{}
evt_337a16f4,quote_3dfa373d,DISCOUNT_APPLIED,rep_e08a1589,SALES_REP,2025-12-21 05:45:05.601026,{}
evt_9b304930,quote_3dfa373d,QUOTE_SENT,rep_e08a1589,SALES_REP,2025-12-22 05:45:05.601026,{}
evt_37642c43,quote_3dfa373d,CUSTOMER_VIEWED,rep_e08a1589,SALES_REP,2025-12-25 05:45:05.601026,{}
evt_d70475cf,quote_3dfa373d,COUNTER_OFFER,rep_e08a1589,SALES_REP,2025-12-28 05:45:05.601026,{}
evt_6051d6fa,quote_3dfa373d,QUOTE_REVISED,rep_e08a1589,SALES_REP,2025-12-30 05:45:05.601026,{}
evt_7881bfb1,quote_3dfa373d,REJECTED,rep_e08a1589,SALES_REP,2026-01-03 05:45:05.601026,{}
evt_eea92195,quote_4c48de45,QUOTE_CREATED,rep_4fd63151,SALES_REP,2026-01-31 07:10:05.601026,{}
evt_f1bdd8a4,quote_4c48de45,PRODUCT_ADDED,rep_4fd63151,SALES_REP,2026-01-31 07:43:05.601026,{}
evt_0bba4513,quote_4c48de45,DISCOUNT_APPLIED,rep_4fd63151,SALES_REP,2026-01-31 08:29:05.601026,{}
evt_bd47ea1d,quote_4c48de45,QUOTE_SENT,rep_4fd63151,SALES_REP,2026-01-31 17:29:05.601026,{}
evt_3011ebe8,quote_4c48de45,CUSTOMER_VIEWED,rep_4fd63151,SALES_REP,2026-02-04 17:29:05.601026,{}
evt_21be47a2,quote_4c48de45,COUNTER_OFFER,rep_4fd63151,SALES_REP,2026-02-07 17:29:05.601026,{}
evt_8bcb818c,quote_4c48de45,QUOTE_REVISED,rep_4fd63151,SALES_REP,2026-02-09 17:29:05.601026,{}
evt_84a47314,quote_4c48de45,REJECTED,rep_4fd63151,SALES_REP,2026-02-14 17:29:05.601026,{}
evt_bf026d48,quote_6231e6e2,QUOTE_CREATED,rep_e08a1589,SALES_REP,2025-11-14 09:10:05.601026,{}
evt_7e51b6ad,quote_6231e6e2,PRODUCT_ADDED,rep_e08a1589,SALES_REP,2025-11-14 09:18:05.601026,{}
evt_c5c8fd91,quote_6231e6e2,DISCOUNT_APPLIED,rep_e08a1589,SALES_REP,2025-11-14 10:05:05.601026,{}
evt_9bf09ec9,quote_6231e6e2,QUOTE_SENT,rep_e08a1589,SALES_REP,2025-11-15 03:05:05.601026,{}
evt_c1265566,quote_6231e6e2,CUSTOMER_VIEWED,rep_e08a1589,SALES_REP,2025-11-17 03:05:05.601026,{}
evt_969a9bfb,quote_6231e6e2,REJECTED,rep_e08a1589,SALES_REP,2025-11-18 03:05:05.601026,{}
evt_86cb56cf,quote_a9de3004,QUOTE_CREATED,rep_03d99ec4,SALES_REP,2026-02-22 04:10:05.601026,{}
evt_17864ed2,quote_a9de3004,PRODUCT_ADDED,rep_03d99ec4,SALES_REP,2026-02-22 05:03:05.601026,{}
evt_3c2463c6,quote_a9de3004,DISCOUNT_APPLIED,rep_03d99ec4,SALES_REP,2026-02-22 05:26:05.601026,{}
evt_64e4e5a5,quote_a9de3004,QUOTE_SENT,rep_03d99ec4,SALES_REP,2026-02-22 16:26:05.601026,{}
evt_2d6fee03,quote_a9de3004,CUSTOMER_VIEWED,rep_03d99ec4,SALES_REP,2026-02-25 16:26:05.601026,{}
evt_e9962af0,quote_a9de3004,ORDER_CONFIRMED,rep_03d99ec4,SALES_REP,2026-03-04 16:26:05.601026,{}
evt_446ec4b1,quote_66398fbb,QUOTE_CREATED,rep_03d99ec4,SALES_REP,2025-12-04 07:10:05.601026,{}
evt_dc8579a6,quote_66398fbb,PRODUCT_ADDED,rep_03d99ec4,SALES_REP,2025-12-04 07:33:05.601026,{}
evt_ab744bf6,quote_66398fbb,DISCOUNT_APPLIED,rep_03d99ec4,SALES_REP,2025-12-04 08:07:05.601026,{}
evt_2a70a590,quote_66398fbb,QUOTE_SENT,rep_03d99ec4,SALES_REP,2025-12-05 05:07:05.601026,{}
evt_9080d156,quote_66398fbb,CUSTOMER_VIEWED,rep_03d99ec4,SALES_REP,2025-12-10 05:07:05.601026,{}
evt_26889f98,quote_66398fbb,REJECTED,rep_03d99ec4,SALES_REP,2025-12-12 05:07:05.601026,{}
evt_46695079,quote_6fffde49,QUOTE_CREATED,rep_71ed5975,SALES_REP,2026-01-22 12:10:05.601026,{}
evt_a8188075,quote_6fffde49,PRODUCT_ADDED,rep_71ed5975,SALES_REP,2026-01-22 12:44:05.601026,{}
evt_60289250,quote_6fffde49,DISCOUNT_APPLIED,rep_71ed5975,SALES_REP,2026-01-22 13:30:05.601026,{}
evt_f77ff5b5,quote_6fffde49,QUOTE_SENT,rep_71ed5975,SALES_REP,2026-01-22 22:30:05.601026,{}
evt_66ba843c,quote_6fffde49,CUSTOMER_VIEWED,rep_71ed5975,SALES_REP,2026-01-24 22:30:05.601026,{}
evt_02599226,quote_6fffde49,COUNTER_OFFER,rep_71ed5975,SALES_REP,2026-01-26 22:30:05.601026,{}
evt_768a5c82,quote_6fffde49,QUOTE_REVISED,rep_71ed5975,SALES_REP,2026-01-28 22:30:05.601026,{}
evt_266d1be0,quote_6fffde49,ORDER_CONFIRMED,rep_71ed5975,SALES_REP,2026-02-02 22:30:05.601026,{}
evt_73155085,quote_a676ed84,QUOTE_CREATED,rep_76071164,SALES_REP,2026-02-19 08:10:05.601026,{}
evt_13bc7525,quote_a676ed84,PRODUCT_ADDED,rep_76071164,SALES_REP,2026-02-19 08:31:05.601026,{}
evt_dc88d043,quote_a676ed84,DISCOUNT_APPLIED,rep_76071164,SALES_REP,2026-02-19 09:00:05.601026,{}
evt_69a32bf8,quote_a676ed84,QUOTE_SENT,rep_76071164,SALES_REP,2026-02-19 17:00:05.601026,{}
evt_10118e09,quote_a676ed84,CUSTOMER_VIEWED,rep_76071164,SALES_REP,2026-02-23 17:00:05.601026,{}
evt_e273e01f,quote_a676ed84,ORDER_CONFIRMED,rep_76071164,SALES_REP,2026-02-26 17:00:05.601026,{}
evt_ef77fb90,quote_354f642f,QUOTE_CREATED,rep_b548fdfc,SALES_REP,2026-01-03 07:10:05.601026,{}
evt_0680e1c3,quote_354f642f,PRODUCT_ADDED,rep_b548fdfc,SALES_REP,2026-01-03 07:38:05.601026,{}
evt_5a438cea,quote_354f642f,DISCOUNT_APPLIED,rep_b548fdfc,SALES_REP,2026-01-03 08:22:05.601026,{}
evt_76a821bc,quote_354f642f,QUOTE_SENT,rep_b548fdfc,SALES_REP,2026-01-03 16:22:05.601026,{}
evt_3b7ee555,quote_354f642f,CUSTOMER_VIEWED,rep_b548fdfc,SALES_REP,2026-01-05 16:22:05.601026,{}
evt_3d8cdb7d,quote_354f642f,REJECTED,rep_b548fdfc,SALES_REP,2026-01-09 16:22:05.601026,{}
evt_8721f117,quote_f96817df,QUOTE_CREATED,rep_71ed5975,SALES_REP,2026-07-12 17:10:05.601026,{}
evt_2f5e846d,quote_f96817df,PRODUCT_ADDED,rep_71ed5975,SALES_REP,2026-07-12 17:49:05.601026,{}
evt_449a8ad5,quote_f96817df,DISCOUNT_APPLIED,rep_71ed5975,SALES_REP,2026-07-12 18:45:05.601026,{}
evt_aacd34c9,quote_f96817df,QUOTE_SENT,rep_71ed5975,SALES_REP,2026-07-13 16:45:05.601026,{}
evt_ce579ee5,quote_f96817df,CUSTOMER_VIEWED,rep_71ed5975,SALES_REP,2026-07-15 16:45:05.601026,{}
evt_57baf984,quote_6b77b66a,QUOTE_CREATED,rep_d5902688,SALES_REP,2025-10-16 22:10:05.601026,{}
evt_b8d9dba4,quote_6b77b66a,PRODUCT_ADDED,rep_d5902688,SALES_REP,2025-10-16 22:51:05.601026,{}
evt_5d4d9ade,quote_6b77b66a,DISCOUNT_APPLIED,rep_d5902688,SALES_REP,2025-10-16 23:03:05.601026,{}
evt_43e87107,quote_6b77b66a,QUOTE_SENT,rep_d5902688,SALES_REP,2025-10-17 01:03:05.601026,{}
evt_f372ad17,quote_6b77b66a,CUSTOMER_VIEWED,rep_d5902688,SALES_REP,2025-10-22 01:03:05.601026,{}
evt_22a8953b,quote_6b77b66a,ORDER_CONFIRMED,rep_d5902688,SALES_REP,2025-10-24 01:03:05.601026,{}
evt_4f01a9bc,quote_ace6fcac,QUOTE_CREATED,rep_26645e7c,SALES_REP,2026-06-30 21:10:05.601026,{}
evt_3746a84c,quote_ace6fcac,PRODUCT_ADDED,rep_26645e7c,SALES_REP,2026-06-30 21:51:05.601026,{}
evt_19e4e6c3,quote_ace6fcac,DISCOUNT_APPLIED,rep_26645e7c,SALES_REP,2026-06-30 21:59:05.601026,{}
evt_8aa319cc,quote_ace6fcac,QUOTE_SENT,rep_26645e7c,SALES_REP,2026-07-01 15:59:05.601026,{}
evt_49073d99,quote_ace6fcac,CUSTOMER_VIEWED,rep_26645e7c,SALES_REP,2026-07-05 15:59:05.601026,{}
evt_104e9b92,quote_ace6fcac,REJECTED,rep_26645e7c,SALES_REP,2026-07-08 15:59:05.601026,{}
evt_9310161b,quote_f08db9a6,QUOTE_CREATED,rep_f976f2b3,SALES_REP,2026-03-26 14:10:05.601026,{}
evt_02984a5a,quote_f08db9a6,PRODUCT_ADDED,rep_f976f2b3,SALES_REP,2026-03-26 14:19:05.601026,{}
evt_51adcf7b,quote_f08db9a6,DISCOUNT_APPLIED,rep_f976f2b3,SALES_REP,2026-03-26 14:54:05.601026,{}
evt_f4635cf1,quote_f08db9a6,QUOTE_SENT,rep_f976f2b3,SALES_REP,2026-03-26 16:54:05.601026,{}
evt_b1f3a147,quote_f08db9a6,CUSTOMER_VIEWED,rep_f976f2b3,SALES_REP,2026-03-29 16:54:05.601026,{}
evt_37537ce6,quote_f08db9a6,ORDER_CONFIRMED,rep_f976f2b3,SALES_REP,2026-04-05 16:54:05.601026,{}
evt_5ddb8d0c,quote_404bcd1a,QUOTE_CREATED,rep_03d99ec4,SALES_REP,2025-10-17 03:10:05.601026,{}
evt_1c434ae3,quote_404bcd1a,PRODUCT_ADDED,rep_03d99ec4,SALES_REP,2025-10-17 04:10:05.601026,{}
evt_61e6a049,quote_404bcd1a,DISCOUNT_APPLIED,rep_03d99ec4,SALES_REP,2025-10-17 04:37:05.601026,{}
evt_b0e0698d,quote_404bcd1a,QUOTE_SENT,rep_03d99ec4,SALES_REP,2025-10-17 08:37:05.601026,{}
evt_6f14a877,quote_404bcd1a,CUSTOMER_VIEWED,rep_03d99ec4,SALES_REP,2025-10-19 08:37:05.601026,{}
evt_a320f555,quote_404bcd1a,REJECTED,rep_03d99ec4,SALES_REP,2025-10-23 08:37:05.601026,{}
evt_871c145d,quote_d890ccf9,QUOTE_CREATED,rep_4fd63151,SALES_REP,2025-12-28 06:10:05.601026,{}
evt_0619a1b9,quote_d890ccf9,PRODUCT_ADDED,rep_4fd63151,SALES_REP,2025-12-28 06:44:05.601026,{}
evt_89c508be,quote_d890ccf9,DISCOUNT_APPLIED,rep_4fd63151,SALES_REP,2025-12-28 07:11:05.601026,{}
evt_8a1567f0,quote_d890ccf9,QUOTE_SENT,rep_4fd63151,SALES_REP,2025-12-28 12:11:05.601026,{}
evt_101a4231,quote_d890ccf9,CUSTOMER_VIEWED,rep_4fd63151,SALES_REP,2025-12-31 12:11:05.601026,{}
evt_880ec098,quote_d890ccf9,COUNTER_OFFER,rep_4fd63151,SALES_REP,2026-01-03 12:11:05.601026,{}
evt_a1bf6c3c,quote_d890ccf9,QUOTE_REVISED,rep_4fd63151,SALES_REP,2026-01-04 12:11:05.601026,{}
evt_cb2c78be,quote_4d9abd5c,QUOTE_CREATED,rep_03d99ec4,SALES_REP,2026-07-16 06:10:05.601026,{}
evt_c5feee46,quote_4d9abd5c,PRODUCT_ADDED,rep_03d99ec4,SALES_REP,2026-07-16 06:17:05.601026,{}
evt_55e3cb02,quote_4d9abd5c,DISCOUNT_APPLIED,rep_03d99ec4,SALES_REP,2026-07-16 06:50:05.601026,{}
evt_c2994167,quote_4d9abd5c,QUOTE_SENT,rep_03d99ec4,SALES_REP,2026-07-17 02:50:05.601026,{}
evt_4744d809,quote_4d9abd5c,CUSTOMER_VIEWED,rep_03d99ec4,SALES_REP,2026-07-18 02:50:05.601026,{}
evt_73ad58d6,quote_4d9abd5c,COUNTER_OFFER,rep_03d99ec4,SALES_REP,2026-07-19 02:50:05.601026,{}
evt_59a0c791,quote_4d9abd5c,QUOTE_REVISED,rep_03d99ec4,SALES_REP,2026-07-21 02:50:05.601026,{}
evt_9cffeda1,quote_bceb9095,QUOTE_CREATED,rep_76071164,SALES_REP,2025-12-25 07:10:05.601026,{}
evt_d506ac39,quote_bceb9095,PRODUCT_ADDED,rep_76071164,SALES_REP,2025-12-25 08:04:05.601026,{}
evt_07fb67e0,quote_bceb9095,DISCOUNT_APPLIED,rep_76071164,SALES_REP,2025-12-25 08:52:05.601026,{}
evt_8cfd351a,quote_bceb9095,QUOTE_SENT,rep_76071164,SALES_REP,2025-12-25 19:52:05.601026,{}
evt_907c668f,quote_bceb9095,CUSTOMER_VIEWED,rep_76071164,SALES_REP,2025-12-27 19:52:05.601026,{}
evt_bc74a655,quote_bceb9095,ORDER_CONFIRMED,rep_76071164,SALES_REP,2025-12-29 19:52:05.601026,{}
evt_dd474d3c,quote_fdb339c2,QUOTE_CREATED,rep_03d99ec4,SALES_REP,2026-06-16 21:10:05.601026,{}
evt_723ba549,quote_fdb339c2,PRODUCT_ADDED,rep_03d99ec4,SALES_REP,2026-06-16 21:48:05.601026,{}
evt_1eb784b4,quote_fdb339c2,DISCOUNT_APPLIED,rep_03d99ec4,SALES_REP,2026-06-16 22:13:05.601026,{}
evt_2d903a93,quote_fdb339c2,QUOTE_SENT,rep_03d99ec4,SALES_REP,2026-06-17 21:13:05.601026,{}
evt_4a203040,quote_fdb339c2,CUSTOMER_VIEWED,rep_03d99ec4,SALES_REP,2026-06-21 21:13:05.601026,{}
evt_0584cf82,quote_fdb339c2,ORDER_CONFIRMED,rep_03d99ec4,SALES_REP,2026-06-24 21:13:05.601026,{}
evt_e716ee49,quote_e30c78aa,QUOTE_CREATED,rep_e08a1589,SALES_REP,2025-11-17 20:10:05.601026,{}
evt_175d033c,quote_e30c78aa,PRODUCT_ADDED,rep_e08a1589,SALES_REP,2025-11-17 20:50:05.601026,{}
evt_8975d462,quote_e30c78aa,DISCOUNT_APPLIED,rep_e08a1589,SALES_REP,2025-11-17 21:28:05.601026,{}
evt_47e3816e,quote_e30c78aa,QUOTE_SENT,rep_e08a1589,SALES_REP,2025-11-18 02:28:05.601026,{}
evt_c8a26b00,quote_e30c78aa,CUSTOMER_VIEWED,rep_e08a1589,SALES_REP,2025-11-22 02:28:05.601026,{}
evt_9d2237e0,quote_e30c78aa,COUNTER_OFFER,rep_e08a1589,SALES_REP,2025-11-23 02:28:05.601026,{}
evt_260c3ec8,quote_e30c78aa,QUOTE_REVISED,rep_e08a1589,SALES_REP,2025-11-25 02:28:05.601026,{}
evt_62a34d5d,quote_4bf36ea3,QUOTE_CREATED,rep_71ed5975,SALES_REP,2026-03-13 08:10:05.601026,{}
evt_758d4f17,quote_4bf36ea3,PRODUCT_ADDED,rep_71ed5975,SALES_REP,2026-03-13 08:39:05.601026,{}
evt_8710d246,quote_4bf36ea3,DISCOUNT_APPLIED,rep_71ed5975,SALES_REP,2026-03-13 09:27:05.601026,{}
evt_9af10701,quote_4bf36ea3,QUOTE_SENT,rep_71ed5975,SALES_REP,2026-03-14 05:27:05.601026,{}
evt_dd3f57ff,quote_4bf36ea3,CUSTOMER_VIEWED,rep_71ed5975,SALES_REP,2026-03-19 05:27:05.601026,{}
evt_28ab99be,quote_4bf36ea3,COUNTER_OFFER,rep_71ed5975,SALES_REP,2026-03-20 05:27:05.601026,{}
evt_7948461a,quote_4bf36ea3,QUOTE_REVISED,rep_71ed5975,SALES_REP,2026-03-21 05:27:05.601026,{}
evt_4eec23f7,quote_4bf36ea3,REJECTED,rep_71ed5975,SALES_REP,2026-03-28 05:27:05.601026,{}
evt_829bb1c5,quote_2bc0c861,QUOTE_CREATED,rep_d5902688,SALES_REP,2026-08-14 23:10:05.601026,{}
evt_9403683f,quote_2bc0c861,PRODUCT_ADDED,rep_d5902688,SALES_REP,2026-08-14 23:15:05.601026,{}
evt_ea83df53,quote_2bc0c861,DISCOUNT_APPLIED,rep_d5902688,SALES_REP,2026-08-14 23:33:05.601026,{}
evt_528a869b,quote_2bc0c861,QUOTE_SENT,rep_d5902688,SALES_REP,2026-08-15 06:33:05.601026,{}
evt_f9a0bb99,quote_2bc0c861,CUSTOMER_VIEWED,rep_d5902688,SALES_REP,2026-08-16 06:33:05.601026,{}
evt_76a6dc5f,quote_2bc0c861,REJECTED,rep_d5902688,SALES_REP,2026-08-23 06:33:05.601026,{}
evt_7f356abd,quote_496711e7,QUOTE_CREATED,rep_26645e7c,SALES_REP,2026-07-12 04:10:05.601026,{}
evt_cdaa4029,quote_496711e7,PRODUCT_ADDED,rep_26645e7c,SALES_REP,2026-07-12 05:04:05.601026,{}
evt_19879fce,quote_496711e7,DISCOUNT_APPLIED,rep_26645e7c,SALES_REP,2026-07-12 05:27:05.601026,{}
evt_64211716,quote_496711e7,QUOTE_SENT,rep_26645e7c,SALES_REP,2026-07-12 18:27:05.601026,{}
evt_889834d0,quote_496711e7,CUSTOMER_VIEWED,rep_26645e7c,SALES_REP,2026-07-16 18:27:05.601026,{}
evt_0fdc1fb8,quote_85a00228,QUOTE_CREATED,rep_e08a1589,SALES_REP,2026-03-08 22:10:05.601026,{}
evt_da0856c4,quote_85a00228,PRODUCT_ADDED,rep_e08a1589,SALES_REP,2026-03-08 22:28:05.601026,{}
evt_af2c94c2,quote_85a00228,DISCOUNT_APPLIED,rep_e08a1589,SALES_REP,2026-03-08 22:56:05.601026,{}
evt_e45d6f83,quote_85a00228,QUOTE_SENT,rep_e08a1589,SALES_REP,2026-03-09 09:56:05.601026,{}
evt_bdf4c093,quote_85a00228,CUSTOMER_VIEWED,rep_e08a1589,SALES_REP,2026-03-13 09:56:05.601026,{}
evt_8742ab07,quote_85a00228,COUNTER_OFFER,rep_e08a1589,SALES_REP,2026-03-14 09:56:05.601026,{}
evt_2a12d799,quote_85a00228,QUOTE_REVISED,rep_e08a1589,SALES_REP,2026-03-15 09:56:05.601026,{}
evt_4253717e,quote_85a00228,ORDER_CONFIRMED,rep_e08a1589,SALES_REP,2026-03-16 09:56:05.601026,{}
evt_4b0fd04d,quote_13ba3d24,QUOTE_CREATED,rep_4fd63151,SALES_REP,2025-12-14 16:10:05.601026,{}
evt_3de947ed,quote_13ba3d24,PRODUCT_ADDED,rep_4fd63151,SALES_REP,2025-12-14 16:50:05.601026,{}
evt_8ab9d87a,quote_13ba3d24,DISCOUNT_APPLIED,rep_4fd63151,SALES_REP,2025-12-14 17:36:05.601026,{}
evt_dbbeb239,quote_13ba3d24,QUOTE_SENT,rep_4fd63151,SALES_REP,2025-12-15 15:36:05.601026,{}
evt_b7865c41,quote_13ba3d24,CUSTOMER_VIEWED,rep_4fd63151,SALES_REP,2025-12-18 15:36:05.601026,{}
evt_cae45352,quote_13ba3d24,COUNTER_OFFER,rep_4fd63151,SALES_REP,2025-12-20 15:36:05.601026,{}
evt_3b46d3aa,quote_13ba3d24,QUOTE_REVISED,rep_4fd63151,SALES_REP,2025-12-22 15:36:05.601026,{}
evt_e9e88bf9,quote_0ed6d6de,QUOTE_CREATED,rep_b548fdfc,SALES_REP,2025-11-30 10:10:05.601026,{}
evt_45a0d632,quote_0ed6d6de,PRODUCT_ADDED,rep_b548fdfc,SALES_REP,2025-11-30 10:49:05.601026,{}
evt_c5c1b306,quote_0ed6d6de,DISCOUNT_APPLIED,rep_b548fdfc,SALES_REP,2025-11-30 11:35:05.601026,{}
evt_02baadd6,quote_0ed6d6de,QUOTE_SENT,rep_b548fdfc,SALES_REP,2025-11-30 13:35:05.601026,{}
evt_b7c7f1ed,quote_0ed6d6de,CUSTOMER_VIEWED,rep_b548fdfc,SALES_REP,2025-12-05 13:35:05.601026,{}
evt_f2871521,quote_0ed6d6de,COUNTER_OFFER,rep_b548fdfc,SALES_REP,2025-12-06 13:35:05.601026,{}
evt_8825874d,quote_0ed6d6de,QUOTE_REVISED,rep_b548fdfc,SALES_REP,2025-12-07 13:35:05.601026,{}
evt_c60060bf,quote_02e953ef,QUOTE_CREATED,rep_03d99ec4,SALES_REP,2025-11-15 02:10:05.601026,{}
evt_04e04198,quote_02e953ef,PRODUCT_ADDED,rep_03d99ec4,SALES_REP,2025-11-15 02:28:05.601026,{}
evt_968415fc,quote_02e953ef,DISCOUNT_APPLIED,rep_03d99ec4,SALES_REP,2025-11-15 03:05:05.601026,{}
evt_7ace3751,quote_02e953ef,QUOTE_SENT,rep_03d99ec4,SALES_REP,2025-11-15 18:05:05.601026,{}
evt_501cba30,quote_02e953ef,CUSTOMER_VIEWED,rep_03d99ec4,SALES_REP,2025-11-18 18:05:05.601026,{}
evt_9a8c4e92,quote_02e953ef,COUNTER_OFFER,rep_03d99ec4,SALES_REP,2025-11-21 18:05:05.601026,{}
evt_37b0542b,quote_02e953ef,QUOTE_REVISED,rep_03d99ec4,SALES_REP,2025-11-23 18:05:05.601026,{}
evt_34926cc6,quote_86ffd571,QUOTE_CREATED,rep_f976f2b3,SALES_REP,2025-09-08 23:10:05.601026,{}
evt_20b44293,quote_86ffd571,PRODUCT_ADDED,rep_f976f2b3,SALES_REP,2025-09-09 00:01:05.601026,{}
evt_02e7068e,quote_86ffd571,DISCOUNT_APPLIED,rep_f976f2b3,SALES_REP,2025-09-09 00:23:05.601026,{}
evt_4cbc15c5,quote_86ffd571,QUOTE_SENT,rep_f976f2b3,SALES_REP,2025-09-09 18:23:05.601026,{}
evt_61eb2740,quote_86ffd571,CUSTOMER_VIEWED,rep_f976f2b3,SALES_REP,2025-09-12 18:23:05.601026,{}
evt_75c34524,quote_86ffd571,COUNTER_OFFER,rep_f976f2b3,SALES_REP,2025-09-15 18:23:05.601026,{}
evt_844005ca,quote_86ffd571,QUOTE_REVISED,rep_f976f2b3,SALES_REP,2025-09-17 18:23:05.601026,{}
evt_fdec41ab,quote_86ffd571,ORDER_CONFIRMED,rep_f976f2b3,SALES_REP,2025-09-24 18:23:05.601026,{}
evt_068b164f,quote_173a2f66,QUOTE_CREATED,rep_26645e7c,SALES_REP,2026-07-19 22:10:05.601026,{}
evt_9a3cfb62,quote_173a2f66,PRODUCT_ADDED,rep_26645e7c,SALES_REP,2026-07-19 22:40:05.601026,{}
evt_a69dcb75,quote_173a2f66,DISCOUNT_APPLIED,rep_26645e7c,SALES_REP,2026-07-19 22:50:05.601026,{}
evt_381e99b0,quote_173a2f66,QUOTE_SENT,rep_26645e7c,SALES_REP,2026-07-20 10:50:05.601026,{}
evt_15c86a6e,quote_173a2f66,CUSTOMER_VIEWED,rep_26645e7c,SALES_REP,2026-07-24 10:50:05.601026,{}
evt_7b4fbfe8,quote_173a2f66,REJECTED,rep_26645e7c,SALES_REP,2026-07-26 10:50:05.601026,{}
evt_5c99dc6b,quote_b189062d,QUOTE_CREATED,rep_26645e7c,SALES_REP,2026-02-06 03:10:05.601026,{}
evt_6978d662,quote_b189062d,PRODUCT_ADDED,rep_26645e7c,SALES_REP,2026-02-06 03:40:05.601026,{}
evt_75b57528,quote_b189062d,DISCOUNT_APPLIED,rep_26645e7c,SALES_REP,2026-02-06 04:09:05.601026,{}
evt_b293b4e8,quote_b189062d,QUOTE_SENT,rep_26645e7c,SALES_REP,2026-02-06 17:09:05.601026,{}
evt_0a3e77ab,quote_b189062d,CUSTOMER_VIEWED,rep_26645e7c,SALES_REP,2026-02-11 17:09:05.601026,{}
evt_55dd240f,quote_b189062d,ORDER_CONFIRMED,rep_26645e7c,SALES_REP,2026-02-17 17:09:05.601026,{}
evt_4e19879b,quote_29673478,QUOTE_CREATED,rep_221b7f39,SALES_REP,2026-06-02 07:10:05.601026,{}
evt_21ce9dbb,quote_29673478,PRODUCT_ADDED,rep_221b7f39,SALES_REP,2026-06-02 07:32:05.601026,{}
evt_771f90ac,quote_29673478,DISCOUNT_APPLIED,rep_221b7f39,SALES_REP,2026-06-02 07:39:05.601026,{}
evt_f3f0b05c,quote_29673478,QUOTE_SENT,rep_221b7f39,SALES_REP,2026-06-02 10:39:05.601026,{}
evt_5ff83d00,quote_29673478,CUSTOMER_VIEWED,rep_221b7f39,SALES_REP,2026-06-05 10:39:05.601026,{}
evt_3945478d,quote_c96f450d,QUOTE_CREATED,rep_f976f2b3,SALES_REP,2025-12-05 16:10:05.601026,{}
evt_8b440ca4,quote_c96f450d,PRODUCT_ADDED,rep_f976f2b3,SALES_REP,2025-12-05 17:00:05.601026,{}
evt_62231172,quote_c96f450d,DISCOUNT_APPLIED,rep_f976f2b3,SALES_REP,2025-12-05 17:57:05.601026,{}
evt_15faa120,quote_c96f450d,QUOTE_SENT,rep_f976f2b3,SALES_REP,2025-12-06 06:57:05.601026,{}
evt_f06df2d8,quote_c96f450d,CUSTOMER_VIEWED,rep_f976f2b3,SALES_REP,2025-12-07 06:57:05.601026,{}
evt_b9b1168a,quote_c96f450d,COUNTER_OFFER,rep_f976f2b3,SALES_REP,2025-12-10 06:57:05.601026,{}
evt_f16f9880,quote_c96f450d,QUOTE_REVISED,rep_f976f2b3,SALES_REP,2025-12-11 06:57:05.601026,{}
evt_85f52853,quote_c96f450d,APPROVAL_REQUESTED,rep_f976f2b3,SALES_REP,2025-12-11 16:57:05.601026,{}
evt_b3339565,quote_c96f450d,REJECTED,rep_f976f2b3,SALES_REP,2025-12-15 16:57:05.601026,{}
evt_e999d4ed,quote_c96f450d,REJECTED,rep_f976f2b3,SALES_REP,2025-12-21 16:57:05.601026,{}
evt_96ee4675,quote_612dc32a,QUOTE_CREATED,rep_b548fdfc,SALES_REP,2026-03-21 05:10:05.601026,{}
evt_6e3b8017,quote_612dc32a,PRODUCT_ADDED,rep_b548fdfc,SALES_REP,2026-03-21 06:02:05.601026,{}
evt_e3a1690b,quote_612dc32a,DISCOUNT_APPLIED,rep_b548fdfc,SALES_REP,2026-03-21 06:29:05.601026,{}
evt_5762c090,quote_612dc32a,QUOTE_SENT,rep_b548fdfc,SALES_REP,2026-03-21 08:29:05.601026,{}
evt_8d08d5a8,quote_612dc32a,CUSTOMER_VIEWED,rep_b548fdfc,SALES_REP,2026-03-22 08:29:05.601026,{}
evt_ac109c96,quote_b2778851,QUOTE_CREATED,rep_b548fdfc,SALES_REP,2026-07-12 01:10:05.601026,{}
evt_50188c80,quote_b2778851,PRODUCT_ADDED,rep_b548fdfc,SALES_REP,2026-07-12 01:42:05.601026,{}
evt_e0afe8b9,quote_b2778851,DISCOUNT_APPLIED,rep_b548fdfc,SALES_REP,2026-07-12 01:58:05.601026,{}
evt_b480ca8c,quote_b2778851,QUOTE_SENT,rep_b548fdfc,SALES_REP,2026-07-12 23:58:05.601026,{}
evt_08d584ea,quote_b2778851,CUSTOMER_VIEWED,rep_b548fdfc,SALES_REP,2026-07-17 23:58:05.601026,{}
evt_1d4e7dd3,quote_e07cc0e7,QUOTE_CREATED,rep_d5902688,SALES_REP,2026-02-03 13:10:05.601026,{}
evt_e695b3fa,quote_e07cc0e7,PRODUCT_ADDED,rep_d5902688,SALES_REP,2026-02-03 13:39:05.601026,{}
evt_2cb8ba20,quote_e07cc0e7,DISCOUNT_APPLIED,rep_d5902688,SALES_REP,2026-02-03 14:29:05.601026,{}
evt_fdd1db1b,quote_e07cc0e7,QUOTE_SENT,rep_d5902688,SALES_REP,2026-02-04 11:29:05.601026,{}
evt_0d66efde,quote_e07cc0e7,CUSTOMER_VIEWED,rep_d5902688,SALES_REP,2026-02-06 11:29:05.601026,{}
evt_540fbf19,quote_e07cc0e7,REJECTED,rep_d5902688,SALES_REP,2026-02-09 11:29:05.601026,{}
evt_1a48dcd0,quote_b122458b,QUOTE_CREATED,rep_221b7f39,SALES_REP,2025-10-21 06:10:05.601026,{}
evt_8a2fd532,quote_b122458b,PRODUCT_ADDED,rep_221b7f39,SALES_REP,2025-10-21 06:50:05.601026,{}
evt_b3d9f3eb,quote_b122458b,DISCOUNT_APPLIED,rep_221b7f39,SALES_REP,2025-10-21 07:27:05.601026,{}
evt_d29a855e,quote_b122458b,QUOTE_SENT,rep_221b7f39,SALES_REP,2025-10-21 21:27:05.601026,{}
evt_92e9c01a,quote_b122458b,CUSTOMER_VIEWED,rep_221b7f39,SALES_REP,2025-10-22 21:27:05.601026,{}
evt_da350728,quote_b122458b,COUNTER_OFFER,rep_221b7f39,SALES_REP,2025-10-24 21:27:05.601026,{}
evt_030caad5,quote_b122458b,QUOTE_REVISED,rep_221b7f39,SALES_REP,2025-10-25 21:27:05.601026,{}
evt_fe4a60f2,quote_b122458b,REJECTED,rep_221b7f39,SALES_REP,2025-10-30 21:27:05.601026,{}
evt_a09e9a86,quote_e0e79109,QUOTE_CREATED,rep_b548fdfc,SALES_REP,2026-03-21 06:10:05.601026,{}
evt_667a2052,quote_e0e79109,PRODUCT_ADDED,rep_b548fdfc,SALES_REP,2026-03-21 06:51:05.601026,{}
evt_18819b61,quote_e0e79109,DISCOUNT_APPLIED,rep_b548fdfc,SALES_REP,2026-03-21 07:29:05.601026,{}
evt_d62259c1,quote_e0e79109,QUOTE_SENT,rep_b548fdfc,SALES_REP,2026-03-21 13:29:05.601026,{}
evt_bf8cdad1,quote_e0e79109,CUSTOMER_VIEWED,rep_b548fdfc,SALES_REP,2026-03-25 13:29:05.601026,{}
evt_388a3327,quote_e0e79109,COUNTER_OFFER,rep_b548fdfc,SALES_REP,2026-03-27 13:29:05.601026,{}
evt_f7102809,quote_e0e79109,QUOTE_REVISED,rep_b548fdfc,SALES_REP,2026-03-29 13:29:05.601026,{}
evt_5f732878,quote_e0e79109,REJECTED,rep_b548fdfc,SALES_REP,2026-04-01 13:29:05.601026,{}
evt_a2e3f2f4,quote_d3187e85,QUOTE_CREATED,rep_4fd63151,SALES_REP,2025-10-07 11:10:05.601026,{}
evt_9b80cfa3,quote_d3187e85,PRODUCT_ADDED,rep_4fd63151,SALES_REP,2025-10-07 12:05:05.601026,{}
evt_f444ac63,quote_d3187e85,DISCOUNT_APPLIED,rep_4fd63151,SALES_REP,2025-10-07 12:14:05.601026,{}
evt_98a1cbf9,quote_d3187e85,QUOTE_SENT,rep_4fd63151,SALES_REP,2025-10-08 00:14:05.601026,{}
evt_c0de4d3d,quote_d3187e85,CUSTOMER_VIEWED,rep_4fd63151,SALES_REP,2025-10-11 00:14:05.601026,{}
evt_55c164cc,quote_d3187e85,ORDER_CONFIRMED,rep_4fd63151,SALES_REP,2025-10-17 00:14:05.601026,{}
evt_a5316ea2,quote_17f157c7,QUOTE_CREATED,rep_e08a1589,SALES_REP,2025-09-08 18:10:05.601026,{}
evt_ccd2c896,quote_17f157c7,PRODUCT_ADDED,rep_e08a1589,SALES_REP,2025-09-08 19:10:05.601026,{}
evt_d43506b0,quote_17f157c7,DISCOUNT_APPLIED,rep_e08a1589,SALES_REP,2025-09-08 19:56:05.601026,{}
evt_d04dedef,quote_17f157c7,QUOTE_SENT,rep_e08a1589,SALES_REP,2025-09-09 15:56:05.601026,{}
evt_e8d86b8f,quote_17f157c7,CUSTOMER_VIEWED,rep_e08a1589,SALES_REP,2025-09-11 15:56:05.601026,{}
evt_2579e0af,quote_17f157c7,REJECTED,rep_e08a1589,SALES_REP,2025-09-16 15:56:05.601026,{}
evt_82d94acb,quote_588df152,QUOTE_CREATED,rep_26645e7c,SALES_REP,2026-05-08 16:10:05.601026,{}
evt_2674693b,quote_588df152,PRODUCT_ADDED,rep_26645e7c,SALES_REP,2026-05-08 17:07:05.601026,{}
evt_fd6a9faf,quote_588df152,DISCOUNT_APPLIED,rep_26645e7c,SALES_REP,2026-05-08 18:02:05.601026,{}
evt_566c17bf,quote_588df152,QUOTE_SENT,rep_26645e7c,SALES_REP,2026-05-09 07:02:05.601026,{}
evt_5918813e,quote_588df152,CUSTOMER_VIEWED,rep_26645e7c,SALES_REP,2026-05-12 07:02:05.601026,{}
evt_4bc18070,quote_588df152,COUNTER_OFFER,rep_26645e7c,SALES_REP,2026-05-15 07:02:05.601026,{}
evt_5ec3e34e,quote_588df152,QUOTE_REVISED,rep_26645e7c,SALES_REP,2026-05-16 07:02:05.601026,{}
evt_0fd3c2ca,quote_588df152,ORDER_CONFIRMED,rep_26645e7c,SALES_REP,2026-05-21 07:02:05.601026,{}
evt_e95cb2e8,quote_96f5b9b1,QUOTE_CREATED,rep_26645e7c,SALES_REP,2026-04-17 15:10:05.601026,{}
evt_1d98e55f,quote_96f5b9b1,PRODUCT_ADDED,rep_26645e7c,SALES_REP,2026-04-17 15:46:05.601026,{}
evt_be688fe1,quote_96f5b9b1,DISCOUNT_APPLIED,rep_26645e7c,SALES_REP,2026-04-17 15:59:05.601026,{}
evt_b94ecdda,quote_96f5b9b1,QUOTE_SENT,rep_26645e7c,SALES_REP,2026-04-18 12:59:05.601026,{}
evt_bff1cbed,quote_96f5b9b1,CUSTOMER_VIEWED,rep_26645e7c,SALES_REP,2026-04-21 12:59:05.601026,{}
evt_d2900702,quote_96f5b9b1,COUNTER_OFFER,rep_26645e7c,SALES_REP,2026-04-24 12:59:05.601026,{}
evt_db1a78e6,quote_96f5b9b1,QUOTE_REVISED,rep_26645e7c,SALES_REP,2026-04-25 12:59:05.601026,{}
evt_bd3f19ea,quote_96f5b9b1,ORDER_CONFIRMED,rep_26645e7c,SALES_REP,2026-05-01 12:59:05.601026,{}
evt_fc68173e,quote_c1d1a952,QUOTE_CREATED,rep_03d99ec4,SALES_REP,2026-06-05 22:10:05.601026,{}
evt_ff804e84,quote_c1d1a952,PRODUCT_ADDED,rep_03d99ec4,SALES_REP,2026-06-05 22:17:05.601026,{}
evt_54feaf38,quote_c1d1a952,DISCOUNT_APPLIED,rep_03d99ec4,SALES_REP,2026-06-05 23:12:05.601026,{}
evt_8b2a44ee,quote_c1d1a952,QUOTE_SENT,rep_03d99ec4,SALES_REP,2026-06-06 11:12:05.601026,{}
evt_2e3c64e4,quote_c1d1a952,CUSTOMER_VIEWED,rep_03d99ec4,SALES_REP,2026-06-11 11:12:05.601026,{}
evt_27335950,quote_c1d1a952,ORDER_CONFIRMED,rep_03d99ec4,SALES_REP,2026-06-12 11:12:05.601026,{}
evt_60912f8d,quote_0580332a,QUOTE_CREATED,rep_d5902688,SALES_REP,2025-09-28 00:10:05.601026,{}
evt_651d4f4a,quote_0580332a,PRODUCT_ADDED,rep_d5902688,SALES_REP,2025-09-28 00:29:05.601026,{}
evt_79b50e9f,quote_0580332a,DISCOUNT_APPLIED,rep_d5902688,SALES_REP,2025-09-28 01:06:05.601026,{}
evt_cdd2f2c5,quote_0580332a,QUOTE_SENT,rep_d5902688,SALES_REP,2025-09-29 01:06:05.601026,{}
evt_e8dc4241,quote_0580332a,CUSTOMER_VIEWED,rep_d5902688,SALES_REP,2025-10-04 01:06:05.601026,{}
evt_97eb4859,quote_0580332a,ORDER_CONFIRMED,rep_d5902688,SALES_REP,2025-10-10 01:06:05.601026,{}
evt_94310454,quote_8ca7eae0,QUOTE_CREATED,rep_f976f2b3,SALES_REP,2026-05-10 09:10:05.601026,{}
evt_7fc73840,quote_8ca7eae0,PRODUCT_ADDED,rep_f976f2b3,SALES_REP,2026-05-10 10:01:05.601026,{}
evt_337f9870,quote_8ca7eae0,DISCOUNT_APPLIED,rep_f976f2b3,SALES_REP,2026-05-10 10:15:05.601026,{}
evt_19335ef9,quote_8ca7eae0,QUOTE_SENT,rep_f976f2b3,SALES_REP,2026-05-10 22:15:05.601026,{}
evt_552855ba,quote_8ca7eae0,CUSTOMER_VIEWED,rep_f976f2b3,SALES_REP,2026-05-13 22:15:05.601026,{}
evt_4c10eb39,quote_8ca7eae0,ORDER_CONFIRMED,rep_f976f2b3,SALES_REP,2026-05-20 22:15:05.601026,{}
evt_37f5d011,quote_05951df2,QUOTE_CREATED,rep_71ed5975,SALES_REP,2026-02-15 08:10:05.601026,{}
evt_66c8e720,quote_05951df2,PRODUCT_ADDED,rep_71ed5975,SALES_REP,2026-02-15 09:09:05.601026,{}
evt_f9e7abe3,quote_05951df2,DISCOUNT_APPLIED,rep_71ed5975,SALES_REP,2026-02-15 09:35:05.601026,{}
evt_96f99d89,quote_05951df2,QUOTE_SENT,rep_71ed5975,SALES_REP,2026-02-16 06:35:05.601026,{}
evt_99b13e38,quote_05951df2,CUSTOMER_VIEWED,rep_71ed5975,SALES_REP,2026-02-17 06:35:05.601026,{}
evt_b3262934,quote_ef3d2c6d,QUOTE_CREATED,rep_26645e7c,SALES_REP,2026-05-27 11:10:05.601026,{}
evt_008dcead,quote_ef3d2c6d,PRODUCT_ADDED,rep_26645e7c,SALES_REP,2026-05-27 11:44:05.601026,{}
evt_0f89f418,quote_ef3d2c6d,DISCOUNT_APPLIED,rep_26645e7c,SALES_REP,2026-05-27 12:03:05.601026,{}
evt_3551afaf,quote_ef3d2c6d,QUOTE_SENT,rep_26645e7c,SALES_REP,2026-05-28 01:03:05.601026,{}
evt_0ce554ea,quote_ef3d2c6d,CUSTOMER_VIEWED,rep_26645e7c,SALES_REP,2026-05-30 01:03:05.601026,{}
evt_4cb84cff,quote_ef3d2c6d,COUNTER_OFFER,rep_26645e7c,SALES_REP,2026-06-02 01:03:05.601026,{}
evt_73ea7df7,quote_ef3d2c6d,QUOTE_REVISED,rep_26645e7c,SALES_REP,2026-06-04 01:03:05.601026,{}
evt_772f4ec0,quote_d773024c,QUOTE_CREATED,rep_d5902688,SALES_REP,2025-12-15 20:10:05.601026,{}
evt_558b43b8,quote_d773024c,PRODUCT_ADDED,rep_d5902688,SALES_REP,2025-12-15 21:10:05.601026,{}
evt_d5f4c5fd,quote_d773024c,DISCOUNT_APPLIED,rep_d5902688,SALES_REP,2025-12-15 21:49:05.601026,{}
evt_ab1a1c34,quote_d773024c,QUOTE_SENT,rep_d5902688,SALES_REP,2025-12-16 03:49:05.601026,{}
evt_11980fba,quote_d773024c,CUSTOMER_VIEWED,rep_d5902688,SALES_REP,2025-12-19 03:49:05.601026,{}
evt_469b45c9,quote_d773024c,ORDER_CONFIRMED,rep_d5902688,SALES_REP,2025-12-23 03:49:05.601026,{}
evt_703651df,quote_1dce41ac,QUOTE_CREATED,rep_03d99ec4,SALES_REP,2026-07-14 18:10:05.601026,{}
evt_0090b559,quote_1dce41ac,PRODUCT_ADDED,rep_03d99ec4,SALES_REP,2026-07-14 18:44:05.601026,{}
evt_df4b5bbe,quote_1dce41ac,DISCOUNT_APPLIED,rep_03d99ec4,SALES_REP,2026-07-14 19:28:05.601026,{}
evt_7c93b201,quote_1dce41ac,QUOTE_SENT,rep_03d99ec4,SALES_REP,2026-07-15 01:28:05.601026,{}
evt_196e1f6d,quote_1dce41ac,CUSTOMER_VIEWED,rep_03d99ec4,SALES_REP,2026-07-18 01:28:05.601026,{}
evt_740d856f,quote_1dce41ac,ORDER_CONFIRMED,rep_03d99ec4,SALES_REP,2026-07-23 01:28:05.601026,{}
evt_84803998,quote_e63dea1a,QUOTE_CREATED,rep_4fd63151,SALES_REP,2026-03-16 04:10:05.601026,{}
evt_71a50e5b,quote_e63dea1a,PRODUCT_ADDED,rep_4fd63151,SALES_REP,2026-03-16 04:56:05.601026,{}
evt_8f826437,quote_e63dea1a,DISCOUNT_APPLIED,rep_4fd63151,SALES_REP,2026-03-16 05:12:05.601026,{}
evt_cfa3cd9b,quote_e63dea1a,QUOTE_SENT,rep_4fd63151,SALES_REP,2026-03-16 23:12:05.601026,{}
evt_b8a366f5,quote_e63dea1a,CUSTOMER_VIEWED,rep_4fd63151,SALES_REP,2026-03-18 23:12:05.601026,{}
evt_05356b8f,quote_e63dea1a,REJECTED,rep_4fd63151,SALES_REP,2026-03-20 23:12:05.601026,{}
evt_ac3140eb,quote_9cd7676e,QUOTE_CREATED,rep_b548fdfc,SALES_REP,2026-04-24 01:10:05.601026,{}
evt_de1508bc,quote_9cd7676e,PRODUCT_ADDED,rep_b548fdfc,SALES_REP,2026-04-24 01:23:05.601026,{}
evt_fc9dc58c,quote_9cd7676e,DISCOUNT_APPLIED,rep_b548fdfc,SALES_REP,2026-04-24 01:40:05.601026,{}
evt_206adbde,quote_9cd7676e,QUOTE_SENT,rep_b548fdfc,SALES_REP,2026-04-24 14:40:05.601026,{}
evt_538bf6f9,quote_9cd7676e,CUSTOMER_VIEWED,rep_b548fdfc,SALES_REP,2026-04-29 14:40:05.601026,{}
evt_a418bef0,quote_9cd7676e,REJECTED,rep_b548fdfc,SALES_REP,2026-05-03 14:40:05.601026,{}
evt_88d5a963,quote_5478d714,QUOTE_CREATED,rep_71ed5975,SALES_REP,2026-04-06 04:10:05.601026,{}
evt_984db9e1,quote_5478d714,PRODUCT_ADDED,rep_71ed5975,SALES_REP,2026-04-06 04:51:05.601026,{}
evt_cd55ac19,quote_5478d714,DISCOUNT_APPLIED,rep_71ed5975,SALES_REP,2026-04-06 04:57:05.601026,{}
evt_e0a71d56,quote_5478d714,QUOTE_SENT,rep_71ed5975,SALES_REP,2026-04-06 12:57:05.601026,{}
evt_23fe62df,quote_5478d714,CUSTOMER_VIEWED,rep_71ed5975,SALES_REP,2026-04-09 12:57:05.601026,{}
evt_cc167192,quote_5478d714,COUNTER_OFFER,rep_71ed5975,SALES_REP,2026-04-10 12:57:05.601026,{}
evt_c2d65d24,quote_5478d714,QUOTE_REVISED,rep_71ed5975,SALES_REP,2026-04-12 12:57:05.601026,{}
evt_e3183ce4,quote_5478d714,ORDER_CONFIRMED,rep_71ed5975,SALES_REP,2026-04-14 12:57:05.601026,{}
evt_ea90a9e6,quote_b2686d27,QUOTE_CREATED,rep_221b7f39,SALES_REP,2026-01-20 23:10:05.601026,{}
evt_c1cb0294,quote_b2686d27,PRODUCT_ADDED,rep_221b7f39,SALES_REP,2026-01-20 23:21:05.601026,{}
evt_5662cfb4,quote_b2686d27,DISCOUNT_APPLIED,rep_221b7f39,SALES_REP,2026-01-21 00:13:05.601026,{}
evt_88916bc1,quote_b2686d27,QUOTE_SENT,rep_221b7f39,SALES_REP,2026-01-21 21:13:05.601026,{}
evt_918ed0ff,quote_b2686d27,CUSTOMER_VIEWED,rep_221b7f39,SALES_REP,2026-01-23 21:13:05.601026,{}
evt_e35e88c8,quote_b2686d27,COUNTER_OFFER,rep_221b7f39,SALES_REP,2026-01-24 21:13:05.601026,{}
evt_4f2f53b1,quote_b2686d27,QUOTE_REVISED,rep_221b7f39,SALES_REP,2026-01-26 21:13:05.601026,{}
evt_82cd8743,quote_b2686d27,ORDER_CONFIRMED,rep_221b7f39,SALES_REP,2026-01-29 21:13:05.601026,{}
evt_55506eef,quote_e8e9da96,QUOTE_CREATED,rep_d5902688,SALES_REP,2026-03-04 04:10:05.601026,{}
evt_f6ae2b4b,quote_e8e9da96,PRODUCT_ADDED,rep_d5902688,SALES_REP,2026-03-04 04:23:05.601026,{}
evt_e58bbd16,quote_e8e9da96,DISCOUNT_APPLIED,rep_d5902688,SALES_REP,2026-03-04 05:18:05.601026,{}
evt_c64bfd4c,quote_e8e9da96,QUOTE_SENT,rep_d5902688,SALES_REP,2026-03-04 12:18:05.601026,{}
evt_27057bb9,quote_e8e9da96,CUSTOMER_VIEWED,rep_d5902688,SALES_REP,2026-03-06 12:18:05.601026,{}
evt_15c9dcc2,quote_768005bf,QUOTE_CREATED,rep_76071164,SALES_REP,2026-01-27 01:10:05.601026,{}
evt_e55c1a78,quote_768005bf,PRODUCT_ADDED,rep_76071164,SALES_REP,2026-01-27 01:51:05.601026,{}
evt_fcc77416,quote_768005bf,DISCOUNT_APPLIED,rep_76071164,SALES_REP,2026-01-27 02:13:05.601026,{}
evt_3bba186e,quote_768005bf,QUOTE_SENT,rep_76071164,SALES_REP,2026-01-27 19:13:05.601026,{}
evt_811f53ae,quote_768005bf,CUSTOMER_VIEWED,rep_76071164,SALES_REP,2026-01-28 19:13:05.601026,{}
evt_d93bf581,quote_768005bf,COUNTER_OFFER,rep_76071164,SALES_REP,2026-01-30 19:13:05.601026,{}
evt_07456526,quote_768005bf,QUOTE_REVISED,rep_76071164,SALES_REP,2026-01-31 19:13:05.601026,{}
evt_36a57b5e,quote_768005bf,ORDER_CONFIRMED,rep_76071164,SALES_REP,2026-02-03 19:13:05.601026,{}
evt_75fa00a3,quote_d1cf3885,QUOTE_CREATED,rep_03d99ec4,SALES_REP,2026-05-13 10:10:05.601026,{}
evt_9cd79969,quote_d1cf3885,PRODUCT_ADDED,rep_03d99ec4,SALES_REP,2026-05-13 10:43:05.601026,{}
evt_d3239781,quote_d1cf3885,DISCOUNT_APPLIED,rep_03d99ec4,SALES_REP,2026-05-13 10:52:05.601026,{}
evt_7bbdcd65,quote_d1cf3885,QUOTE_SENT,rep_03d99ec4,SALES_REP,2026-05-14 07:52:05.601026,{}
evt_fca3bb7e,quote_d1cf3885,CUSTOMER_VIEWED,rep_03d99ec4,SALES_REP,2026-05-15 07:52:05.601026,{}
evt_6165be4d,quote_6f6135f7,QUOTE_CREATED,rep_b548fdfc,SALES_REP,2026-04-25 21:10:05.601026,{}
evt_780d69eb,quote_6f6135f7,PRODUCT_ADDED,rep_b548fdfc,SALES_REP,2026-04-25 21:44:05.601026,{}
evt_53f33cc0,quote_6f6135f7,DISCOUNT_APPLIED,rep_b548fdfc,SALES_REP,2026-04-25 22:29:05.601026,{}
evt_026acbd2,quote_6f6135f7,QUOTE_SENT,rep_b548fdfc,SALES_REP,2026-04-26 20:29:05.601026,{}
evt_e8462902,quote_6f6135f7,CUSTOMER_VIEWED,rep_b548fdfc,SALES_REP,2026-04-29 20:29:05.601026,{}
evt_63a4d477,quote_6f6135f7,ORDER_CONFIRMED,rep_b548fdfc,SALES_REP,2026-05-06 20:29:05.601026,{}
evt_1f7d04ad,quote_2d6e85b1,QUOTE_CREATED,rep_b548fdfc,SALES_REP,2026-01-28 16:10:05.601026,{}
evt_fb832123,quote_2d6e85b1,PRODUCT_ADDED,rep_b548fdfc,SALES_REP,2026-01-28 16:46:05.601026,{}
evt_b176146d,quote_2d6e85b1,DISCOUNT_APPLIED,rep_b548fdfc,SALES_REP,2026-01-28 17:41:05.601026,{}
evt_87e4a2a3,quote_2d6e85b1,QUOTE_SENT,rep_b548fdfc,SALES_REP,2026-01-29 04:41:05.601026,{}
evt_2b8f7d83,quote_2d6e85b1,CUSTOMER_VIEWED,rep_b548fdfc,SALES_REP,2026-01-30 04:41:05.601026,{}
evt_1c92a69a,quote_2d6e85b1,COUNTER_OFFER,rep_b548fdfc,SALES_REP,2026-02-02 04:41:05.601026,{}
evt_cca7f12f,quote_2d6e85b1,QUOTE_REVISED,rep_b548fdfc,SALES_REP,2026-02-04 04:41:05.601026,{}
evt_1ee04dea,quote_2d6e85b1,ORDER_CONFIRMED,rep_b548fdfc,SALES_REP,2026-02-05 04:41:05.601026,{}
evt_dd3e1fdb,quote_b257e27d,QUOTE_CREATED,rep_4fd63151,SALES_REP,2026-08-03 15:10:05.601026,{}
evt_ed68f282,quote_b257e27d,PRODUCT_ADDED,rep_4fd63151,SALES_REP,2026-08-03 15:38:05.601026,{}
evt_c47a166b,quote_b257e27d,DISCOUNT_APPLIED,rep_4fd63151,SALES_REP,2026-08-03 15:59:05.601026,{}
evt_cf965cfd,quote_b257e27d,QUOTE_SENT,rep_4fd63151,SALES_REP,2026-08-03 18:59:05.601026,{}
evt_1cbc99e8,quote_b257e27d,CUSTOMER_VIEWED,rep_4fd63151,SALES_REP,2026-08-06 18:59:05.601026,{}
evt_be226696,quote_b257e27d,REJECTED,rep_4fd63151,SALES_REP,2026-08-12 18:59:05.601026,{}
evt_bff613ce,quote_dce09b8c,QUOTE_CREATED,rep_f976f2b3,SALES_REP,2026-03-27 02:10:05.601026,{}
evt_8c08fa7d,quote_dce09b8c,PRODUCT_ADDED,rep_f976f2b3,SALES_REP,2026-03-27 02:56:05.601026,{}
evt_058c0223,quote_dce09b8c,DISCOUNT_APPLIED,rep_f976f2b3,SALES_REP,2026-03-27 03:06:05.601026,{}
evt_4093e9dd,quote_dce09b8c,QUOTE_SENT,rep_f976f2b3,SALES_REP,2026-03-28 02:06:05.601026,{}
evt_ad6fb06b,quote_dce09b8c,CUSTOMER_VIEWED,rep_f976f2b3,SALES_REP,2026-03-29 02:06:05.601026,{}
evt_ca346aad,quote_dce09b8c,COUNTER_OFFER,rep_f976f2b3,SALES_REP,2026-03-31 02:06:05.601026,{}
evt_b2df119b,quote_dce09b8c,QUOTE_REVISED,rep_f976f2b3,SALES_REP,2026-04-01 02:06:05.601026,{}
evt_034de3d8,quote_dce09b8c,REJECTED,rep_f976f2b3,SALES_REP,2026-04-03 02:06:05.601026,{}
evt_0e005eaa,quote_90c161c5,QUOTE_CREATED,rep_26645e7c,SALES_REP,2026-05-29 03:10:05.601026,{}
evt_ead6696b,quote_90c161c5,PRODUCT_ADDED,rep_26645e7c,SALES_REP,2026-05-29 03:22:05.601026,{}
evt_fe616c8a,quote_90c161c5,DISCOUNT_APPLIED,rep_26645e7c,SALES_REP,2026-05-29 04:22:05.601026,{}
evt_9601d65e,quote_90c161c5,QUOTE_SENT,rep_26645e7c,SALES_REP,2026-05-29 18:22:05.601026,{}
evt_2b512cf2,quote_90c161c5,CUSTOMER_VIEWED,rep_26645e7c,SALES_REP,2026-05-31 18:22:05.601026,{}
evt_0f25fc82,quote_90c161c5,ORDER_CONFIRMED,rep_26645e7c,SALES_REP,2026-06-02 18:22:05.601026,{}
evt_2bf7cbae,quote_2206ada1,QUOTE_CREATED,rep_b548fdfc,SALES_REP,2026-02-05 10:10:05.601026,{}
evt_c797a08a,quote_2206ada1,PRODUCT_ADDED,rep_b548fdfc,SALES_REP,2026-02-05 10:58:05.601026,{}
evt_3ebb125a,quote_2206ada1,DISCOUNT_APPLIED,rep_b548fdfc,SALES_REP,2026-02-05 11:12:05.601026,{}
evt_546c9396,quote_2206ada1,QUOTE_SENT,rep_b548fdfc,SALES_REP,2026-02-05 14:12:05.601026,{}
evt_5baaa714,quote_2206ada1,CUSTOMER_VIEWED,rep_b548fdfc,SALES_REP,2026-02-10 14:12:05.601026,{}
evt_1d6cb2d2,quote_2206ada1,REJECTED,rep_b548fdfc,SALES_REP,2026-02-15 14:12:05.601026,{}
evt_15adbefe,quote_7c921524,QUOTE_CREATED,rep_4fd63151,SALES_REP,2026-04-18 17:10:05.601026,{}
evt_38fbf233,quote_7c921524,PRODUCT_ADDED,rep_4fd63151,SALES_REP,2026-04-18 17:58:05.601026,{}
evt_22f2a632,quote_7c921524,DISCOUNT_APPLIED,rep_4fd63151,SALES_REP,2026-04-18 18:31:05.601026,{}
evt_e925549a,quote_7c921524,QUOTE_SENT,rep_4fd63151,SALES_REP,2026-04-19 01:31:05.601026,{}
evt_85744bf6,quote_7c921524,CUSTOMER_VIEWED,rep_4fd63151,SALES_REP,2026-04-20 01:31:05.601026,{}
evt_a1d8224c,quote_7c921524,ORDER_CONFIRMED,rep_4fd63151,SALES_REP,2026-04-22 01:31:05.601026,{}
evt_0a985fd4,quote_deaee1c8,QUOTE_CREATED,rep_4fd63151,SALES_REP,2026-01-09 14:10:05.601026,{}
evt_f2b699b3,quote_deaee1c8,PRODUCT_ADDED,rep_4fd63151,SALES_REP,2026-01-09 14:53:05.601026,{}
evt_c91b7b05,quote_deaee1c8,DISCOUNT_APPLIED,rep_4fd63151,SALES_REP,2026-01-09 15:44:05.601026,{}
evt_f5113205,quote_deaee1c8,QUOTE_SENT,rep_4fd63151,SALES_REP,2026-01-10 11:44:05.601026,{}
evt_720bfea6,quote_deaee1c8,CUSTOMER_VIEWED,rep_4fd63151,SALES_REP,2026-01-13 11:44:05.601026,{}
evt_24077de2,quote_deaee1c8,ORDER_CONFIRMED,rep_4fd63151,SALES_REP,2026-01-19 11:44:05.601026,{}
evt_5f00e866,quote_9bcb954a,QUOTE_CREATED,rep_03d99ec4,SALES_REP,2026-02-04 02:10:05.601026,{}
evt_db77bd8d,quote_9bcb954a,PRODUCT_ADDED,rep_03d99ec4,SALES_REP,2026-02-04 02:22:05.601026,{}
evt_9bba23b6,quote_9bcb954a,DISCOUNT_APPLIED,rep_03d99ec4,SALES_REP,2026-02-04 02:42:05.601026,{}
evt_ead47805,quote_9bcb954a,QUOTE_SENT,rep_03d99ec4,SALES_REP,2026-02-04 18:42:05.601026,{}
evt_04412581,quote_9bcb954a,CUSTOMER_VIEWED,rep_03d99ec4,SALES_REP,2026-02-09 18:42:05.601026,{}
evt_d4d126e4,quote_9bcb954a,COUNTER_OFFER,rep_03d99ec4,SALES_REP,2026-02-10 18:42:05.601026,{}
evt_385edd90,quote_9bcb954a,QUOTE_REVISED,rep_03d99ec4,SALES_REP,2026-02-12 18:42:05.601026,{}
evt_2f850ce2,quote_9bcb954a,REJECTED,rep_03d99ec4,SALES_REP,2026-02-15 18:42:05.601026,{}
evt_ee9f2f3f,quote_1f9fbd16,QUOTE_CREATED,rep_03d99ec4,SALES_REP,2026-06-23 19:10:05.601026,{}
evt_5117326d,quote_1f9fbd16,PRODUCT_ADDED,rep_03d99ec4,SALES_REP,2026-06-23 19:52:05.601026,{}
evt_c8c3cf3f,quote_1f9fbd16,DISCOUNT_APPLIED,rep_03d99ec4,SALES_REP,2026-06-23 20:01:05.601026,{}
evt_d701414c,quote_1f9fbd16,QUOTE_SENT,rep_03d99ec4,SALES_REP,2026-06-23 21:01:05.601026,{}
evt_56211335,quote_1f9fbd16,CUSTOMER_VIEWED,rep_03d99ec4,SALES_REP,2026-06-26 21:01:05.601026,{}
evt_ad239310,quote_1f9fbd16,COUNTER_OFFER,rep_03d99ec4,SALES_REP,2026-06-27 21:01:05.601026,{}
evt_0652ec12,quote_1f9fbd16,QUOTE_REVISED,rep_03d99ec4,SALES_REP,2026-06-29 21:01:05.601026,{}
evt_3fb37e47,quote_4f37bd1b,QUOTE_CREATED,rep_76071164,SALES_REP,2026-04-05 19:10:05.601026,{}
evt_a0bdc34f,quote_4f37bd1b,PRODUCT_ADDED,rep_76071164,SALES_REP,2026-04-05 19:54:05.601026,{}
evt_9c582ab4,quote_4f37bd1b,DISCOUNT_APPLIED,rep_76071164,SALES_REP,2026-04-05 20:08:05.601026,{}
evt_4eac57f0,quote_4f37bd1b,QUOTE_SENT,rep_76071164,SALES_REP,2026-04-06 05:08:05.601026,{}
evt_04309a86,quote_4f37bd1b,CUSTOMER_VIEWED,rep_76071164,SALES_REP,2026-04-07 05:08:05.601026,{}
evt_e020397d,quote_4f37bd1b,REJECTED,rep_76071164,SALES_REP,2026-04-12 05:08:05.601026,{}
evt_3c76692b,quote_8655bcc7,QUOTE_CREATED,rep_4fd63151,SALES_REP,2026-06-06 16:10:05.601026,{}
evt_892525a3,quote_8655bcc7,PRODUCT_ADDED,rep_4fd63151,SALES_REP,2026-06-06 16:30:05.601026,{}
evt_1e5bc0a4,quote_8655bcc7,DISCOUNT_APPLIED,rep_4fd63151,SALES_REP,2026-06-06 16:40:05.601026,{}
evt_d77a54be,quote_8655bcc7,QUOTE_SENT,rep_4fd63151,SALES_REP,2026-06-07 06:40:05.601026,{}
evt_a3b998a2,quote_8655bcc7,CUSTOMER_VIEWED,rep_4fd63151,SALES_REP,2026-06-08 06:40:05.601026,{}
evt_33a98738,quote_8655bcc7,REJECTED,rep_4fd63151,SALES_REP,2026-06-13 06:40:05.601026,{}
evt_8c5f12a6,quote_3a91eb30,QUOTE_CREATED,rep_e08a1589,SALES_REP,2026-08-13 05:10:05.601026,{}
evt_25fa5e4f,quote_3a91eb30,PRODUCT_ADDED,rep_e08a1589,SALES_REP,2026-08-13 06:00:05.601026,{}
evt_bd03ba3f,quote_3a91eb30,DISCOUNT_APPLIED,rep_e08a1589,SALES_REP,2026-08-13 06:13:05.601026,{}
evt_c4088e33,quote_3a91eb30,QUOTE_SENT,rep_e08a1589,SALES_REP,2026-08-14 05:13:05.601026,{}
evt_c860d63f,quote_3a91eb30,CUSTOMER_VIEWED,rep_e08a1589,SALES_REP,2026-08-15 05:13:05.601026,{}
evt_832f4c03,quote_3a91eb30,COUNTER_OFFER,rep_e08a1589,SALES_REP,2026-08-17 05:13:05.601026,{}
evt_e76d892b,quote_3a91eb30,QUOTE_REVISED,rep_e08a1589,SALES_REP,2026-08-19 05:13:05.601026,{}
evt_0cfc88f0,quote_b50e9c19,QUOTE_CREATED,rep_4fd63151,SALES_REP,2026-01-21 05:10:05.601026,{}
evt_29cf2e77,quote_b50e9c19,PRODUCT_ADDED,rep_4fd63151,SALES_REP,2026-01-21 06:06:05.601026,{}
evt_5945647d,quote_b50e9c19,DISCOUNT_APPLIED,rep_4fd63151,SALES_REP,2026-01-21 06:38:05.601026,{}
evt_db309fc2,quote_b50e9c19,QUOTE_SENT,rep_4fd63151,SALES_REP,2026-01-21 15:38:05.601026,{}
evt_85a7af11,quote_b50e9c19,CUSTOMER_VIEWED,rep_4fd63151,SALES_REP,2026-01-26 15:38:05.601026,{}
evt_6ebde5bd,quote_b50e9c19,COUNTER_OFFER,rep_4fd63151,SALES_REP,2026-01-29 15:38:05.601026,{}
evt_626b48fc,quote_b50e9c19,QUOTE_REVISED,rep_4fd63151,SALES_REP,2026-01-30 15:38:05.601026,{}
evt_5d95935c,quote_b50e9c19,ORDER_CONFIRMED,rep_4fd63151,SALES_REP,2026-02-03 15:38:05.601026,{}
evt_29dd07ce,quote_1a1fcfdf,QUOTE_CREATED,rep_4fd63151,SALES_REP,2026-01-13 09:10:05.601026,{}
evt_992e7c80,quote_1a1fcfdf,PRODUCT_ADDED,rep_4fd63151,SALES_REP,2026-01-13 09:39:05.601026,{}
evt_b3b17460,quote_1a1fcfdf,DISCOUNT_APPLIED,rep_4fd63151,SALES_REP,2026-01-13 09:53:05.601026,{}
evt_be68597e,quote_1a1fcfdf,QUOTE_SENT,rep_4fd63151,SALES_REP,2026-01-13 15:53:05.601026,{}
evt_07e70128,quote_1a1fcfdf,CUSTOMER_VIEWED,rep_4fd63151,SALES_REP,2026-01-14 15:53:05.601026,{}
evt_992b8cfb,quote_1a1fcfdf,REJECTED,rep_4fd63151,SALES_REP,2026-01-20 15:53:05.601026,{}
evt_1dd79f35,quote_293e1e60,QUOTE_CREATED,rep_03d99ec4,SALES_REP,2025-12-28 16:10:05.601026,{}
evt_7c939199,quote_293e1e60,PRODUCT_ADDED,rep_03d99ec4,SALES_REP,2025-12-28 17:07:05.601026,{}
evt_02102676,quote_293e1e60,DISCOUNT_APPLIED,rep_03d99ec4,SALES_REP,2025-12-28 17:16:05.601026,{}
evt_afac46a3,quote_293e1e60,QUOTE_SENT,rep_03d99ec4,SALES_REP,2025-12-29 12:16:05.601026,{}
evt_62c98ab4,quote_293e1e60,CUSTOMER_VIEWED,rep_03d99ec4,SALES_REP,2026-01-01 12:16:05.601026,{}
evt_d82b6ffa,quote_293e1e60,COUNTER_OFFER,rep_03d99ec4,SALES_REP,2026-01-04 12:16:05.601026,{}
evt_a6d8b04d,quote_293e1e60,QUOTE_REVISED,rep_03d99ec4,SALES_REP,2026-01-05 12:16:05.601026,{}
evt_b945eac6,quote_516281e0,QUOTE_CREATED,rep_76071164,SALES_REP,2025-09-28 18:10:05.601026,{}
evt_6fef2aa3,quote_516281e0,PRODUCT_ADDED,rep_76071164,SALES_REP,2025-09-28 18:38:05.601026,{}
evt_8402f04d,quote_516281e0,DISCOUNT_APPLIED,rep_76071164,SALES_REP,2025-09-28 18:55:05.601026,{}
evt_c23c3bb3,quote_516281e0,QUOTE_SENT,rep_76071164,SALES_REP,2025-09-29 04:55:05.601026,{}
evt_5dad926b,quote_516281e0,CUSTOMER_VIEWED,rep_76071164,SALES_REP,2025-10-04 04:55:05.601026,{}
evt_ebea8205,quote_afb98fbd,QUOTE_CREATED,rep_26645e7c,SALES_REP,2026-04-30 17:10:05.601026,{}
evt_0f1c6181,quote_afb98fbd,PRODUCT_ADDED,rep_26645e7c,SALES_REP,2026-04-30 17:49:05.601026,{}
evt_34f1a8dd,quote_afb98fbd,DISCOUNT_APPLIED,rep_26645e7c,SALES_REP,2026-04-30 18:42:05.601026,{}
evt_dec0835f,quote_afb98fbd,QUOTE_SENT,rep_26645e7c,SALES_REP,2026-05-01 02:42:05.601026,{}
evt_9fccb4c7,quote_afb98fbd,CUSTOMER_VIEWED,rep_26645e7c,SALES_REP,2026-05-03 02:42:05.601026,{}
evt_08d1f82e,quote_afb98fbd,COUNTER_OFFER,rep_26645e7c,SALES_REP,2026-05-05 02:42:05.601026,{}
evt_05c0ad6f,quote_afb98fbd,QUOTE_REVISED,rep_26645e7c,SALES_REP,2026-05-06 02:42:05.601026,{}
evt_72ef3388,quote_4d898c29,QUOTE_CREATED,rep_b548fdfc,SALES_REP,2026-07-28 04:10:05.601026,{}
evt_710a8a7a,quote_4d898c29,PRODUCT_ADDED,rep_b548fdfc,SALES_REP,2026-07-28 04:57:05.601026,{}
evt_7a7a8a53,quote_4d898c29,DISCOUNT_APPLIED,rep_b548fdfc,SALES_REP,2026-07-28 05:26:05.601026,{}
evt_0c6a9793,quote_4d898c29,QUOTE_SENT,rep_b548fdfc,SALES_REP,2026-07-29 05:26:05.601026,{}
evt_a92fa5d7,quote_4d898c29,CUSTOMER_VIEWED,rep_b548fdfc,SALES_REP,2026-08-01 05:26:05.601026,{}
evt_e6621158,quote_4d898c29,COUNTER_OFFER,rep_b548fdfc,SALES_REP,2026-08-04 05:26:05.601026,{}
evt_ab273daf,quote_4d898c29,QUOTE_REVISED,rep_b548fdfc,SALES_REP,2026-08-05 05:26:05.601026,{}
evt_39f95b4c,quote_4d898c29,ORDER_CONFIRMED,rep_b548fdfc,SALES_REP,2026-08-09 05:26:05.601026,{}
evt_2c238c51,quote_89823a53,QUOTE_CREATED,rep_f976f2b3,SALES_REP,2026-01-01 22:10:05.601026,{}
evt_448ff4ca,quote_89823a53,PRODUCT_ADDED,rep_f976f2b3,SALES_REP,2026-01-01 23:07:05.601026,{}
evt_eb853822,quote_89823a53,DISCOUNT_APPLIED,rep_f976f2b3,SALES_REP,2026-01-01 23:37:05.601026,{}
evt_86476b07,quote_89823a53,QUOTE_SENT,rep_f976f2b3,SALES_REP,2026-01-02 02:37:05.601026,{}
evt_cbb6387a,quote_89823a53,CUSTOMER_VIEWED,rep_f976f2b3,SALES_REP,2026-01-07 02:37:05.601026,{}
evt_a4e3808f,quote_89823a53,REJECTED,rep_f976f2b3,SALES_REP,2026-01-11 02:37:05.601026,{}
evt_2ad42982,quote_36f1b933,QUOTE_CREATED,rep_4fd63151,SALES_REP,2026-01-04 15:10:05.601026,{}
evt_e2c08507,quote_36f1b933,PRODUCT_ADDED,rep_4fd63151,SALES_REP,2026-01-04 16:08:05.601026,{}
evt_a90f8e33,quote_36f1b933,DISCOUNT_APPLIED,rep_4fd63151,SALES_REP,2026-01-04 17:00:05.601026,{}
evt_c504f503,quote_36f1b933,QUOTE_SENT,rep_4fd63151,SALES_REP,2026-01-05 04:00:05.601026,{}
evt_aca0559f,quote_36f1b933,CUSTOMER_VIEWED,rep_4fd63151,SALES_REP,2026-01-08 04:00:05.601026,{}
evt_82ad4c26,quote_36f1b933,REJECTED,rep_4fd63151,SALES_REP,2026-01-10 04:00:05.601026,{}
evt_fc673851,quote_75daac82,QUOTE_CREATED,rep_26645e7c,SALES_REP,2025-11-14 00:10:05.601026,{}
evt_6ea8eac1,quote_75daac82,PRODUCT_ADDED,rep_26645e7c,SALES_REP,2025-11-14 00:43:05.601026,{}
evt_857aa23f,quote_75daac82,DISCOUNT_APPLIED,rep_26645e7c,SALES_REP,2025-11-14 01:07:05.601026,{}
evt_5f303b5e,quote_75daac82,QUOTE_SENT,rep_26645e7c,SALES_REP,2025-11-14 16:07:05.601026,{}
evt_e5f7288b,quote_75daac82,CUSTOMER_VIEWED,rep_26645e7c,SALES_REP,2025-11-17 16:07:05.601026,{}
evt_a367c863,quote_75daac82,REJECTED,rep_26645e7c,SALES_REP,2025-11-18 16:07:05.601026,{}
evt_da457f06,quote_683f4811,QUOTE_CREATED,rep_e08a1589,SALES_REP,2026-07-10 07:10:05.601026,{}
evt_25949d2f,quote_683f4811,PRODUCT_ADDED,rep_e08a1589,SALES_REP,2026-07-10 08:00:05.601026,{}
evt_882d32df,quote_683f4811,DISCOUNT_APPLIED,rep_e08a1589,SALES_REP,2026-07-10 08:20:05.601026,{}
evt_cef12d58,quote_683f4811,QUOTE_SENT,rep_e08a1589,SALES_REP,2026-07-10 20:20:05.601026,{}
evt_ecb39c0c,quote_683f4811,CUSTOMER_VIEWED,rep_e08a1589,SALES_REP,2026-07-14 20:20:05.601026,{}
evt_036724df,quote_683f4811,REJECTED,rep_e08a1589,SALES_REP,2026-07-20 20:20:05.601026,{}
evt_4d815f3f,quote_f93c4d44,QUOTE_CREATED,rep_e08a1589,SALES_REP,2025-12-03 06:10:05.601026,{}
evt_377c375d,quote_f93c4d44,PRODUCT_ADDED,rep_e08a1589,SALES_REP,2025-12-03 06:15:05.601026,{}
evt_29ba8230,quote_f93c4d44,DISCOUNT_APPLIED,rep_e08a1589,SALES_REP,2025-12-03 06:23:05.601026,{}
evt_f7d15b2b,quote_f93c4d44,QUOTE_SENT,rep_e08a1589,SALES_REP,2025-12-03 14:23:05.601026,{}
evt_d067f903,quote_f93c4d44,CUSTOMER_VIEWED,rep_e08a1589,SALES_REP,2025-12-05 14:23:05.601026,{}
evt_c45c5dc7,quote_f93c4d44,COUNTER_OFFER,rep_e08a1589,SALES_REP,2025-12-07 14:23:05.601026,{}
evt_227594f5,quote_f93c4d44,QUOTE_REVISED,rep_e08a1589,SALES_REP,2025-12-09 14:23:05.601026,{}
evt_9f798fde,quote_f93c4d44,REJECTED,rep_e08a1589,SALES_REP,2025-12-15 14:23:05.601026,{}
evt_79f2c8e4,quote_6d264b12,QUOTE_CREATED,rep_221b7f39,SALES_REP,2026-07-01 00:10:05.601026,{}
evt_e072294e,quote_6d264b12,PRODUCT_ADDED,rep_221b7f39,SALES_REP,2026-07-01 00:27:05.601026,{}
evt_c343082d,quote_6d264b12,DISCOUNT_APPLIED,rep_221b7f39,SALES_REP,2026-07-01 01:13:05.601026,{}
evt_8a02a75a,quote_6d264b12,QUOTE_SENT,rep_221b7f39,SALES_REP,2026-07-01 16:13:05.601026,{}
evt_edf301ec,quote_6d264b12,CUSTOMER_VIEWED,rep_221b7f39,SALES_REP,2026-07-03 16:13:05.601026,{}
evt_c76c1e84,quote_6d264b12,COUNTER_OFFER,rep_221b7f39,SALES_REP,2026-07-05 16:13:05.601026,{}
evt_b0cb6f9c,quote_6d264b12,QUOTE_REVISED,rep_221b7f39,SALES_REP,2026-07-06 16:13:05.601026,{}
evt_b2e1711d,quote_6d264b12,ORDER_CONFIRMED,rep_221b7f39,SALES_REP,2026-07-07 16:13:05.601026,{}
evt_20f23fb8,quote_c5eb094a,QUOTE_CREATED,rep_03d99ec4,SALES_REP,2026-05-17 06:10:05.601026,{}
evt_df4fb7c9,quote_c5eb094a,PRODUCT_ADDED,rep_03d99ec4,SALES_REP,2026-05-17 06:28:05.601026,{}
evt_237bc08f,quote_c5eb094a,DISCOUNT_APPLIED,rep_03d99ec4,SALES_REP,2026-05-17 06:44:05.601026,{}
evt_958a08dc,quote_c5eb094a,QUOTE_SENT,rep_03d99ec4,SALES_REP,2026-05-17 15:44:05.601026,{}
evt_a901e76e,quote_c5eb094a,CUSTOMER_VIEWED,rep_03d99ec4,SALES_REP,2026-05-20 15:44:05.601026,{}
evt_cec292c1,quote_c5eb094a,ORDER_CONFIRMED,rep_03d99ec4,SALES_REP,2026-05-22 15:44:05.601026,{}
evt_abaeb4b9,quote_2ac4aa4d,QUOTE_CREATED,rep_03d99ec4,SALES_REP,2026-06-13 21:10:05.601026,{}
evt_509d8ec1,quote_2ac4aa4d,PRODUCT_ADDED,rep_03d99ec4,SALES_REP,2026-06-13 21:41:05.601026,{}
evt_7b80f8e4,quote_2ac4aa4d,DISCOUNT_APPLIED,rep_03d99ec4,SALES_REP,2026-06-13 21:58:05.601026,{}
evt_2453222d,quote_2ac4aa4d,QUOTE_SENT,rep_03d99ec4,SALES_REP,2026-06-14 18:58:05.601026,{}
evt_37b6a95a,quote_2ac4aa4d,CUSTOMER_VIEWED,rep_03d99ec4,SALES_REP,2026-06-19 18:58:05.601026,{}
evt_74c2232c,quote_2ac4aa4d,COUNTER_OFFER,rep_03d99ec4,SALES_REP,2026-06-22 18:58:05.601026,{}
evt_1b17cfeb,quote_2ac4aa4d,QUOTE_REVISED,rep_03d99ec4,SALES_REP,2026-06-23 18:58:05.601026,{}
evt_b279badf,quote_2ac4aa4d,ORDER_CONFIRMED,rep_03d99ec4,SALES_REP,2026-06-27 18:58:05.601026,{}
evt_04dbc63a,quote_00d19ebf,QUOTE_CREATED,rep_76071164,SALES_REP,2026-02-16 18:10:05.601026,{}
evt_cead3b9a,quote_00d19ebf,PRODUCT_ADDED,rep_76071164,SALES_REP,2026-02-16 19:06:05.601026,{}
evt_e0f31142,quote_00d19ebf,DISCOUNT_APPLIED,rep_76071164,SALES_REP,2026-02-16 19:41:05.601026,{}
evt_5224abba,quote_00d19ebf,QUOTE_SENT,rep_76071164,SALES_REP,2026-02-17 12:41:05.601026,{}
evt_b06699c1,quote_00d19ebf,CUSTOMER_VIEWED,rep_76071164,SALES_REP,2026-02-20 12:41:05.601026,{}
evt_284c2cc1,quote_00d19ebf,REJECTED,rep_76071164,SALES_REP,2026-02-22 12:41:05.601026,{}
evt_dfdbe048,quote_59ee158b,QUOTE_CREATED,rep_221b7f39,SALES_REP,2026-01-10 03:10:05.601026,{}
evt_293cd56a,quote_59ee158b,PRODUCT_ADDED,rep_221b7f39,SALES_REP,2026-01-10 03:29:05.601026,{}
evt_467de1fb,quote_59ee158b,DISCOUNT_APPLIED,rep_221b7f39,SALES_REP,2026-01-10 04:10:05.601026,{}
evt_ca7bea5c,quote_59ee158b,QUOTE_SENT,rep_221b7f39,SALES_REP,2026-01-10 17:10:05.601026,{}
evt_f5b8efa9,quote_59ee158b,CUSTOMER_VIEWED,rep_221b7f39,SALES_REP,2026-01-13 17:10:05.601026,{}
evt_cd0b7ddd,quote_59ee158b,REJECTED,rep_221b7f39,SALES_REP,2026-01-20 17:10:05.601026,{}
evt_f1174f3d,quote_b03ff167,QUOTE_CREATED,rep_4fd63151,SALES_REP,2026-01-05 00:10:05.601026,{}
evt_8c5dc4af,quote_b03ff167,PRODUCT_ADDED,rep_4fd63151,SALES_REP,2026-01-05 00:24:05.601026,{}
evt_1312f456,quote_b03ff167,DISCOUNT_APPLIED,rep_4fd63151,SALES_REP,2026-01-05 01:05:05.601026,{}
evt_141762b0,quote_b03ff167,QUOTE_SENT,rep_4fd63151,SALES_REP,2026-01-05 08:05:05.601026,{}
evt_1941e57e,quote_b03ff167,CUSTOMER_VIEWED,rep_4fd63151,SALES_REP,2026-01-09 08:05:05.601026,{}
evt_eccd17b7,quote_b03ff167,REJECTED,rep_4fd63151,SALES_REP,2026-01-11 08:05:05.601026,{}
evt_4e37cde7,quote_29e1a3b9,QUOTE_CREATED,rep_f976f2b3,SALES_REP,2025-10-21 07:10:05.601026,{}
evt_ba441cf9,quote_29e1a3b9,PRODUCT_ADDED,rep_f976f2b3,SALES_REP,2025-10-21 07:45:05.601026,{}
evt_067c7f70,quote_29e1a3b9,DISCOUNT_APPLIED,rep_f976f2b3,SALES_REP,2025-10-21 07:50:05.601026,{}
evt_aaeebfdb,quote_29e1a3b9,QUOTE_SENT,rep_f976f2b3,SALES_REP,2025-10-21 18:50:05.601026,{}
evt_083e112c,quote_29e1a3b9,CUSTOMER_VIEWED,rep_f976f2b3,SALES_REP,2025-10-26 18:50:05.601026,{}
evt_9074bef1,quote_29e1a3b9,COUNTER_OFFER,rep_f976f2b3,SALES_REP,2025-10-27 18:50:05.601026,{}
evt_fb00bb89,quote_29e1a3b9,QUOTE_REVISED,rep_f976f2b3,SALES_REP,2025-10-29 18:50:05.601026,{}
evt_4404ddca,quote_465440e5,QUOTE_CREATED,rep_b548fdfc,SALES_REP,2025-10-05 06:10:05.601026,{}
evt_4ecf34bb,quote_465440e5,PRODUCT_ADDED,rep_b548fdfc,SALES_REP,2025-10-05 06:22:05.601026,{}
evt_170b3835,quote_465440e5,DISCOUNT_APPLIED,rep_b548fdfc,SALES_REP,2025-10-05 07:21:05.601026,{}
evt_2dc008d0,quote_465440e5,QUOTE_SENT,rep_b548fdfc,SALES_REP,2025-10-06 00:21:05.601026,{}
evt_06b5e746,quote_465440e5,CUSTOMER_VIEWED,rep_b548fdfc,SALES_REP,2025-10-09 00:21:05.601026,{}
evt_16a06e1c,quote_465440e5,ORDER_CONFIRMED,rep_b548fdfc,SALES_REP,2025-10-12 00:21:05.601026,{}
evt_4d29b81b,quote_f326df82,QUOTE_CREATED,rep_4fd63151,SALES_REP,2026-04-17 02:10:05.601026,{}
evt_9c551440,quote_f326df82,PRODUCT_ADDED,rep_4fd63151,SALES_REP,2026-04-17 03:00:05.601026,{}
evt_1323a835,quote_f326df82,DISCOUNT_APPLIED,rep_4fd63151,SALES_REP,2026-04-17 03:40:05.601026,{}
evt_960a0463,quote_f326df82,QUOTE_SENT,rep_4fd63151,SALES_REP,2026-04-18 02:40:05.601026,{}
evt_d6e146da,quote_f326df82,CUSTOMER_VIEWED,rep_4fd63151,SALES_REP,2026-04-23 02:40:05.601026,{}
evt_ef73ca0a,quote_f326df82,REJECTED,rep_4fd63151,SALES_REP,2026-04-25 02:40:05.601026,{}
evt_e213b1cd,quote_558e24cc,QUOTE_CREATED,rep_d5902688,SALES_REP,2025-12-03 18:10:05.601026,{}
evt_19c6a9b7,quote_558e24cc,PRODUCT_ADDED,rep_d5902688,SALES_REP,2025-12-03 18:26:05.601026,{}
evt_5b6bab38,quote_558e24cc,DISCOUNT_APPLIED,rep_d5902688,SALES_REP,2025-12-03 19:17:05.601026,{}
evt_ec105639,quote_558e24cc,QUOTE_SENT,rep_d5902688,SALES_REP,2025-12-03 20:17:05.601026,{}
evt_2832a04d,quote_558e24cc,CUSTOMER_VIEWED,rep_d5902688,SALES_REP,2025-12-08 20:17:05.601026,{}
evt_2d3f17f6,quote_558e24cc,ORDER_CONFIRMED,rep_d5902688,SALES_REP,2025-12-15 20:17:05.601026,{}
evt_f9119ad9,quote_c4d53423,QUOTE_CREATED,rep_d5902688,SALES_REP,2025-10-28 21:10:05.601026,{}
evt_b53dfeaf,quote_c4d53423,PRODUCT_ADDED,rep_d5902688,SALES_REP,2025-10-28 22:00:05.601026,{}
evt_84da9208,quote_c4d53423,DISCOUNT_APPLIED,rep_d5902688,SALES_REP,2025-10-28 22:47:05.601026,{}
evt_ee7655b8,quote_c4d53423,QUOTE_SENT,rep_d5902688,SALES_REP,2025-10-29 19:47:05.601026,{}
evt_d6cafd80,quote_c4d53423,CUSTOMER_VIEWED,rep_d5902688,SALES_REP,2025-11-01 19:47:05.601026,{}
evt_9da18c27,quote_c4d53423,ORDER_CONFIRMED,rep_d5902688,SALES_REP,2025-11-04 19:47:05.601026,{}
evt_a1aea954,quote_b7db2742,QUOTE_CREATED,rep_f976f2b3,SALES_REP,2025-09-29 18:10:05.601026,{}
evt_d218f9aa,quote_b7db2742,PRODUCT_ADDED,rep_f976f2b3,SALES_REP,2025-09-29 18:41:05.601026,{}
evt_6d228a00,quote_b7db2742,DISCOUNT_APPLIED,rep_f976f2b3,SALES_REP,2025-09-29 19:17:05.601026,{}
evt_3f978d46,quote_b7db2742,QUOTE_SENT,rep_f976f2b3,SALES_REP,2025-09-30 08:17:05.601026,{}
evt_bdab21ba,quote_b7db2742,CUSTOMER_VIEWED,rep_f976f2b3,SALES_REP,2025-10-03 08:17:05.601026,{}
evt_51468850,quote_b7db2742,ORDER_CONFIRMED,rep_f976f2b3,SALES_REP,2025-10-04 08:17:05.601026,{}
evt_8c2a9573,quote_3b9351cb,QUOTE_CREATED,rep_71ed5975,SALES_REP,2025-10-12 07:10:05.601026,{}
evt_c818f1aa,quote_3b9351cb,PRODUCT_ADDED,rep_71ed5975,SALES_REP,2025-10-12 07:19:05.601026,{}
evt_e18a77ee,quote_3b9351cb,DISCOUNT_APPLIED,rep_71ed5975,SALES_REP,2025-10-12 07:45:05.601026,{}
evt_b2164166,quote_3b9351cb,QUOTE_SENT,rep_71ed5975,SALES_REP,2025-10-12 13:45:05.601026,{}
evt_4e325cc7,quote_3b9351cb,CUSTOMER_VIEWED,rep_71ed5975,SALES_REP,2025-10-16 13:45:05.601026,{}
evt_7560ea4e,quote_3b9351cb,COUNTER_OFFER,rep_71ed5975,SALES_REP,2025-10-17 13:45:05.601026,{}
evt_5e9bb4b0,quote_3b9351cb,QUOTE_REVISED,rep_71ed5975,SALES_REP,2025-10-18 13:45:05.601026,{}
evt_53163717,quote_3b9351cb,ORDER_CONFIRMED,rep_71ed5975,SALES_REP,2025-10-21 13:45:05.601026,{}
evt_cfd381a3,quote_44b81f39,QUOTE_CREATED,rep_03d99ec4,SALES_REP,2025-11-24 07:10:05.601026,{}
evt_7ab931b2,quote_44b81f39,PRODUCT_ADDED,rep_03d99ec4,SALES_REP,2025-11-24 07:59:05.601026,{}
evt_44de06fa,quote_44b81f39,DISCOUNT_APPLIED,rep_03d99ec4,SALES_REP,2025-11-24 08:39:05.601026,{}
evt_e8de2e12,quote_44b81f39,QUOTE_SENT,rep_03d99ec4,SALES_REP,2025-11-25 08:39:05.601026,{}
evt_3f92ae3a,quote_44b81f39,CUSTOMER_VIEWED,rep_03d99ec4,SALES_REP,2025-11-30 08:39:05.601026,{}
evt_2f1724c3,quote_44b81f39,COUNTER_OFFER,rep_03d99ec4,SALES_REP,2025-12-02 08:39:05.601026,{}
evt_9dd84412,quote_44b81f39,QUOTE_REVISED,rep_03d99ec4,SALES_REP,2025-12-04 08:39:05.601026,{}
evt_5fc54da8,quote_44b81f39,ORDER_CONFIRMED,rep_03d99ec4,SALES_REP,2025-12-06 08:39:05.601026,{}
evt_496e6646,quote_60a55cb2,QUOTE_CREATED,rep_f976f2b3,SALES_REP,2026-03-08 06:10:05.601026,{}
evt_6f0698db,quote_60a55cb2,PRODUCT_ADDED,rep_f976f2b3,SALES_REP,2026-03-08 07:09:05.601026,{}
evt_497d16c9,quote_60a55cb2,DISCOUNT_APPLIED,rep_f976f2b3,SALES_REP,2026-03-08 07:21:05.601026,{}
evt_ac604720,quote_60a55cb2,QUOTE_SENT,rep_f976f2b3,SALES_REP,2026-03-08 17:21:05.601026,{}
evt_c118592a,quote_60a55cb2,CUSTOMER_VIEWED,rep_f976f2b3,SALES_REP,2026-03-12 17:21:05.601026,{}
evt_bef2b4cd,quote_60a55cb2,ORDER_CONFIRMED,rep_f976f2b3,SALES_REP,2026-03-18 17:21:05.601026,{}
evt_d20eea8e,quote_1504cf42,QUOTE_CREATED,rep_03d99ec4,SALES_REP,2026-03-13 11:10:05.601026,{}
evt_15f3102c,quote_1504cf42,PRODUCT_ADDED,rep_03d99ec4,SALES_REP,2026-03-13 11:31:05.601026,{}
evt_9b6953eb,quote_1504cf42,DISCOUNT_APPLIED,rep_03d99ec4,SALES_REP,2026-03-13 11:50:05.601026,{}
evt_bf3843ca,quote_1504cf42,QUOTE_SENT,rep_03d99ec4,SALES_REP,2026-03-13 20:50:05.601026,{}
evt_e8dd5680,quote_1504cf42,CUSTOMER_VIEWED,rep_03d99ec4,SALES_REP,2026-03-18 20:50:05.601026,{}
evt_b033a274,quote_1504cf42,COUNTER_OFFER,rep_03d99ec4,SALES_REP,2026-03-21 20:50:05.601026,{}
evt_eb8165f5,quote_1504cf42,QUOTE_REVISED,rep_03d99ec4,SALES_REP,2026-03-22 20:50:05.601026,{}
evt_7f469bf0,quote_1504cf42,ORDER_CONFIRMED,rep_03d99ec4,SALES_REP,2026-03-23 20:50:05.601026,{}
evt_05d8e8da,quote_810c3db8,QUOTE_CREATED,rep_f976f2b3,SALES_REP,2026-03-22 22:10:05.601026,{}
evt_fb4e6cab,quote_810c3db8,PRODUCT_ADDED,rep_f976f2b3,SALES_REP,2026-03-22 22:30:05.601026,{}
evt_f2259c69,quote_810c3db8,DISCOUNT_APPLIED,rep_f976f2b3,SALES_REP,2026-03-22 23:05:05.601026,{}
evt_41c4020a,quote_810c3db8,QUOTE_SENT,rep_f976f2b3,SALES_REP,2026-03-23 09:05:05.601026,{}
evt_50e29927,quote_810c3db8,CUSTOMER_VIEWED,rep_f976f2b3,SALES_REP,2026-03-24 09:05:05.601026,{}
evt_6c6366ec,quote_810c3db8,ORDER_CONFIRMED,rep_f976f2b3,SALES_REP,2026-03-31 09:05:05.601026,{}
evt_c632990d,quote_cb65a4cf,QUOTE_CREATED,rep_71ed5975,SALES_REP,2025-12-02 11:10:05.601026,{}
evt_252a072e,quote_cb65a4cf,PRODUCT_ADDED,rep_71ed5975,SALES_REP,2025-12-02 11:42:05.601026,{}
evt_c1650a08,quote_cb65a4cf,DISCOUNT_APPLIED,rep_71ed5975,SALES_REP,2025-12-02 11:52:05.601026,{}
evt_2a9c6cb7,quote_cb65a4cf,QUOTE_SENT,rep_71ed5975,SALES_REP,2025-12-03 09:52:05.601026,{}
evt_362c9fcd,quote_cb65a4cf,CUSTOMER_VIEWED,rep_71ed5975,SALES_REP,2025-12-07 09:52:05.601026,{}
evt_a9878fce,quote_cb65a4cf,COUNTER_OFFER,rep_71ed5975,SALES_REP,2025-12-10 09:52:05.601026,{}
evt_2e7124ad,quote_cb65a4cf,QUOTE_REVISED,rep_71ed5975,SALES_REP,2025-12-11 09:52:05.601026,{}
evt_136d3948,quote_cb65a4cf,ORDER_CONFIRMED,rep_71ed5975,SALES_REP,2025-12-18 09:52:05.601026,{}
evt_e7eb020f,quote_27296229,QUOTE_CREATED,rep_76071164,SALES_REP,2026-03-27 23:10:05.601026,{}
evt_132de879,quote_27296229,PRODUCT_ADDED,rep_76071164,SALES_REP,2026-03-28 00:10:05.601026,{}
evt_e25907c8,quote_27296229,DISCOUNT_APPLIED,rep_76071164,SALES_REP,2026-03-28 00:15:05.601026,{}
evt_9eb01fac,quote_27296229,QUOTE_SENT,rep_76071164,SALES_REP,2026-03-28 23:15:05.601026,{}
evt_c92b2efd,quote_27296229,CUSTOMER_VIEWED,rep_76071164,SALES_REP,2026-04-02 23:15:05.601026,{}
evt_76f79903,quote_27296229,ORDER_CONFIRMED,rep_76071164,SALES_REP,2026-04-09 23:15:05.601026,{}
evt_953ad2d6,quote_cc1a86cc,QUOTE_CREATED,rep_d5902688,SALES_REP,2025-10-26 15:10:05.601026,{}
evt_4f94c21f,quote_cc1a86cc,PRODUCT_ADDED,rep_d5902688,SALES_REP,2025-10-26 15:39:05.601026,{}
evt_aa85e8f4,quote_cc1a86cc,DISCOUNT_APPLIED,rep_d5902688,SALES_REP,2025-10-26 16:25:05.601026,{}
evt_faf3abbe,quote_cc1a86cc,QUOTE_SENT,rep_d5902688,SALES_REP,2025-10-27 08:25:05.601026,{}
evt_97bb0076,quote_cc1a86cc,CUSTOMER_VIEWED,rep_d5902688,SALES_REP,2025-11-01 08:25:05.601026,{}
evt_725010eb,quote_cc1a86cc,ORDER_CONFIRMED,rep_d5902688,SALES_REP,2025-11-02 08:25:05.601026,{}
evt_655fc0f3,quote_57ffcfd4,QUOTE_CREATED,rep_03d99ec4,SALES_REP,2026-02-22 04:10:05.601026,{}
evt_8b6c8eb5,quote_57ffcfd4,PRODUCT_ADDED,rep_03d99ec4,SALES_REP,2026-02-22 04:32:05.601026,{}
evt_760b18b8,quote_57ffcfd4,DISCOUNT_APPLIED,rep_03d99ec4,SALES_REP,2026-02-22 05:30:05.601026,{}
evt_a309a0e6,quote_57ffcfd4,QUOTE_SENT,rep_03d99ec4,SALES_REP,2026-02-22 21:30:05.601026,{}
evt_f1e96ef4,quote_57ffcfd4,CUSTOMER_VIEWED,rep_03d99ec4,SALES_REP,2026-02-23 21:30:05.601026,{}
evt_d8c2b49d,quote_57ffcfd4,ORDER_CONFIRMED,rep_03d99ec4,SALES_REP,2026-02-25 21:30:05.601026,{}
evt_af7e6234,quote_02faf559,QUOTE_CREATED,rep_03d99ec4,SALES_REP,2026-07-12 02:10:05.601026,{}
evt_12f5161f,quote_02faf559,PRODUCT_ADDED,rep_03d99ec4,SALES_REP,2026-07-12 02:38:05.601026,{}
evt_6e0155ce,quote_02faf559,DISCOUNT_APPLIED,rep_03d99ec4,SALES_REP,2026-07-12 03:35:05.601026,{}
evt_0b224c26,quote_02faf559,QUOTE_SENT,rep_03d99ec4,SALES_REP,2026-07-12 05:35:05.601026,{}
evt_a5c1dffd,quote_02faf559,CUSTOMER_VIEWED,rep_03d99ec4,SALES_REP,2026-07-17 05:35:05.601026,{}
evt_a3ebbd8a,quote_02faf559,ORDER_CONFIRMED,rep_03d99ec4,SALES_REP,2026-07-18 05:35:05.601026,{}
evt_8eba8aeb,quote_13f16806,QUOTE_CREATED,rep_26645e7c,SALES_REP,2025-12-16 07:10:05.601026,{}
evt_933cf704,quote_13f16806,PRODUCT_ADDED,rep_26645e7c,SALES_REP,2025-12-16 07:40:05.601026,{}
evt_9f49875e,quote_13f16806,DISCOUNT_APPLIED,rep_26645e7c,SALES_REP,2025-12-16 08:25:05.601026,{}
evt_5d10bcc9,quote_13f16806,QUOTE_SENT,rep_26645e7c,SALES_REP,2025-12-16 12:25:05.601026,{}
evt_39f7526a,quote_13f16806,CUSTOMER_VIEWED,rep_26645e7c,SALES_REP,2025-12-17 12:25:05.601026,{}
evt_54b178a4,quote_13f16806,COUNTER_OFFER,rep_26645e7c,SALES_REP,2025-12-19 12:25:05.601026,{}
evt_72aea791,quote_13f16806,QUOTE_REVISED,rep_26645e7c,SALES_REP,2025-12-21 12:25:05.601026,{}
evt_e371dcd5,quote_1423d452,QUOTE_CREATED,rep_d5902688,SALES_REP,2026-06-14 17:10:05.601026,{}
evt_81ddb581,quote_1423d452,PRODUCT_ADDED,rep_d5902688,SALES_REP,2026-06-14 17:16:05.601026,{}
evt_10d062da,quote_1423d452,DISCOUNT_APPLIED,rep_d5902688,SALES_REP,2026-06-14 17:45:05.601026,{}
evt_81331875,quote_1423d452,QUOTE_SENT,rep_d5902688,SALES_REP,2026-06-14 19:45:05.601026,{}
evt_95b0f940,quote_1423d452,CUSTOMER_VIEWED,rep_d5902688,SALES_REP,2026-06-16 19:45:05.601026,{}
evt_5772738f,quote_1423d452,ORDER_CONFIRMED,rep_d5902688,SALES_REP,2026-06-23 19:45:05.601026,{}
evt_389047ef,quote_1bb16903,QUOTE_CREATED,rep_03d99ec4,SALES_REP,2026-05-25 06:10:05.601026,{}
evt_ccac61e5,quote_1bb16903,PRODUCT_ADDED,rep_03d99ec4,SALES_REP,2026-05-25 06:23:05.601026,{}
evt_5a170fc3,quote_1bb16903,DISCOUNT_APPLIED,rep_03d99ec4,SALES_REP,2026-05-25 07:09:05.601026,{}
evt_a6286475,quote_1bb16903,QUOTE_SENT,rep_03d99ec4,SALES_REP,2026-05-25 13:09:05.601026,{}
evt_a9c91c75,quote_1bb16903,CUSTOMER_VIEWED,rep_03d99ec4,SALES_REP,2026-05-30 13:09:05.601026,{}
evt_caa6e759,quote_1bb16903,ORDER_CONFIRMED,rep_03d99ec4,SALES_REP,2026-06-01 13:09:05.601026,{}
evt_d2363a35,quote_37fb2ef5,QUOTE_CREATED,rep_03d99ec4,SALES_REP,2026-03-02 20:10:05.601026,{}
evt_f715de81,quote_37fb2ef5,PRODUCT_ADDED,rep_03d99ec4,SALES_REP,2026-03-02 20:56:05.601026,{}
evt_61af65b7,quote_37fb2ef5,DISCOUNT_APPLIED,rep_03d99ec4,SALES_REP,2026-03-02 21:39:05.601026,{}
evt_920cf565,quote_37fb2ef5,QUOTE_SENT,rep_03d99ec4,SALES_REP,2026-03-03 17:39:05.601026,{}
evt_96bf64a3,quote_37fb2ef5,CUSTOMER_VIEWED,rep_03d99ec4,SALES_REP,2026-03-06 17:39:05.601026,{}
evt_324d7e90,quote_37fb2ef5,COUNTER_OFFER,rep_03d99ec4,SALES_REP,2026-03-07 17:39:05.601026,{}
evt_2ad57d36,quote_37fb2ef5,QUOTE_REVISED,rep_03d99ec4,SALES_REP,2026-03-09 17:39:05.601026,{}
evt_3aa5c0a7,quote_37fb2ef5,REJECTED,rep_03d99ec4,SALES_REP,2026-03-10 17:39:05.601026,{}
evt_01859fc7,quote_258c2a99,QUOTE_CREATED,rep_e08a1589,SALES_REP,2026-07-29 16:10:05.601026,{}
evt_c40ba845,quote_258c2a99,PRODUCT_ADDED,rep_e08a1589,SALES_REP,2026-07-29 16:24:05.601026,{}
evt_92bf11b4,quote_258c2a99,DISCOUNT_APPLIED,rep_e08a1589,SALES_REP,2026-07-29 17:02:05.601026,{}
evt_6a6435d0,quote_258c2a99,QUOTE_SENT,rep_e08a1589,SALES_REP,2026-07-30 01:02:05.601026,{}
evt_998e9a3c,quote_258c2a99,CUSTOMER_VIEWED,rep_e08a1589,SALES_REP,2026-07-31 01:02:05.601026,{}
evt_056a01a8,quote_258c2a99,ORDER_CONFIRMED,rep_e08a1589,SALES_REP,2026-08-07 01:02:05.601026,{}
evt_0b83b3e2,quote_5117ee1c,QUOTE_CREATED,rep_71ed5975,SALES_REP,2026-02-03 14:10:05.601026,{}
evt_6e58b4f9,quote_5117ee1c,PRODUCT_ADDED,rep_71ed5975,SALES_REP,2026-02-03 14:27:05.601026,{}
evt_0841b38d,quote_5117ee1c,DISCOUNT_APPLIED,rep_71ed5975,SALES_REP,2026-02-03 14:53:05.601026,{}
evt_193173b2,quote_5117ee1c,QUOTE_SENT,rep_71ed5975,SALES_REP,2026-02-04 14:53:05.601026,{}
evt_28624f4f,quote_5117ee1c,CUSTOMER_VIEWED,rep_71ed5975,SALES_REP,2026-02-06 14:53:05.601026,{}
evt_8a65e53b,quote_39ecf42b,QUOTE_CREATED,rep_b548fdfc,SALES_REP,2026-05-22 15:10:05.601026,{}
evt_6c82e9a2,quote_39ecf42b,PRODUCT_ADDED,rep_b548fdfc,SALES_REP,2026-05-22 15:33:05.601026,{}
evt_f26bee5a,quote_39ecf42b,DISCOUNT_APPLIED,rep_b548fdfc,SALES_REP,2026-05-22 15:44:05.601026,{}
evt_f58c5817,quote_39ecf42b,QUOTE_SENT,rep_b548fdfc,SALES_REP,2026-05-23 07:44:05.601026,{}
evt_eaacfcce,quote_39ecf42b,CUSTOMER_VIEWED,rep_b548fdfc,SALES_REP,2026-05-25 07:44:05.601026,{}
evt_c3d07328,quote_39ecf42b,REJECTED,rep_b548fdfc,SALES_REP,2026-05-31 07:44:05.601026,{}
evt_6059ac83,quote_bd35c640,QUOTE_CREATED,rep_4fd63151,SALES_REP,2026-08-19 16:10:05.601026,{}
evt_170cb71e,quote_bd35c640,PRODUCT_ADDED,rep_4fd63151,SALES_REP,2026-08-19 17:02:05.601026,{}
evt_5b6e771e,quote_bd35c640,DISCOUNT_APPLIED,rep_4fd63151,SALES_REP,2026-08-19 18:02:05.601026,{}
evt_49162553,quote_bd35c640,QUOTE_SENT,rep_4fd63151,SALES_REP,2026-08-20 04:02:05.601026,{}
evt_e74e5d3a,quote_bd35c640,CUSTOMER_VIEWED,rep_4fd63151,SALES_REP,2026-08-24 04:02:05.601026,{}
evt_a5b020d3,quote_bd35c640,REJECTED,rep_4fd63151,SALES_REP,2026-08-27 04:02:05.601026,{}
evt_8dd28a77,quote_88bedb8f,QUOTE_CREATED,rep_e08a1589,SALES_REP,2026-07-01 15:10:05.601026,{}
evt_b059fa9c,quote_88bedb8f,PRODUCT_ADDED,rep_e08a1589,SALES_REP,2026-07-01 16:10:05.601026,{}
evt_2dbd6667,quote_88bedb8f,DISCOUNT_APPLIED,rep_e08a1589,SALES_REP,2026-07-01 16:55:05.601026,{}
evt_64840a4a,quote_88bedb8f,QUOTE_SENT,rep_e08a1589,SALES_REP,2026-07-02 11:55:05.601026,{}
evt_7f1a2823,quote_88bedb8f,CUSTOMER_VIEWED,rep_e08a1589,SALES_REP,2026-07-07 11:55:05.601026,{}
evt_faf19678,quote_88bedb8f,REJECTED,rep_e08a1589,SALES_REP,2026-07-08 11:55:05.601026,{}
evt_15b35a1d,quote_0bc8e5c9,QUOTE_CREATED,rep_26645e7c,SALES_REP,2026-05-19 09:10:05.601026,{}
evt_a46f8088,quote_0bc8e5c9,PRODUCT_ADDED,rep_26645e7c,SALES_REP,2026-05-19 09:44:05.601026,{}
evt_1f60d6ed,quote_0bc8e5c9,DISCOUNT_APPLIED,rep_26645e7c,SALES_REP,2026-05-19 09:58:05.601026,{}
evt_292d7163,quote_0bc8e5c9,QUOTE_SENT,rep_26645e7c,SALES_REP,2026-05-19 20:58:05.601026,{}
evt_6dc4b3f0,quote_0bc8e5c9,CUSTOMER_VIEWED,rep_26645e7c,SALES_REP,2026-05-21 20:58:05.601026,{}
evt_286a3708,quote_0bc8e5c9,ORDER_CONFIRMED,rep_26645e7c,SALES_REP,2026-05-25 20:58:05.601026,{}
evt_1a8ac408,quote_2c4cbd4f,QUOTE_CREATED,rep_e08a1589,SALES_REP,2025-12-21 11:10:05.601026,{}
evt_528605a3,quote_2c4cbd4f,PRODUCT_ADDED,rep_e08a1589,SALES_REP,2025-12-21 12:03:05.601026,{}
evt_6a357ca4,quote_2c4cbd4f,DISCOUNT_APPLIED,rep_e08a1589,SALES_REP,2025-12-21 12:57:05.601026,{}
evt_64467262,quote_2c4cbd4f,QUOTE_SENT,rep_e08a1589,SALES_REP,2025-12-21 15:57:05.601026,{}
evt_5497fd98,quote_2c4cbd4f,CUSTOMER_VIEWED,rep_e08a1589,SALES_REP,2025-12-23 15:57:05.601026,{}
evt_96ba0eb2,quote_2c4cbd4f,ORDER_CONFIRMED,rep_e08a1589,SALES_REP,2025-12-29 15:57:05.601026,{}
evt_32527bc2,quote_e2cc6912,QUOTE_CREATED,rep_f976f2b3,SALES_REP,2026-06-05 12:10:05.601026,{}
evt_b99384df,quote_e2cc6912,PRODUCT_ADDED,rep_f976f2b3,SALES_REP,2026-06-05 13:08:05.601026,{}
evt_fb4ae891,quote_e2cc6912,DISCOUNT_APPLIED,rep_f976f2b3,SALES_REP,2026-06-05 13:46:05.601026,{}
evt_f9a6f15c,quote_e2cc6912,QUOTE_SENT,rep_f976f2b3,SALES_REP,2026-06-05 20:46:05.601026,{}
evt_6ef4071b,quote_e2cc6912,CUSTOMER_VIEWED,rep_f976f2b3,SALES_REP,2026-06-06 20:46:05.601026,{}
evt_f3411d6e,quote_690652ab,QUOTE_CREATED,rep_26645e7c,SALES_REP,2025-12-30 04:10:05.601026,{}
evt_fc2cf13d,quote_690652ab,PRODUCT_ADDED,rep_26645e7c,SALES_REP,2025-12-30 04:33:05.601026,{}
evt_6011dfc3,quote_690652ab,DISCOUNT_APPLIED,rep_26645e7c,SALES_REP,2025-12-30 05:07:05.601026,{}
evt_dfc4ef1a,quote_690652ab,QUOTE_SENT,rep_26645e7c,SALES_REP,2025-12-31 05:07:05.601026,{}
evt_e5d45064,quote_690652ab,CUSTOMER_VIEWED,rep_26645e7c,SALES_REP,2026-01-05 05:07:05.601026,{}
evt_04f71213,quote_fbb99867,QUOTE_CREATED,rep_4fd63151,SALES_REP,2026-02-27 21:10:05.601026,{}
evt_954175fd,quote_fbb99867,PRODUCT_ADDED,rep_4fd63151,SALES_REP,2026-02-27 22:06:05.601026,{}
evt_f017e50a,quote_fbb99867,DISCOUNT_APPLIED,rep_4fd63151,SALES_REP,2026-02-27 22:36:05.601026,{}
evt_e3de2e65,quote_fbb99867,QUOTE_SENT,rep_4fd63151,SALES_REP,2026-02-27 23:36:05.601026,{}
evt_45c702be,quote_fbb99867,CUSTOMER_VIEWED,rep_4fd63151,SALES_REP,2026-03-01 23:36:05.601026,{}
evt_1e843ea6,quote_fbb99867,COUNTER_OFFER,rep_4fd63151,SALES_REP,2026-03-02 23:36:05.601026,{}
evt_8e38f571,quote_fbb99867,QUOTE_REVISED,rep_4fd63151,SALES_REP,2026-03-03 23:36:05.601026,{}
evt_27bc0dca,quote_fbb99867,ORDER_CONFIRMED,rep_4fd63151,SALES_REP,2026-03-09 23:36:05.601026,{}
evt_5a44ff4d,quote_a100bba1,QUOTE_CREATED,rep_f976f2b3,SALES_REP,2026-03-17 02:10:05.601026,{}
evt_17e9deb0,quote_a100bba1,PRODUCT_ADDED,rep_f976f2b3,SALES_REP,2026-03-17 02:53:05.601026,{}
evt_13e3816d,quote_a100bba1,DISCOUNT_APPLIED,rep_f976f2b3,SALES_REP,2026-03-17 03:01:05.601026,{}
evt_6e13fdaf,quote_a100bba1,QUOTE_SENT,rep_f976f2b3,SALES_REP,2026-03-18 01:01:05.601026,{}
evt_7b577387,quote_a100bba1,CUSTOMER_VIEWED,rep_f976f2b3,SALES_REP,2026-03-19 01:01:05.601026,{}
evt_4b460de1,quote_a100bba1,ORDER_CONFIRMED,rep_f976f2b3,SALES_REP,2026-03-20 01:01:05.601026,{}
evt_db258ddb,quote_9c63a5b2,QUOTE_CREATED,rep_e08a1589,SALES_REP,2026-05-06 04:10:05.601026,{}
evt_8245841f,quote_9c63a5b2,PRODUCT_ADDED,rep_e08a1589,SALES_REP,2026-05-06 04:41:05.601026,{}
evt_cbb7d5f6,quote_9c63a5b2,DISCOUNT_APPLIED,rep_e08a1589,SALES_REP,2026-05-06 05:28:05.601026,{}
evt_a2731754,quote_9c63a5b2,QUOTE_SENT,rep_e08a1589,SALES_REP,2026-05-06 09:28:05.601026,{}
evt_eb56a130,quote_9c63a5b2,CUSTOMER_VIEWED,rep_e08a1589,SALES_REP,2026-05-11 09:28:05.601026,{}
evt_0590262a,quote_9c63a5b2,COUNTER_OFFER,rep_e08a1589,SALES_REP,2026-05-14 09:28:05.601026,{}
evt_98f4c19e,quote_9c63a5b2,QUOTE_REVISED,rep_e08a1589,SALES_REP,2026-05-15 09:28:05.601026,{}
evt_829c1eb4,quote_9c63a5b2,ORDER_CONFIRMED,rep_e08a1589,SALES_REP,2026-05-19 09:28:05.601026,{}
evt_aeaf9efa,quote_39ea889c,QUOTE_CREATED,rep_221b7f39,SALES_REP,2026-05-17 12:10:05.601026,{}
evt_057ba671,quote_39ea889c,PRODUCT_ADDED,rep_221b7f39,SALES_REP,2026-05-17 12:48:05.601026,{}
evt_9854deed,quote_39ea889c,DISCOUNT_APPLIED,rep_221b7f39,SALES_REP,2026-05-17 13:05:05.601026,{}
evt_f6841fd0,quote_39ea889c,QUOTE_SENT,rep_221b7f39,SALES_REP,2026-05-18 01:05:05.601026,{}
evt_8623d323,quote_39ea889c,CUSTOMER_VIEWED,rep_221b7f39,SALES_REP,2026-05-22 01:05:05.601026,{}
evt_c2751e32,quote_39ea889c,COUNTER_OFFER,rep_221b7f39,SALES_REP,2026-05-23 01:05:05.601026,{}
evt_23dd7107,quote_39ea889c,QUOTE_REVISED,rep_221b7f39,SALES_REP,2026-05-25 01:05:05.601026,{}
evt_d1991539,quote_39ea889c,ORDER_CONFIRMED,rep_221b7f39,SALES_REP,2026-05-27 01:05:05.601026,{}
evt_d37e5719,quote_c06728d8,QUOTE_CREATED,rep_d5902688,SALES_REP,2026-08-13 21:10:05.601026,{}
evt_e7cb574e,quote_c06728d8,PRODUCT_ADDED,rep_d5902688,SALES_REP,2026-08-13 22:01:05.601026,{}
evt_1647ec66,quote_c06728d8,DISCOUNT_APPLIED,rep_d5902688,SALES_REP,2026-08-13 22:52:05.601026,{}
evt_bb07b412,quote_c06728d8,QUOTE_SENT,rep_d5902688,SALES_REP,2026-08-14 02:52:05.601026,{}
evt_c49abb7c,quote_c06728d8,CUSTOMER_VIEWED,rep_d5902688,SALES_REP,2026-08-17 02:52:05.601026,{}
evt_9caea0d6,quote_c06728d8,REJECTED,rep_d5902688,SALES_REP,2026-08-21 02:52:05.601026,{}
evt_db2055d0,quote_827e76c3,QUOTE_CREATED,rep_e08a1589,SALES_REP,2026-04-30 07:10:05.601026,{}
evt_adb97599,quote_827e76c3,PRODUCT_ADDED,rep_e08a1589,SALES_REP,2026-04-30 07:33:05.601026,{}
evt_eb3e3da6,quote_827e76c3,DISCOUNT_APPLIED,rep_e08a1589,SALES_REP,2026-04-30 08:01:05.601026,{}
evt_d64b140e,quote_827e76c3,QUOTE_SENT,rep_e08a1589,SALES_REP,2026-05-01 06:01:05.601026,{}
evt_de397c73,quote_827e76c3,CUSTOMER_VIEWED,rep_e08a1589,SALES_REP,2026-05-04 06:01:05.601026,{}
evt_a7b82b16,quote_827e76c3,ORDER_CONFIRMED,rep_e08a1589,SALES_REP,2026-05-05 06:01:05.601026,{}
evt_a894a3e9,quote_374662c8,QUOTE_CREATED,rep_b548fdfc,SALES_REP,2026-04-18 01:10:05.601026,{}
evt_86723961,quote_374662c8,PRODUCT_ADDED,rep_b548fdfc,SALES_REP,2026-04-18 02:07:05.601026,{}
evt_4e8b2056,quote_374662c8,DISCOUNT_APPLIED,rep_b548fdfc,SALES_REP,2026-04-18 02:33:05.601026,{}
evt_ea25a8a8,quote_374662c8,QUOTE_SENT,rep_b548fdfc,SALES_REP,2026-04-18 08:33:05.601026,{}
evt_0f71134d,quote_374662c8,CUSTOMER_VIEWED,rep_b548fdfc,SALES_REP,2026-04-19 08:33:05.601026,{}
evt_fef16afe,quote_374662c8,ORDER_CONFIRMED,rep_b548fdfc,SALES_REP,2026-04-23 08:33:05.601026,{}
evt_00586701,quote_f05e21d7,QUOTE_CREATED,rep_4fd63151,SALES_REP,2025-11-01 10:10:05.601026,{}
evt_8f11dab5,quote_f05e21d7,PRODUCT_ADDED,rep_4fd63151,SALES_REP,2025-11-01 10:54:05.601026,{}
evt_a50d837c,quote_f05e21d7,DISCOUNT_APPLIED,rep_4fd63151,SALES_REP,2025-11-01 11:23:05.601026,{}
evt_ecdb6864,quote_f05e21d7,QUOTE_SENT,rep_4fd63151,SALES_REP,2025-11-01 23:23:05.601026,{}
evt_29c169da,quote_f05e21d7,CUSTOMER_VIEWED,rep_4fd63151,SALES_REP,2025-11-06 23:23:05.601026,{}
evt_3ed66eeb,quote_f05e21d7,COUNTER_OFFER,rep_4fd63151,SALES_REP,2025-11-09 23:23:05.601026,{}
evt_e97c23af,quote_f05e21d7,QUOTE_REVISED,rep_4fd63151,SALES_REP,2025-11-10 23:23:05.601026,{}
evt_bab18089,quote_f05e21d7,ORDER_CONFIRMED,rep_4fd63151,SALES_REP,2025-11-14 23:23:05.601026,{}
evt_232810cf,quote_3e751b17,QUOTE_CREATED,rep_e08a1589,SALES_REP,2026-08-06 16:10:05.601026,{}
evt_4c090dc9,quote_3e751b17,PRODUCT_ADDED,rep_e08a1589,SALES_REP,2026-08-06 17:10:05.601026,{}
evt_605eead2,quote_3e751b17,DISCOUNT_APPLIED,rep_e08a1589,SALES_REP,2026-08-06 17:36:05.601026,{}
evt_c14ce540,quote_3e751b17,QUOTE_SENT,rep_e08a1589,SALES_REP,2026-08-07 10:36:05.601026,{}
evt_854f6154,quote_3e751b17,CUSTOMER_VIEWED,rep_e08a1589,SALES_REP,2026-08-12 10:36:05.601026,{}
evt_b8ee4deb,quote_3e751b17,APPROVAL_REQUESTED,rep_e08a1589,SALES_REP,2026-08-12 20:36:05.601026,{}
evt_09180726,quote_3e751b17,APPROVED,rep_e08a1589,SALES_REP,2026-08-13 20:36:05.601026,{}
evt_944a9f0c,quote_3e751b17,ORDER_CONFIRMED,rep_e08a1589,SALES_REP,2026-08-17 20:36:05.601026,{}
evt_1a38147a,quote_4d361f88,QUOTE_CREATED,rep_76071164,SALES_REP,2026-07-15 07:10:05.601026,{}
evt_c824ca04,quote_4d361f88,PRODUCT_ADDED,rep_76071164,SALES_REP,2026-07-15 07:46:05.601026,{}
evt_f7a08c67,quote_4d361f88,DISCOUNT_APPLIED,rep_76071164,SALES_REP,2026-07-15 08:46:05.601026,{}
evt_8fad8cac,quote_4d361f88,QUOTE_SENT,rep_76071164,SALES_REP,2026-07-15 14:46:05.601026,{}
evt_0556b62f,quote_4d361f88,CUSTOMER_VIEWED,rep_76071164,SALES_REP,2026-07-16 14:46:05.601026,{}
evt_44bfc8fd,quote_4d361f88,APPROVAL_REQUESTED,rep_76071164,SALES_REP,2026-07-16 20:46:05.601026,{}
evt_7db05df0,quote_4d361f88,APPROVED,rep_76071164,SALES_REP,2026-07-18 20:46:05.601026,{}
evt_782b6ecd,quote_4d361f88,ORDER_CONFIRMED,rep_76071164,SALES_REP,2026-07-21 20:46:05.601026,{}
evt_7939aa26,quote_8874e647,QUOTE_CREATED,rep_26645e7c,SALES_REP,2025-10-15 20:10:05.601026,{}
evt_ba499626,quote_8874e647,PRODUCT_ADDED,rep_26645e7c,SALES_REP,2025-10-15 21:09:05.601026,{}
evt_3407841c,quote_8874e647,DISCOUNT_APPLIED,rep_26645e7c,SALES_REP,2025-10-15 21:45:05.601026,{}
evt_6573e31a,quote_8874e647,QUOTE_SENT,rep_26645e7c,SALES_REP,2025-10-16 12:45:05.601026,{}
evt_18b1aa49,quote_8874e647,CUSTOMER_VIEWED,rep_26645e7c,SALES_REP,2025-10-19 12:45:05.601026,{}
evt_6dad09a5,quote_8874e647,COUNTER_OFFER,rep_26645e7c,SALES_REP,2025-10-21 12:45:05.601026,{}
evt_8d7a1fea,quote_8874e647,QUOTE_REVISED,rep_26645e7c,SALES_REP,2025-10-22 12:45:05.601026,{}
evt_ba1db9d7,quote_76ec3989,QUOTE_CREATED,rep_03d99ec4,SALES_REP,2025-09-23 23:10:05.601026,{}
evt_188b5683,quote_76ec3989,PRODUCT_ADDED,rep_03d99ec4,SALES_REP,2025-09-23 23:55:05.601026,{}
evt_7363733b,quote_76ec3989,DISCOUNT_APPLIED,rep_03d99ec4,SALES_REP,2025-09-24 00:19:05.601026,{}
evt_56aad50e,quote_76ec3989,QUOTE_SENT,rep_03d99ec4,SALES_REP,2025-09-24 17:19:05.601026,{}
evt_4c6239c8,quote_76ec3989,CUSTOMER_VIEWED,rep_03d99ec4,SALES_REP,2025-09-29 17:19:05.601026,{}
evt_68522025,quote_76ec3989,COUNTER_OFFER,rep_03d99ec4,SALES_REP,2025-10-02 17:19:05.601026,{}
evt_b65179ad,quote_76ec3989,QUOTE_REVISED,rep_03d99ec4,SALES_REP,2025-10-04 17:19:05.601026,{}
evt_1a57f616,quote_76ec3989,ORDER_CONFIRMED,rep_03d99ec4,SALES_REP,2025-10-07 17:19:05.601026,{}
evt_f02add9b,quote_f65cb121,QUOTE_CREATED,rep_d5902688,SALES_REP,2026-07-09 21:10:05.601026,{}
evt_dc4dcece,quote_f65cb121,PRODUCT_ADDED,rep_d5902688,SALES_REP,2026-07-09 21:59:05.601026,{}
evt_9d36672f,quote_f65cb121,DISCOUNT_APPLIED,rep_d5902688,SALES_REP,2026-07-09 22:10:05.601026,{}
evt_1f976ee9,quote_f65cb121,QUOTE_SENT,rep_d5902688,SALES_REP,2026-07-10 00:10:05.601026,{}
evt_9300e287,quote_f65cb121,CUSTOMER_VIEWED,rep_d5902688,SALES_REP,2026-07-12 00:10:05.601026,{}
evt_1cd1159a,quote_f82d5165,QUOTE_CREATED,rep_03d99ec4,SALES_REP,2025-10-29 14:10:05.601026,{}
evt_4b3a79fa,quote_f82d5165,PRODUCT_ADDED,rep_03d99ec4,SALES_REP,2025-10-29 15:09:05.601026,{}
evt_685f3a38,quote_f82d5165,DISCOUNT_APPLIED,rep_03d99ec4,SALES_REP,2025-10-29 15:39:05.601026,{}
evt_b9e998db,quote_f82d5165,QUOTE_SENT,rep_03d99ec4,SALES_REP,2025-10-29 22:39:05.601026,{}
evt_71296632,quote_f82d5165,CUSTOMER_VIEWED,rep_03d99ec4,SALES_REP,2025-11-02 22:39:05.601026,{}
evt_ccc2749a,quote_f82d5165,ORDER_CONFIRMED,rep_03d99ec4,SALES_REP,2025-11-04 22:39:05.601026,{}
evt_cc2cea3c,quote_1418f740,QUOTE_CREATED,rep_71ed5975,SALES_REP,2026-04-28 03:10:05.601026,{}
evt_6795aa8a,quote_1418f740,PRODUCT_ADDED,rep_71ed5975,SALES_REP,2026-04-28 04:08:05.601026,{}
evt_3f98370e,quote_1418f740,DISCOUNT_APPLIED,rep_71ed5975,SALES_REP,2026-04-28 04:50:05.601026,{}
evt_7898335e,quote_1418f740,QUOTE_SENT,rep_71ed5975,SALES_REP,2026-04-28 20:50:05.601026,{}
evt_0fb00f86,quote_1418f740,CUSTOMER_VIEWED,rep_71ed5975,SALES_REP,2026-05-03 20:50:05.601026,{}
evt_17c7b18f,quote_1418f740,REJECTED,rep_71ed5975,SALES_REP,2026-05-05 20:50:05.601026,{}
evt_4492014d,quote_2ae84bb9,QUOTE_CREATED,rep_d5902688,SALES_REP,2025-12-03 05:10:05.601026,{}
evt_0b997e2e,quote_2ae84bb9,PRODUCT_ADDED,rep_d5902688,SALES_REP,2025-12-03 05:59:05.601026,{}
evt_9a102fe7,quote_2ae84bb9,DISCOUNT_APPLIED,rep_d5902688,SALES_REP,2025-12-03 06:52:05.601026,{}
evt_2f1f1af8,quote_2ae84bb9,QUOTE_SENT,rep_d5902688,SALES_REP,2025-12-03 14:52:05.601026,{}
evt_10ba8c7e,quote_2ae84bb9,CUSTOMER_VIEWED,rep_d5902688,SALES_REP,2025-12-06 14:52:05.601026,{}
evt_849c2034,quote_2ae84bb9,REJECTED,rep_d5902688,SALES_REP,2025-12-09 14:52:05.601026,{}
evt_b76815cb,quote_7210be5b,QUOTE_CREATED,rep_71ed5975,SALES_REP,2025-11-12 10:10:05.601026,{}
evt_66c9a091,quote_7210be5b,PRODUCT_ADDED,rep_71ed5975,SALES_REP,2025-11-12 11:08:05.601026,{}
evt_ad1a6ed8,quote_7210be5b,DISCOUNT_APPLIED,rep_71ed5975,SALES_REP,2025-11-12 11:57:05.601026,{}
evt_a58f7d11,quote_7210be5b,QUOTE_SENT,rep_71ed5975,SALES_REP,2025-11-13 05:57:05.601026,{}
evt_2ffbeeeb,quote_7210be5b,CUSTOMER_VIEWED,rep_71ed5975,SALES_REP,2025-11-16 05:57:05.601026,{}
evt_666c1534,quote_7210be5b,ORDER_CONFIRMED,rep_71ed5975,SALES_REP,2025-11-21 05:57:05.601026,{}
evt_d37d6dd7,quote_84dd3946,QUOTE_CREATED,rep_b548fdfc,SALES_REP,2026-08-15 10:10:05.601026,{}
evt_d2abcc68,quote_84dd3946,PRODUCT_ADDED,rep_b548fdfc,SALES_REP,2026-08-15 10:49:05.601026,{}
evt_313526ae,quote_84dd3946,DISCOUNT_APPLIED,rep_b548fdfc,SALES_REP,2026-08-15 11:38:05.601026,{}
evt_50a2dfec,quote_84dd3946,QUOTE_SENT,rep_b548fdfc,SALES_REP,2026-08-16 08:38:05.601026,{}
evt_2f606998,quote_84dd3946,CUSTOMER_VIEWED,rep_b548fdfc,SALES_REP,2026-08-19 08:38:05.601026,{}
evt_eee37adf,quote_84dd3946,REJECTED,rep_b548fdfc,SALES_REP,2026-08-26 08:38:05.601026,{}
evt_6ff05d9a,quote_4355b840,QUOTE_CREATED,rep_76071164,SALES_REP,2026-05-09 00:10:05.601026,{}
evt_ccc2d7a3,quote_4355b840,PRODUCT_ADDED,rep_76071164,SALES_REP,2026-05-09 01:02:05.601026,{}
evt_b061f31a,quote_4355b840,DISCOUNT_APPLIED,rep_76071164,SALES_REP,2026-05-09 02:00:05.601026,{}
evt_a2ad04d4,quote_4355b840,QUOTE_SENT,rep_76071164,SALES_REP,2026-05-09 20:00:05.601026,{}
evt_4f9b3af9,quote_4355b840,CUSTOMER_VIEWED,rep_76071164,SALES_REP,2026-05-12 20:00:05.601026,{}
evt_0454b051,quote_4355b840,ORDER_CONFIRMED,rep_76071164,SALES_REP,2026-05-16 20:00:05.601026,{}
evt_e92a61df,quote_73b95710,QUOTE_CREATED,rep_f976f2b3,SALES_REP,2025-12-16 14:10:05.601026,{}
evt_aeca742e,quote_73b95710,PRODUCT_ADDED,rep_f976f2b3,SALES_REP,2025-12-16 14:31:05.601026,{}
evt_86ea66ee,quote_73b95710,DISCOUNT_APPLIED,rep_f976f2b3,SALES_REP,2025-12-16 14:45:05.601026,{}
evt_a1541704,quote_73b95710,QUOTE_SENT,rep_f976f2b3,SALES_REP,2025-12-16 16:45:05.601026,{}
evt_4c4acf2a,quote_73b95710,CUSTOMER_VIEWED,rep_f976f2b3,SALES_REP,2025-12-19 16:45:05.601026,{}
evt_741f8c64,quote_73b95710,COUNTER_OFFER,rep_f976f2b3,SALES_REP,2025-12-22 16:45:05.601026,{}
evt_f9fa174b,quote_73b95710,QUOTE_REVISED,rep_f976f2b3,SALES_REP,2025-12-23 16:45:05.601026,{}
evt_5277edab,quote_73b95710,ORDER_CONFIRMED,rep_f976f2b3,SALES_REP,2025-12-26 16:45:05.601026,{}
evt_7b1b628e,quote_9b3ec560,QUOTE_CREATED,rep_76071164,SALES_REP,2026-03-23 13:10:05.601026,{}
evt_954fb427,quote_9b3ec560,PRODUCT_ADDED,rep_76071164,SALES_REP,2026-03-23 13:57:05.601026,{}
evt_49fb60bb,quote_9b3ec560,DISCOUNT_APPLIED,rep_76071164,SALES_REP,2026-03-23 14:05:05.601026,{}
evt_7b0d96ae,quote_9b3ec560,QUOTE_SENT,rep_76071164,SALES_REP,2026-03-24 03:05:05.601026,{}
evt_e3ca392e,quote_9b3ec560,CUSTOMER_VIEWED,rep_76071164,SALES_REP,2026-03-28 03:05:05.601026,{}
evt_d1a11257,quote_9b3ec560,REJECTED,rep_76071164,SALES_REP,2026-04-04 03:05:05.601026,{}
evt_4aeb1e4b,quote_6cb3440c,QUOTE_CREATED,rep_b548fdfc,SALES_REP,2026-06-14 07:10:05.601026,{}
evt_a37c7524,quote_6cb3440c,PRODUCT_ADDED,rep_b548fdfc,SALES_REP,2026-06-14 08:10:05.601026,{}
evt_e61380e7,quote_6cb3440c,DISCOUNT_APPLIED,rep_b548fdfc,SALES_REP,2026-06-14 09:10:05.601026,{}
evt_c28412dc,quote_6cb3440c,QUOTE_SENT,rep_b548fdfc,SALES_REP,2026-06-15 00:10:05.601026,{}
evt_90e7b3a5,quote_6cb3440c,CUSTOMER_VIEWED,rep_b548fdfc,SALES_REP,2026-06-17 00:10:05.601026,{}
evt_f8b886e0,quote_6cb3440c,APPROVAL_REQUESTED,rep_b548fdfc,SALES_REP,2026-06-17 12:10:05.601026,{}
evt_eaca9368,quote_6cb3440c,APPROVED,rep_b548fdfc,SALES_REP,2026-06-20 12:10:05.601026,{}
evt_ebd8602f,quote_6cb3440c,ORDER_CONFIRMED,rep_b548fdfc,SALES_REP,2026-06-27 12:10:05.601026,{}
evt_78e46554,quote_a5f2f86f,QUOTE_CREATED,rep_4fd63151,SALES_REP,2026-05-26 09:10:05.601026,{}
evt_19d3c3c3,quote_a5f2f86f,PRODUCT_ADDED,rep_4fd63151,SALES_REP,2026-05-26 09:31:05.601026,{}
evt_4801d4c7,quote_a5f2f86f,DISCOUNT_APPLIED,rep_4fd63151,SALES_REP,2026-05-26 09:44:05.601026,{}
evt_3a86261d,quote_a5f2f86f,QUOTE_SENT,rep_4fd63151,SALES_REP,2026-05-26 15:44:05.601026,{}
evt_d9a18608,quote_a5f2f86f,CUSTOMER_VIEWED,rep_4fd63151,SALES_REP,2026-05-31 15:44:05.601026,{}
evt_a40fc6d4,quote_a5f2f86f,ORDER_CONFIRMED,rep_4fd63151,SALES_REP,2026-06-01 15:44:05.601026,{}
evt_015d234c,quote_85355a30,QUOTE_CREATED,rep_b548fdfc,SALES_REP,2026-07-07 07:10:05.601026,{}
evt_f15e4010,quote_85355a30,PRODUCT_ADDED,rep_b548fdfc,SALES_REP,2026-07-07 07:46:05.601026,{}
evt_e60d35b2,quote_85355a30,DISCOUNT_APPLIED,rep_b548fdfc,SALES_REP,2026-07-07 08:41:05.601026,{}
evt_eb1841f8,quote_85355a30,QUOTE_SENT,rep_b548fdfc,SALES_REP,2026-07-08 03:41:05.601026,{}
evt_97137a6f,quote_85355a30,CUSTOMER_VIEWED,rep_b548fdfc,SALES_REP,2026-07-13 03:41:05.601026,{}
evt_837a2f98,quote_85355a30,ORDER_CONFIRMED,rep_b548fdfc,SALES_REP,2026-07-20 03:41:05.601026,{}
evt_03fffbbc,quote_8720abc9,QUOTE_CREATED,rep_4fd63151,SALES_REP,2026-04-05 23:10:05.601026,{}
evt_d23eb063,quote_8720abc9,PRODUCT_ADDED,rep_4fd63151,SALES_REP,2026-04-05 23:28:05.601026,{}
evt_f2c348d1,quote_8720abc9,DISCOUNT_APPLIED,rep_4fd63151,SALES_REP,2026-04-06 00:15:05.601026,{}
evt_ca095be9,quote_8720abc9,QUOTE_SENT,rep_4fd63151,SALES_REP,2026-04-06 11:15:05.601026,{}
evt_ea2ffbc1,quote_8720abc9,CUSTOMER_VIEWED,rep_4fd63151,SALES_REP,2026-04-09 11:15:05.601026,{}
evt_a163b639,quote_8720abc9,REJECTED,rep_4fd63151,SALES_REP,2026-04-11 11:15:05.601026,{}
evt_a8394f71,quote_950e2154,QUOTE_CREATED,rep_d5902688,SALES_REP,2026-06-03 21:10:05.601026,{}
evt_3732daca,quote_950e2154,PRODUCT_ADDED,rep_d5902688,SALES_REP,2026-06-03 21:57:05.601026,{}
evt_b7abb7e3,quote_950e2154,DISCOUNT_APPLIED,rep_d5902688,SALES_REP,2026-06-03 22:24:05.601026,{}
evt_dcf7caa0,quote_950e2154,QUOTE_SENT,rep_d5902688,SALES_REP,2026-06-04 13:24:05.601026,{}
evt_7133167a,quote_950e2154,CUSTOMER_VIEWED,rep_d5902688,SALES_REP,2026-06-06 13:24:05.601026,{}
evt_e0bbb4c3,quote_3e89408e,QUOTE_CREATED,rep_26645e7c,SALES_REP,2025-09-26 03:10:05.601026,{}
evt_199408b6,quote_3e89408e,PRODUCT_ADDED,rep_26645e7c,SALES_REP,2025-09-26 03:43:05.601026,{}
evt_6e7e8d1d,quote_3e89408e,DISCOUNT_APPLIED,rep_26645e7c,SALES_REP,2025-09-26 04:19:05.601026,{}
evt_8ac828b0,quote_3e89408e,QUOTE_SENT,rep_26645e7c,SALES_REP,2025-09-26 06:19:05.601026,{}
evt_78f247a5,quote_3e89408e,CUSTOMER_VIEWED,rep_26645e7c,SALES_REP,2025-09-29 06:19:05.601026,{}
evt_36e6dd1e,quote_ec398e8d,QUOTE_CREATED,rep_76071164,SALES_REP,2025-10-17 09:10:05.601026,{}
evt_46f515a6,quote_ec398e8d,PRODUCT_ADDED,rep_76071164,SALES_REP,2025-10-17 09:15:05.601026,{}
evt_f8fa1987,quote_ec398e8d,DISCOUNT_APPLIED,rep_76071164,SALES_REP,2025-10-17 10:00:05.601026,{}
evt_01442987,quote_ec398e8d,QUOTE_SENT,rep_76071164,SALES_REP,2025-10-17 13:00:05.601026,{}
evt_2ae3e53e,quote_ec398e8d,CUSTOMER_VIEWED,rep_76071164,SALES_REP,2025-10-19 13:00:05.601026,{}
evt_a67ad7f7,quote_6b860fef,QUOTE_CREATED,rep_03d99ec4,SALES_REP,2025-10-28 12:10:05.601026,{}
evt_829a1f45,quote_6b860fef,PRODUCT_ADDED,rep_03d99ec4,SALES_REP,2025-10-28 13:07:05.601026,{}
evt_aaef1478,quote_6b860fef,DISCOUNT_APPLIED,rep_03d99ec4,SALES_REP,2025-10-28 13:16:05.601026,{}
evt_ed5e65e9,quote_6b860fef,QUOTE_SENT,rep_03d99ec4,SALES_REP,2025-10-29 13:16:05.601026,{}
evt_43e9fcec,quote_6b860fef,CUSTOMER_VIEWED,rep_03d99ec4,SALES_REP,2025-10-31 13:16:05.601026,{}
evt_94d5f9c7,quote_6b860fef,COUNTER_OFFER,rep_03d99ec4,SALES_REP,2025-11-03 13:16:05.601026,{}
evt_d62ac542,quote_6b860fef,QUOTE_REVISED,rep_03d99ec4,SALES_REP,2025-11-05 13:16:05.601026,{}
evt_4c8c9ea7,quote_6b860fef,ORDER_CONFIRMED,rep_03d99ec4,SALES_REP,2025-11-06 13:16:05.601026,{}
evt_4b9b7686,quote_922cee93,QUOTE_CREATED,rep_d5902688,SALES_REP,2025-12-30 14:10:05.601026,{}
evt_27215743,quote_922cee93,PRODUCT_ADDED,rep_d5902688,SALES_REP,2025-12-30 15:01:05.601026,{}
evt_d416083e,quote_922cee93,DISCOUNT_APPLIED,rep_d5902688,SALES_REP,2025-12-30 15:45:05.601026,{}
evt_9e48882a,quote_922cee93,QUOTE_SENT,rep_d5902688,SALES_REP,2025-12-30 18:45:05.601026,{}
evt_5cfeb99b,quote_922cee93,CUSTOMER_VIEWED,rep_d5902688,SALES_REP,2026-01-04 18:45:05.601026,{}
evt_7949ab07,quote_922cee93,COUNTER_OFFER,rep_d5902688,SALES_REP,2026-01-05 18:45:05.601026,{}
evt_72e1de7f,quote_922cee93,QUOTE_REVISED,rep_d5902688,SALES_REP,2026-01-07 18:45:05.601026,{}
evt_88660a44,quote_922cee93,ORDER_CONFIRMED,rep_d5902688,SALES_REP,2026-01-12 18:45:05.601026,{}
evt_a6e171d2,quote_0d4adff1,QUOTE_CREATED,rep_71ed5975,SALES_REP,2026-03-19 18:10:05.601026,{}
evt_49c58555,quote_0d4adff1,PRODUCT_ADDED,rep_71ed5975,SALES_REP,2026-03-19 18:40:05.601026,{}
evt_4048dceb,quote_0d4adff1,DISCOUNT_APPLIED,rep_71ed5975,SALES_REP,2026-03-19 19:35:05.601026,{}
evt_489b6716,quote_0d4adff1,QUOTE_SENT,rep_71ed5975,SALES_REP,2026-03-20 13:35:05.601026,{}
evt_b7429ea3,quote_0d4adff1,CUSTOMER_VIEWED,rep_71ed5975,SALES_REP,2026-03-23 13:35:05.601026,{}
evt_cdf26f38,quote_0795a1fd,QUOTE_CREATED,rep_b548fdfc,SALES_REP,2025-09-10 23:10:05.601026,{}
evt_66bd6fe0,quote_0795a1fd,PRODUCT_ADDED,rep_b548fdfc,SALES_REP,2025-09-11 00:02:05.601026,{}
evt_714d4df8,quote_0795a1fd,DISCOUNT_APPLIED,rep_b548fdfc,SALES_REP,2025-09-11 00:53:05.601026,{}
evt_ad14ce6d,quote_0795a1fd,QUOTE_SENT,rep_b548fdfc,SALES_REP,2025-09-11 12:53:05.601026,{}
evt_e8dcb11e,quote_0795a1fd,CUSTOMER_VIEWED,rep_b548fdfc,SALES_REP,2025-09-13 12:53:05.601026,{}
evt_b0fe4968,quote_0795a1fd,ORDER_CONFIRMED,rep_b548fdfc,SALES_REP,2025-09-19 12:53:05.601026,{}
evt_b610b886,quote_29cfffdb,QUOTE_CREATED,rep_221b7f39,SALES_REP,2025-12-07 03:10:05.601026,{}
evt_166aacbf,quote_29cfffdb,PRODUCT_ADDED,rep_221b7f39,SALES_REP,2025-12-07 03:52:05.601026,{}
evt_d72d8acf,quote_29cfffdb,DISCOUNT_APPLIED,rep_221b7f39,SALES_REP,2025-12-07 04:28:05.601026,{}
evt_6e5efba7,quote_29cfffdb,QUOTE_SENT,rep_221b7f39,SALES_REP,2025-12-07 15:28:05.601026,{}
evt_9093d7d3,quote_29cfffdb,CUSTOMER_VIEWED,rep_221b7f39,SALES_REP,2025-12-10 15:28:05.601026,{}
evt_2c0e239d,quote_29cfffdb,COUNTER_OFFER,rep_221b7f39,SALES_REP,2025-12-13 15:28:05.601026,{}
evt_f039701b,quote_29cfffdb,QUOTE_REVISED,rep_221b7f39,SALES_REP,2025-12-14 15:28:05.601026,{}
evt_69d06f63,quote_2fd5f6a2,QUOTE_CREATED,rep_d5902688,SALES_REP,2025-10-10 12:10:05.601026,{}
evt_d6dbfc36,quote_2fd5f6a2,PRODUCT_ADDED,rep_d5902688,SALES_REP,2025-10-10 12:25:05.601026,{}
evt_15727bcc,quote_2fd5f6a2,DISCOUNT_APPLIED,rep_d5902688,SALES_REP,2025-10-10 12:30:05.601026,{}
evt_3e1aaec7,quote_2fd5f6a2,QUOTE_SENT,rep_d5902688,SALES_REP,2025-10-10 23:30:05.601026,{}
evt_1829b17f,quote_2fd5f6a2,CUSTOMER_VIEWED,rep_d5902688,SALES_REP,2025-10-12 23:30:05.601026,{}
evt_d120d4fb,quote_2fd5f6a2,REJECTED,rep_d5902688,SALES_REP,2025-10-18 23:30:05.601026,{}
evt_6cc14397,quote_11bf73f7,QUOTE_CREATED,rep_03d99ec4,SALES_REP,2026-01-24 17:10:05.601026,{}
evt_07fc9b72,quote_11bf73f7,PRODUCT_ADDED,rep_03d99ec4,SALES_REP,2026-01-24 17:45:05.601026,{}
evt_3d88d4fe,quote_11bf73f7,DISCOUNT_APPLIED,rep_03d99ec4,SALES_REP,2026-01-24 18:19:05.601026,{}
evt_939b4688,quote_11bf73f7,QUOTE_SENT,rep_03d99ec4,SALES_REP,2026-01-25 09:19:05.601026,{}
evt_0f63a1eb,quote_11bf73f7,CUSTOMER_VIEWED,rep_03d99ec4,SALES_REP,2026-01-28 09:19:05.601026,{}
evt_634139e7,quote_11bf73f7,ORDER_CONFIRMED,rep_03d99ec4,SALES_REP,2026-02-01 09:19:05.601026,{}
evt_1d39dae8,quote_a32ade7e,QUOTE_CREATED,rep_76071164,SALES_REP,2025-12-14 14:10:05.601026,{}
evt_fa16da1b,quote_a32ade7e,PRODUCT_ADDED,rep_76071164,SALES_REP,2025-12-14 14:16:05.601026,{}
evt_83f1db16,quote_a32ade7e,DISCOUNT_APPLIED,rep_76071164,SALES_REP,2025-12-14 15:13:05.601026,{}
evt_5c0fbf4f,quote_a32ade7e,QUOTE_SENT,rep_76071164,SALES_REP,2025-12-15 10:13:05.601026,{}
evt_2e579bc0,quote_a32ade7e,CUSTOMER_VIEWED,rep_76071164,SALES_REP,2025-12-20 10:13:05.601026,{}
evt_a879b440,quote_a32ade7e,ORDER_CONFIRMED,rep_76071164,SALES_REP,2025-12-25 10:13:05.601026,{}
evt_b7e5241e,quote_3d3c0680,QUOTE_CREATED,rep_4fd63151,SALES_REP,2026-03-11 18:10:05.601026,{}
evt_50f5368a,quote_3d3c0680,PRODUCT_ADDED,rep_4fd63151,SALES_REP,2026-03-11 19:09:05.601026,{}
evt_d53656f9,quote_3d3c0680,DISCOUNT_APPLIED,rep_4fd63151,SALES_REP,2026-03-11 19:32:05.601026,{}
evt_1cc2b99a,quote_3d3c0680,QUOTE_SENT,rep_4fd63151,SALES_REP,2026-03-12 00:32:05.601026,{}
evt_7e3cd929,quote_3d3c0680,CUSTOMER_VIEWED,rep_4fd63151,SALES_REP,2026-03-16 00:32:05.601026,{}
evt_ff9800ae,quote_3d3c0680,REJECTED,rep_4fd63151,SALES_REP,2026-03-17 00:32:05.601026,{}
evt_b770fa7a,quote_77265f67,QUOTE_CREATED,rep_b548fdfc,SALES_REP,2026-05-20 06:10:05.601026,{}
evt_0cdc7eb7,quote_77265f67,PRODUCT_ADDED,rep_b548fdfc,SALES_REP,2026-05-20 07:01:05.601026,{}
evt_e7007982,quote_77265f67,DISCOUNT_APPLIED,rep_b548fdfc,SALES_REP,2026-05-20 07:36:05.601026,{}
evt_263bad3d,quote_77265f67,QUOTE_SENT,rep_b548fdfc,SALES_REP,2026-05-20 19:36:05.601026,{}
evt_a914e657,quote_77265f67,CUSTOMER_VIEWED,rep_b548fdfc,SALES_REP,2026-05-21 19:36:05.601026,{}
evt_4b897ccb,quote_77265f67,COUNTER_OFFER,rep_b548fdfc,SALES_REP,2026-05-23 19:36:05.601026,{}
evt_7212a4dc,quote_77265f67,QUOTE_REVISED,rep_b548fdfc,SALES_REP,2026-05-24 19:36:05.601026,{}
evt_f6430d37,quote_77265f67,ORDER_CONFIRMED,rep_b548fdfc,SALES_REP,2026-05-25 19:36:05.601026,{}
evt_5847085a,quote_a47ebd98,QUOTE_CREATED,rep_b548fdfc,SALES_REP,2026-03-22 21:10:05.601026,{}
evt_ab55b661,quote_a47ebd98,PRODUCT_ADDED,rep_b548fdfc,SALES_REP,2026-03-22 21:52:05.601026,{}
evt_fad31b65,quote_a47ebd98,DISCOUNT_APPLIED,rep_b548fdfc,SALES_REP,2026-03-22 22:31:05.601026,{}
evt_05f12348,quote_a47ebd98,QUOTE_SENT,rep_b548fdfc,SALES_REP,2026-03-23 17:31:05.601026,{}
evt_cad9e56c,quote_a47ebd98,CUSTOMER_VIEWED,rep_b548fdfc,SALES_REP,2026-03-25 17:31:05.601026,{}
evt_83a69a84,quote_a47ebd98,ORDER_CONFIRMED,rep_b548fdfc,SALES_REP,2026-03-29 17:31:05.601026,{}
evt_e03565ee,quote_24133bc2,QUOTE_CREATED,rep_26645e7c,SALES_REP,2026-05-27 18:10:05.601026,{}
evt_cc0778ed,quote_24133bc2,PRODUCT_ADDED,rep_26645e7c,SALES_REP,2026-05-27 18:45:05.601026,{}
evt_9cc8d312,quote_24133bc2,DISCOUNT_APPLIED,rep_26645e7c,SALES_REP,2026-05-27 19:28:05.601026,{}
evt_001f7c5e,quote_24133bc2,QUOTE_SENT,rep_26645e7c,SALES_REP,2026-05-27 20:28:05.601026,{}
evt_f241c519,quote_24133bc2,CUSTOMER_VIEWED,rep_26645e7c,SALES_REP,2026-06-01 20:28:05.601026,{}
evt_7b90cb04,quote_24133bc2,REJECTED,rep_26645e7c,SALES_REP,2026-06-05 20:28:05.601026,{}
evt_a50d7096,quote_5601ca9f,QUOTE_CREATED,rep_26645e7c,SALES_REP,2025-10-14 22:10:05.601026,{}
evt_4f5143fb,quote_5601ca9f,PRODUCT_ADDED,rep_26645e7c,SALES_REP,2025-10-14 22:25:05.601026,{}
evt_38c7a3ea,quote_5601ca9f,DISCOUNT_APPLIED,rep_26645e7c,SALES_REP,2025-10-14 22:53:05.601026,{}
evt_24544cbf,quote_5601ca9f,QUOTE_SENT,rep_26645e7c,SALES_REP,2025-10-15 18:53:05.601026,{}
evt_37cb3e24,quote_5601ca9f,CUSTOMER_VIEWED,rep_26645e7c,SALES_REP,2025-10-16 18:53:05.601026,{}
evt_eaaa9eae,quote_5601ca9f,REJECTED,rep_26645e7c,SALES_REP,2025-10-20 18:53:05.601026,{}
evt_e912d613,quote_bdf5db7c,QUOTE_CREATED,rep_221b7f39,SALES_REP,2026-05-10 03:10:05.601026,{}
evt_100473ab,quote_bdf5db7c,PRODUCT_ADDED,rep_221b7f39,SALES_REP,2026-05-10 03:56:05.601026,{}
evt_b6c8ad1f,quote_bdf5db7c,DISCOUNT_APPLIED,rep_221b7f39,SALES_REP,2026-05-10 04:54:05.601026,{}
evt_2401952b,quote_bdf5db7c,QUOTE_SENT,rep_221b7f39,SALES_REP,2026-05-10 18:54:05.601026,{}
evt_648fc75e,quote_bdf5db7c,CUSTOMER_VIEWED,rep_221b7f39,SALES_REP,2026-05-11 18:54:05.601026,{}
evt_18967851,quote_bdf5db7c,COUNTER_OFFER,rep_221b7f39,SALES_REP,2026-05-12 18:54:05.601026,{}
evt_68cf35bb,quote_bdf5db7c,QUOTE_REVISED,rep_221b7f39,SALES_REP,2026-05-13 18:54:05.601026,{}
evt_83329dd2,quote_bdf5db7c,ORDER_CONFIRMED,rep_221b7f39,SALES_REP,2026-05-15 18:54:05.601026,{}
evt_2cb0d3c5,quote_fca93426,QUOTE_CREATED,rep_76071164,SALES_REP,2026-04-01 01:10:05.601026,{}
evt_e5d89a6f,quote_fca93426,PRODUCT_ADDED,rep_76071164,SALES_REP,2026-04-01 01:57:05.601026,{}
evt_0f8fa5d6,quote_fca93426,DISCOUNT_APPLIED,rep_76071164,SALES_REP,2026-04-01 02:54:05.601026,{}
evt_e6750321,quote_fca93426,QUOTE_SENT,rep_76071164,SALES_REP,2026-04-01 12:54:05.601026,{}
evt_4c1a44b0,quote_fca93426,CUSTOMER_VIEWED,rep_76071164,SALES_REP,2026-04-02 12:54:05.601026,{}
evt_82e8b91d,quote_fca93426,COUNTER_OFFER,rep_76071164,SALES_REP,2026-04-05 12:54:05.601026,{}
evt_86d26b30,quote_fca93426,QUOTE_REVISED,rep_76071164,SALES_REP,2026-04-07 12:54:05.601026,{}
evt_c2a08a35,quote_fca93426,ORDER_CONFIRMED,rep_76071164,SALES_REP,2026-04-14 12:54:05.601026,{}
evt_7ee6490a,quote_4925f40f,QUOTE_CREATED,rep_4fd63151,SALES_REP,2026-07-22 03:10:05.601026,{}
evt_24b9f68d,quote_4925f40f,PRODUCT_ADDED,rep_4fd63151,SALES_REP,2026-07-22 03:44:05.601026,{}
evt_ea258851,quote_4925f40f,DISCOUNT_APPLIED,rep_4fd63151,SALES_REP,2026-07-22 04:27:05.601026,{}
evt_c773ffd3,quote_4925f40f,QUOTE_SENT,rep_4fd63151,SALES_REP,2026-07-22 23:27:05.601026,{}
evt_43d79d0c,quote_4925f40f,CUSTOMER_VIEWED,rep_4fd63151,SALES_REP,2026-07-23 23:27:05.601026,{}
evt_b4b7add2,quote_4925f40f,COUNTER_OFFER,rep_4fd63151,SALES_REP,2026-07-25 23:27:05.601026,{}
evt_e59bba1b,quote_4925f40f,QUOTE_REVISED,rep_4fd63151,SALES_REP,2026-07-26 23:27:05.601026,{}
evt_4d853c58,quote_4925f40f,ORDER_CONFIRMED,rep_4fd63151,SALES_REP,2026-07-27 23:27:05.601026,{}
evt_4fc11f60,quote_3381d869,QUOTE_CREATED,rep_d5902688,SALES_REP,2025-10-24 11:10:05.601026,{}
evt_65840f4f,quote_3381d869,PRODUCT_ADDED,rep_d5902688,SALES_REP,2025-10-24 11:53:05.601026,{}
evt_42a31cc1,quote_3381d869,DISCOUNT_APPLIED,rep_d5902688,SALES_REP,2025-10-24 12:32:05.601026,{}
evt_dc673c0d,quote_3381d869,QUOTE_SENT,rep_d5902688,SALES_REP,2025-10-24 13:32:05.601026,{}
evt_c4041888,quote_3381d869,CUSTOMER_VIEWED,rep_d5902688,SALES_REP,2025-10-28 13:32:05.601026,{}
evt_6dd28bce,quote_b37d7e87,QUOTE_CREATED,rep_76071164,SALES_REP,2026-04-12 13:10:05.601026,{}
evt_5bff0cd2,quote_b37d7e87,PRODUCT_ADDED,rep_76071164,SALES_REP,2026-04-12 13:52:05.601026,{}
evt_c0fcf97b,quote_b37d7e87,DISCOUNT_APPLIED,rep_76071164,SALES_REP,2026-04-12 14:48:05.601026,{}
evt_f49ee233,quote_b37d7e87,QUOTE_SENT,rep_76071164,SALES_REP,2026-04-13 14:48:05.601026,{}
evt_82b7f3fe,quote_b37d7e87,CUSTOMER_VIEWED,rep_76071164,SALES_REP,2026-04-18 14:48:05.601026,{}
evt_fae46bb2,quote_b37d7e87,COUNTER_OFFER,rep_76071164,SALES_REP,2026-04-19 14:48:05.601026,{}
evt_8b713774,quote_b37d7e87,QUOTE_REVISED,rep_76071164,SALES_REP,2026-04-21 14:48:05.601026,{}
evt_e46c4349,quote_b37d7e87,ORDER_CONFIRMED,rep_76071164,SALES_REP,2026-04-25 14:48:05.601026,{}
evt_1417922a,quote_08297f4a,QUOTE_CREATED,rep_26645e7c,SALES_REP,2025-09-08 04:10:05.601026,{}
evt_b5c62f76,quote_08297f4a,PRODUCT_ADDED,rep_26645e7c,SALES_REP,2025-09-08 04:22:05.601026,{}
evt_12c9a5c1,quote_08297f4a,DISCOUNT_APPLIED,rep_26645e7c,SALES_REP,2025-09-08 05:00:05.601026,{}
evt_cfe42fef,quote_08297f4a,QUOTE_SENT,rep_26645e7c,SALES_REP,2025-09-08 06:00:05.601026,{}
evt_5a921d76,quote_08297f4a,CUSTOMER_VIEWED,rep_26645e7c,SALES_REP,2025-09-12 06:00:05.601026,{}
evt_425186b8,quote_fbac4097,QUOTE_CREATED,rep_03d99ec4,SALES_REP,2026-03-09 09:10:05.601026,{}
evt_f3696a6c,quote_fbac4097,PRODUCT_ADDED,rep_03d99ec4,SALES_REP,2026-03-09 09:31:05.601026,{}
evt_75199fbc,quote_fbac4097,DISCOUNT_APPLIED,rep_03d99ec4,SALES_REP,2026-03-09 10:30:05.601026,{}
evt_c4c55c4e,quote_fbac4097,QUOTE_SENT,rep_03d99ec4,SALES_REP,2026-03-10 04:30:05.601026,{}
evt_1ce42a53,quote_fbac4097,CUSTOMER_VIEWED,rep_03d99ec4,SALES_REP,2026-03-14 04:30:05.601026,{}
evt_7d444cc7,quote_79b78de9,QUOTE_CREATED,rep_03d99ec4,SALES_REP,2025-12-18 19:10:05.601026,{}
evt_4263a293,quote_79b78de9,PRODUCT_ADDED,rep_03d99ec4,SALES_REP,2025-12-18 19:38:05.601026,{}
evt_3f7506b1,quote_79b78de9,DISCOUNT_APPLIED,rep_03d99ec4,SALES_REP,2025-12-18 20:18:05.601026,{}
evt_a5439760,quote_79b78de9,QUOTE_SENT,rep_03d99ec4,SALES_REP,2025-12-19 14:18:05.601026,{}
evt_83e7616e,quote_79b78de9,CUSTOMER_VIEWED,rep_03d99ec4,SALES_REP,2025-12-23 14:18:05.601026,{}
evt_c446ebe1,quote_79b78de9,COUNTER_OFFER,rep_03d99ec4,SALES_REP,2025-12-25 14:18:05.601026,{}
evt_58e7e643,quote_79b78de9,QUOTE_REVISED,rep_03d99ec4,SALES_REP,2025-12-27 14:18:05.601026,{}
evt_6ad690b6,quote_79b78de9,ORDER_CONFIRMED,rep_03d99ec4,SALES_REP,2026-01-03 14:18:05.601026,{}
evt_612a30f8,quote_d6786bc9,QUOTE_CREATED,rep_26645e7c,SALES_REP,2026-04-22 04:10:05.601026,{}
evt_db8b27e5,quote_d6786bc9,PRODUCT_ADDED,rep_26645e7c,SALES_REP,2026-04-22 04:25:05.601026,{}
evt_20c38872,quote_d6786bc9,DISCOUNT_APPLIED,rep_26645e7c,SALES_REP,2026-04-22 04:54:05.601026,{}
evt_ec577c25,quote_d6786bc9,QUOTE_SENT,rep_26645e7c,SALES_REP,2026-04-23 01:54:05.601026,{}
evt_16170e5e,quote_d6786bc9,CUSTOMER_VIEWED,rep_26645e7c,SALES_REP,2026-04-24 01:54:05.601026,{}
evt_14ba5333,quote_d6786bc9,REJECTED,rep_26645e7c,SALES_REP,2026-05-01 01:54:05.601026,{}
evt_5a272fdd,quote_e2a35b36,QUOTE_CREATED,rep_71ed5975,SALES_REP,2026-07-09 19:10:05.601026,{}
evt_8eca40e6,quote_e2a35b36,PRODUCT_ADDED,rep_71ed5975,SALES_REP,2026-07-09 19:20:05.601026,{}
evt_b8f11245,quote_e2a35b36,DISCOUNT_APPLIED,rep_71ed5975,SALES_REP,2026-07-09 20:03:05.601026,{}
evt_3cadb8d9,quote_e2a35b36,QUOTE_SENT,rep_71ed5975,SALES_REP,2026-07-09 22:03:05.601026,{}
evt_aa158abe,quote_e2a35b36,CUSTOMER_VIEWED,rep_71ed5975,SALES_REP,2026-07-13 22:03:05.601026,{}
evt_9c96a21c,quote_e2a35b36,REJECTED,rep_71ed5975,SALES_REP,2026-07-17 22:03:05.601026,{}
evt_3637b16d,quote_e4083582,QUOTE_CREATED,rep_76071164,SALES_REP,2026-01-30 04:10:05.601026,{}
evt_35183187,quote_e4083582,PRODUCT_ADDED,rep_76071164,SALES_REP,2026-01-30 04:59:05.601026,{}
evt_27f9c181,quote_e4083582,DISCOUNT_APPLIED,rep_76071164,SALES_REP,2026-01-30 05:18:05.601026,{}
evt_73f0b698,quote_e4083582,QUOTE_SENT,rep_76071164,SALES_REP,2026-01-31 01:18:05.601026,{}
evt_19f7d5fa,quote_e4083582,CUSTOMER_VIEWED,rep_76071164,SALES_REP,2026-02-02 01:18:05.601026,{}
evt_d2e4a118,quote_e4083582,REJECTED,rep_76071164,SALES_REP,2026-02-05 01:18:05.601026,{}
evt_c0448f8b,quote_34f82792,QUOTE_CREATED,rep_f976f2b3,SALES_REP,2025-11-24 08:10:05.601026,{}
evt_5f547a4e,quote_34f82792,PRODUCT_ADDED,rep_f976f2b3,SALES_REP,2025-11-24 08:57:05.601026,{}
evt_46be63c1,quote_34f82792,DISCOUNT_APPLIED,rep_f976f2b3,SALES_REP,2025-11-24 09:27:05.601026,{}
evt_fce7171c,quote_34f82792,QUOTE_SENT,rep_f976f2b3,SALES_REP,2025-11-24 22:27:05.601026,{}
evt_4fb4e240,quote_34f82792,CUSTOMER_VIEWED,rep_f976f2b3,SALES_REP,2025-11-29 22:27:05.601026,{}
evt_53cabf60,quote_34f82792,COUNTER_OFFER,rep_f976f2b3,SALES_REP,2025-11-30 22:27:05.601026,{}
evt_7d6d6c92,quote_34f82792,QUOTE_REVISED,rep_f976f2b3,SALES_REP,2025-12-01 22:27:05.601026,{}
evt_827c76aa,quote_ebf8d370,QUOTE_CREATED,rep_e08a1589,SALES_REP,2026-06-19 00:10:05.601026,{}
evt_671f1fe5,quote_ebf8d370,PRODUCT_ADDED,rep_e08a1589,SALES_REP,2026-06-19 00:27:05.601026,{}
evt_67836a3e,quote_ebf8d370,DISCOUNT_APPLIED,rep_e08a1589,SALES_REP,2026-06-19 01:01:05.601026,{}
evt_082b64f7,quote_ebf8d370,QUOTE_SENT,rep_e08a1589,SALES_REP,2026-06-19 14:01:05.601026,{}
evt_0a2e7d86,quote_ebf8d370,CUSTOMER_VIEWED,rep_e08a1589,SALES_REP,2026-06-24 14:01:05.601026,{}
evt_e84814c7,quote_ebf8d370,COUNTER_OFFER,rep_e08a1589,SALES_REP,2026-06-25 14:01:05.601026,{}
evt_5eae6369,quote_ebf8d370,QUOTE_REVISED,rep_e08a1589,SALES_REP,2026-06-27 14:01:05.601026,{}
evt_fa8b77bd,quote_ebf8d370,ORDER_CONFIRMED,rep_e08a1589,SALES_REP,2026-07-02 14:01:05.601026,{}
evt_08213e66,quote_76c68978,QUOTE_CREATED,rep_76071164,SALES_REP,2026-01-14 23:10:05.601026,{}
evt_b80a5dc6,quote_76c68978,PRODUCT_ADDED,rep_76071164,SALES_REP,2026-01-14 23:43:05.601026,{}
evt_9ddf358e,quote_76c68978,DISCOUNT_APPLIED,rep_76071164,SALES_REP,2026-01-15 00:12:05.601026,{}
evt_bfbda0b9,quote_76c68978,QUOTE_SENT,rep_76071164,SALES_REP,2026-01-15 19:12:05.601026,{}
evt_ae2eae0e,quote_76c68978,CUSTOMER_VIEWED,rep_76071164,SALES_REP,2026-01-19 19:12:05.601026,{}
evt_aaf0730b,quote_76c68978,REJECTED,rep_76071164,SALES_REP,2026-01-26 19:12:05.601026,{}
evt_9c7f6dfa,quote_e6202338,QUOTE_CREATED,rep_71ed5975,SALES_REP,2026-08-19 20:10:05.601026,{}
evt_a9610bab,quote_e6202338,PRODUCT_ADDED,rep_71ed5975,SALES_REP,2026-08-19 21:05:05.601026,{}
evt_ee783905,quote_e6202338,DISCOUNT_APPLIED,rep_71ed5975,SALES_REP,2026-08-19 21:24:05.601026,{}
evt_f7f3e43b,quote_e6202338,QUOTE_SENT,rep_71ed5975,SALES_REP,2026-08-20 19:24:05.601026,{}
evt_e14f59ea,quote_e6202338,CUSTOMER_VIEWED,rep_71ed5975,SALES_REP,2026-08-22 19:24:05.601026,{}
evt_719f286f,quote_e6202338,REJECTED,rep_71ed5975,SALES_REP,2026-08-26 19:24:05.601026,{}
evt_a54ae9c3,quote_290a4076,QUOTE_CREATED,rep_76071164,SALES_REP,2026-06-06 06:10:05.601026,{}
evt_e817fdfb,quote_290a4076,PRODUCT_ADDED,rep_76071164,SALES_REP,2026-06-06 06:20:05.601026,{}
evt_d6414295,quote_290a4076,DISCOUNT_APPLIED,rep_76071164,SALES_REP,2026-06-06 06:50:05.601026,{}
evt_13281376,quote_290a4076,QUOTE_SENT,rep_76071164,SALES_REP,2026-06-07 04:50:05.601026,{}
evt_03aa5674,quote_290a4076,CUSTOMER_VIEWED,rep_76071164,SALES_REP,2026-06-10 04:50:05.601026,{}
evt_b710ebf5,quote_290a4076,COUNTER_OFFER,rep_76071164,SALES_REP,2026-06-11 04:50:05.601026,{}
evt_f58cfa08,quote_290a4076,QUOTE_REVISED,rep_76071164,SALES_REP,2026-06-13 04:50:05.601026,{}
evt_71e5d420,quote_290a4076,ORDER_CONFIRMED,rep_76071164,SALES_REP,2026-06-16 04:50:05.601026,{}
evt_f7db226a,quote_f76d8af5,QUOTE_CREATED,rep_26645e7c,SALES_REP,2026-05-19 05:10:05.601026,{}
evt_c0a9415d,quote_f76d8af5,PRODUCT_ADDED,rep_26645e7c,SALES_REP,2026-05-19 05:54:05.601026,{}
evt_8ca27ef3,quote_f76d8af5,DISCOUNT_APPLIED,rep_26645e7c,SALES_REP,2026-05-19 06:21:05.601026,{}
evt_ffe63e67,quote_f76d8af5,QUOTE_SENT,rep_26645e7c,SALES_REP,2026-05-19 11:21:05.601026,{}
evt_1bd10935,quote_f76d8af5,CUSTOMER_VIEWED,rep_26645e7c,SALES_REP,2026-05-20 11:21:05.601026,{}
evt_2075914d,quote_f76d8af5,COUNTER_OFFER,rep_26645e7c,SALES_REP,2026-05-21 11:21:05.601026,{}
evt_41d7038c,quote_f76d8af5,QUOTE_REVISED,rep_26645e7c,SALES_REP,2026-05-23 11:21:05.601026,{}
evt_4d189dd0,quote_f76d8af5,REJECTED,rep_26645e7c,SALES_REP,2026-05-28 11:21:05.601026,{}
evt_5505f984,quote_437f19b0,QUOTE_CREATED,rep_76071164,SALES_REP,2025-09-26 21:10:05.601026,{}
evt_cc50e2b3,quote_437f19b0,PRODUCT_ADDED,rep_76071164,SALES_REP,2025-09-26 21:51:05.601026,{}
evt_3ef80b39,quote_437f19b0,DISCOUNT_APPLIED,rep_76071164,SALES_REP,2025-09-26 22:51:05.601026,{}
evt_5cd68669,quote_437f19b0,QUOTE_SENT,rep_76071164,SALES_REP,2025-09-27 07:51:05.601026,{}
evt_0dda871a,quote_437f19b0,CUSTOMER_VIEWED,rep_76071164,SALES_REP,2025-10-01 07:51:05.601026,{}
evt_96c6f45e,quote_437f19b0,COUNTER_OFFER,rep_76071164,SALES_REP,2025-10-04 07:51:05.601026,{}
evt_8e0724ef,quote_437f19b0,QUOTE_REVISED,rep_76071164,SALES_REP,2025-10-06 07:51:05.601026,{}
evt_93cd50bb,quote_437f19b0,REJECTED,rep_76071164,SALES_REP,2025-10-10 07:51:05.601026,{}
evt_310f0eaf,quote_92f90581,QUOTE_CREATED,rep_d5902688,SALES_REP,2025-11-09 07:10:05.601026,{}
evt_ec08b547,quote_92f90581,PRODUCT_ADDED,rep_d5902688,SALES_REP,2025-11-09 07:17:05.601026,{}
evt_a5d591db,quote_92f90581,DISCOUNT_APPLIED,rep_d5902688,SALES_REP,2025-11-09 07:54:05.601026,{}
evt_804e090a,quote_92f90581,QUOTE_SENT,rep_d5902688,SALES_REP,2025-11-09 19:54:05.601026,{}
evt_7299a931,quote_92f90581,CUSTOMER_VIEWED,rep_d5902688,SALES_REP,2025-11-13 19:54:05.601026,{}
evt_a8e51acc,quote_897b9d20,QUOTE_CREATED,rep_71ed5975,SALES_REP,2025-11-06 04:10:05.601026,{}
evt_f7b43b9a,quote_897b9d20,PRODUCT_ADDED,rep_71ed5975,SALES_REP,2025-11-06 04:58:05.601026,{}
evt_26af967f,quote_897b9d20,DISCOUNT_APPLIED,rep_71ed5975,SALES_REP,2025-11-06 05:16:05.601026,{}
evt_51a623fe,quote_897b9d20,QUOTE_SENT,rep_71ed5975,SALES_REP,2025-11-06 18:16:05.601026,{}
evt_6a26aed7,quote_897b9d20,CUSTOMER_VIEWED,rep_71ed5975,SALES_REP,2025-11-11 18:16:05.601026,{}
evt_2a6529b8,quote_897b9d20,COUNTER_OFFER,rep_71ed5975,SALES_REP,2025-11-13 18:16:05.601026,{}
evt_a9c60e88,quote_897b9d20,QUOTE_REVISED,rep_71ed5975,SALES_REP,2025-11-15 18:16:05.601026,{}
evt_cac6941a,quote_e308de5b,QUOTE_CREATED,rep_e08a1589,SALES_REP,2026-01-04 14:10:05.601026,{}
evt_d836e04c,quote_e308de5b,PRODUCT_ADDED,rep_e08a1589,SALES_REP,2026-01-04 14:32:05.601026,{}
evt_b75ebfd7,quote_e308de5b,DISCOUNT_APPLIED,rep_e08a1589,SALES_REP,2026-01-04 15:05:05.601026,{}
evt_800ea193,quote_e308de5b,QUOTE_SENT,rep_e08a1589,SALES_REP,2026-01-04 21:05:05.601026,{}
evt_e6da1ad9,quote_e308de5b,CUSTOMER_VIEWED,rep_e08a1589,SALES_REP,2026-01-09 21:05:05.601026,{}
evt_baa68356,quote_e308de5b,COUNTER_OFFER,rep_e08a1589,SALES_REP,2026-01-12 21:05:05.601026,{}
evt_a71720af,quote_e308de5b,QUOTE_REVISED,rep_e08a1589,SALES_REP,2026-01-13 21:05:05.601026,{}
evt_baebdf1e,quote_e308de5b,ORDER_CONFIRMED,rep_e08a1589,SALES_REP,2026-01-20 21:05:05.601026,{}
evt_81b77dcf,quote_cf463198,QUOTE_CREATED,rep_26645e7c,SALES_REP,2025-11-19 05:10:05.601026,{}
evt_9b8f67aa,quote_cf463198,PRODUCT_ADDED,rep_26645e7c,SALES_REP,2025-11-19 05:46:05.601026,{}
evt_3fd71e0a,quote_cf463198,DISCOUNT_APPLIED,rep_26645e7c,SALES_REP,2025-11-19 05:59:05.601026,{}
evt_c18f1fdd,quote_cf463198,QUOTE_SENT,rep_26645e7c,SALES_REP,2025-11-20 02:59:05.601026,{}
evt_1d7d3184,quote_cf463198,CUSTOMER_VIEWED,rep_26645e7c,SALES_REP,2025-11-25 02:59:05.601026,{}
evt_e7b9a73e,quote_cf463198,ORDER_CONFIRMED,rep_26645e7c,SALES_REP,2025-11-28 02:59:05.601026,{}
evt_bea75575,quote_79475215,QUOTE_CREATED,rep_221b7f39,SALES_REP,2025-11-27 07:10:05.601026,{}
evt_2039b1c3,quote_79475215,PRODUCT_ADDED,rep_221b7f39,SALES_REP,2025-11-27 07:55:05.601026,{}
evt_bcd28dfe,quote_79475215,DISCOUNT_APPLIED,rep_221b7f39,SALES_REP,2025-11-27 08:06:05.601026,{}
evt_b3370ce3,quote_79475215,QUOTE_SENT,rep_221b7f39,SALES_REP,2025-11-27 23:06:05.601026,{}
evt_04fb74eb,quote_79475215,CUSTOMER_VIEWED,rep_221b7f39,SALES_REP,2025-11-30 23:06:05.601026,{}
evt_d6cd5b6f,quote_79475215,COUNTER_OFFER,rep_221b7f39,SALES_REP,2025-12-02 23:06:05.601026,{}
evt_334fedbc,quote_79475215,QUOTE_REVISED,rep_221b7f39,SALES_REP,2025-12-04 23:06:05.601026,{}
evt_f4eba933,quote_79475215,ORDER_CONFIRMED,rep_221b7f39,SALES_REP,2025-12-07 23:06:05.601026,{}
evt_775d1c77,quote_bfceb0a8,QUOTE_CREATED,rep_d5902688,SALES_REP,2026-08-04 02:10:05.601026,{}
evt_722b15a2,quote_bfceb0a8,PRODUCT_ADDED,rep_d5902688,SALES_REP,2026-08-04 02:35:05.601026,{}
evt_37f078dd,quote_bfceb0a8,DISCOUNT_APPLIED,rep_d5902688,SALES_REP,2026-08-04 03:23:05.601026,{}
evt_1bc4bdcc,quote_bfceb0a8,QUOTE_SENT,rep_d5902688,SALES_REP,2026-08-04 20:23:05.601026,{}
evt_8f5bdcda,quote_bfceb0a8,CUSTOMER_VIEWED,rep_d5902688,SALES_REP,2026-08-08 20:23:05.601026,{}
evt_92231433,quote_11a845c7,QUOTE_CREATED,rep_03d99ec4,SALES_REP,2026-07-16 15:10:05.601026,{}
evt_a565b19f,quote_11a845c7,PRODUCT_ADDED,rep_03d99ec4,SALES_REP,2026-07-16 15:19:05.601026,{}
evt_6b8dd380,quote_11a845c7,DISCOUNT_APPLIED,rep_03d99ec4,SALES_REP,2026-07-16 15:29:05.601026,{}
evt_9b4ad6a7,quote_11a845c7,QUOTE_SENT,rep_03d99ec4,SALES_REP,2026-07-16 21:29:05.601026,{}
evt_b15770b7,quote_11a845c7,CUSTOMER_VIEWED,rep_03d99ec4,SALES_REP,2026-07-19 21:29:05.601026,{}
evt_ccf4eb2f,quote_11a845c7,COUNTER_OFFER,rep_03d99ec4,SALES_REP,2026-07-21 21:29:05.601026,{}
evt_fdc4733f,quote_11a845c7,QUOTE_REVISED,rep_03d99ec4,SALES_REP,2026-07-23 21:29:05.601026,{}
evt_675c6236,quote_11a845c7,REJECTED,rep_03d99ec4,SALES_REP,2026-07-29 21:29:05.601026,{}
evt_66d3dba9,quote_a7cae4dc,QUOTE_CREATED,rep_d5902688,SALES_REP,2026-08-01 18:10:05.601026,{}
evt_75a4d0a0,quote_a7cae4dc,PRODUCT_ADDED,rep_d5902688,SALES_REP,2026-08-01 18:26:05.601026,{}
evt_95f48e28,quote_a7cae4dc,DISCOUNT_APPLIED,rep_d5902688,SALES_REP,2026-08-01 19:25:05.601026,{}
evt_4c054aa1,quote_a7cae4dc,QUOTE_SENT,rep_d5902688,SALES_REP,2026-08-01 20:25:05.601026,{}
evt_000ae192,quote_a7cae4dc,CUSTOMER_VIEWED,rep_d5902688,SALES_REP,2026-08-03 20:25:05.601026,{}
evt_1e75ca11,quote_a7cae4dc,ORDER_CONFIRMED,rep_d5902688,SALES_REP,2026-08-09 20:25:05.601026,{}
evt_a73d119e,quote_487ecbe9,QUOTE_CREATED,rep_221b7f39,SALES_REP,2026-05-05 23:10:05.601026,{}
evt_2f2878dd,quote_487ecbe9,PRODUCT_ADDED,rep_221b7f39,SALES_REP,2026-05-06 00:03:05.601026,{}
evt_bc4efc95,quote_487ecbe9,DISCOUNT_APPLIED,rep_221b7f39,SALES_REP,2026-05-06 00:13:05.601026,{}
evt_d6ae3219,quote_487ecbe9,QUOTE_SENT,rep_221b7f39,SALES_REP,2026-05-06 04:13:05.601026,{}
evt_ec2d87cf,quote_487ecbe9,CUSTOMER_VIEWED,rep_221b7f39,SALES_REP,2026-05-09 04:13:05.601026,{}
evt_ecf19e76,quote_487ecbe9,ORDER_CONFIRMED,rep_221b7f39,SALES_REP,2026-05-10 04:13:05.601026,{}
evt_91d3ad38,quote_8d23420f,QUOTE_CREATED,rep_4fd63151,SALES_REP,2025-11-11 22:10:05.601026,{}
evt_fc9403db,quote_8d23420f,PRODUCT_ADDED,rep_4fd63151,SALES_REP,2025-11-11 23:10:05.601026,{}
evt_c4f5eb48,quote_8d23420f,DISCOUNT_APPLIED,rep_4fd63151,SALES_REP,2025-11-11 23:49:05.601026,{}
evt_21951cce,quote_8d23420f,QUOTE_SENT,rep_4fd63151,SALES_REP,2025-11-12 08:49:05.601026,{}
evt_99a126f7,quote_8d23420f,CUSTOMER_VIEWED,rep_4fd63151,SALES_REP,2025-11-17 08:49:05.601026,{}
evt_8c93de41,quote_8d23420f,REJECTED,rep_4fd63151,SALES_REP,2025-11-23 08:49:05.601026,{}
evt_7a72ee7a,quote_68444243,QUOTE_CREATED,rep_4fd63151,SALES_REP,2026-07-05 01:10:05.601026,{}
evt_6d26f885,quote_68444243,PRODUCT_ADDED,rep_4fd63151,SALES_REP,2026-07-05 02:06:05.601026,{}
evt_e083d647,quote_68444243,DISCOUNT_APPLIED,rep_4fd63151,SALES_REP,2026-07-05 02:16:05.601026,{}
evt_92950972,quote_68444243,QUOTE_SENT,rep_4fd63151,SALES_REP,2026-07-05 17:16:05.601026,{}
evt_34af7d7f,quote_68444243,CUSTOMER_VIEWED,rep_4fd63151,SALES_REP,2026-07-08 17:16:05.601026,{}
evt_513a520d,quote_68444243,ORDER_CONFIRMED,rep_4fd63151,SALES_REP,2026-07-11 17:16:05.601026,{}
evt_e2f99cf4,quote_86f48b4e,QUOTE_CREATED,rep_e08a1589,SALES_REP,2026-05-03 23:10:05.601026,{}
evt_ccbb1c15,quote_86f48b4e,PRODUCT_ADDED,rep_e08a1589,SALES_REP,2026-05-03 23:42:05.601026,{}
evt_fab3a28b,quote_86f48b4e,DISCOUNT_APPLIED,rep_e08a1589,SALES_REP,2026-05-04 00:38:05.601026,{}
evt_bfa3a3c4,quote_86f48b4e,QUOTE_SENT,rep_e08a1589,SALES_REP,2026-05-04 10:38:05.601026,{}
evt_dd3cca7a,quote_86f48b4e,CUSTOMER_VIEWED,rep_e08a1589,SALES_REP,2026-05-09 10:38:05.601026,{}
evt_e8ce58c9,quote_86f48b4e,COUNTER_OFFER,rep_e08a1589,SALES_REP,2026-05-10 10:38:05.601026,{}
evt_52b9c137,quote_86f48b4e,QUOTE_REVISED,rep_e08a1589,SALES_REP,2026-05-12 10:38:05.601026,{}
evt_f8b91d09,quote_86f48b4e,APPROVAL_REQUESTED,rep_e08a1589,SALES_REP,2026-05-12 14:38:05.601026,{}
evt_35e0f20d,quote_86f48b4e,REJECTED,rep_e08a1589,SALES_REP,2026-05-16 14:38:05.601026,{}
evt_f2f0aacd,quote_86f48b4e,REJECTED,rep_e08a1589,SALES_REP,2026-05-21 14:38:05.601026,{}
evt_9ae58ab0,quote_9ae92b75,QUOTE_CREATED,rep_03d99ec4,SALES_REP,2026-01-10 11:10:05.601026,{}
evt_5e0b1ff4,quote_9ae92b75,PRODUCT_ADDED,rep_03d99ec4,SALES_REP,2026-01-10 11:39:05.601026,{}
evt_1a2decea,quote_9ae92b75,DISCOUNT_APPLIED,rep_03d99ec4,SALES_REP,2026-01-10 11:58:05.601026,{}
evt_241d0313,quote_9ae92b75,QUOTE_SENT,rep_03d99ec4,SALES_REP,2026-01-10 20:58:05.601026,{}
evt_84a64712,quote_9ae92b75,CUSTOMER_VIEWED,rep_03d99ec4,SALES_REP,2026-01-11 20:58:05.601026,{}
evt_cbe539d0,quote_9ae92b75,ORDER_CONFIRMED,rep_03d99ec4,SALES_REP,2026-01-13 20:58:05.601026,{}
evt_33a2ee8f,quote_adb55f25,QUOTE_CREATED,rep_26645e7c,SALES_REP,2025-10-10 11:10:05.601026,{}
evt_2e335f26,quote_adb55f25,PRODUCT_ADDED,rep_26645e7c,SALES_REP,2025-10-10 11:43:05.601026,{}
evt_5572ebdd,quote_adb55f25,DISCOUNT_APPLIED,rep_26645e7c,SALES_REP,2025-10-10 12:05:05.601026,{}
evt_95b5650f,quote_adb55f25,QUOTE_SENT,rep_26645e7c,SALES_REP,2025-10-11 11:05:05.601026,{}
evt_0ffb099c,quote_adb55f25,CUSTOMER_VIEWED,rep_26645e7c,SALES_REP,2025-10-16 11:05:05.601026,{}
evt_183cb426,quote_8720da68,QUOTE_CREATED,rep_4fd63151,SALES_REP,2025-09-30 23:10:05.601026,{}
evt_4af104c3,quote_8720da68,PRODUCT_ADDED,rep_4fd63151,SALES_REP,2025-09-30 23:59:05.601026,{}
evt_b267f5ea,quote_8720da68,DISCOUNT_APPLIED,rep_4fd63151,SALES_REP,2025-10-01 00:54:05.601026,{}
evt_cf3acc16,quote_8720da68,QUOTE_SENT,rep_4fd63151,SALES_REP,2025-10-01 02:54:05.601026,{}
evt_e8dfa55a,quote_8720da68,CUSTOMER_VIEWED,rep_4fd63151,SALES_REP,2025-10-04 02:54:05.601026,{}
evt_66835622,quote_8720da68,COUNTER_OFFER,rep_4fd63151,SALES_REP,2025-10-05 02:54:05.601026,{}
evt_64a2864c,quote_8720da68,QUOTE_REVISED,rep_4fd63151,SALES_REP,2025-10-06 02:54:05.601026,{}
evt_186d419a,quote_8720da68,APPROVAL_REQUESTED,rep_4fd63151,SALES_REP,2025-10-06 07:54:05.601026,{}
evt_b224e39e,quote_8720da68,REJECTED,rep_4fd63151,SALES_REP,2025-10-10 07:54:05.601026,{}
evt_d67a3b9d,quote_8720da68,REJECTED,rep_4fd63151,SALES_REP,2025-10-11 07:54:05.601026,{}
evt_65fb3c4c,quote_bd20df7a,QUOTE_CREATED,rep_71ed5975,SALES_REP,2025-12-06 12:10:05.601026,{}
evt_19f7f43e,quote_bd20df7a,PRODUCT_ADDED,rep_71ed5975,SALES_REP,2025-12-06 12:15:05.601026,{}
evt_807d9799,quote_bd20df7a,DISCOUNT_APPLIED,rep_71ed5975,SALES_REP,2025-12-06 12:27:05.601026,{}
evt_e0cb6685,quote_bd20df7a,QUOTE_SENT,rep_71ed5975,SALES_REP,2025-12-07 11:27:05.601026,{}
evt_c54ef16e,quote_bd20df7a,CUSTOMER_VIEWED,rep_71ed5975,SALES_REP,2025-12-09 11:27:05.601026,{}
evt_4ca14653,quote_bd20df7a,REJECTED,rep_71ed5975,SALES_REP,2025-12-13 11:27:05.601026,{}
evt_ef30deff,quote_6d9aa000,QUOTE_CREATED,rep_f976f2b3,SALES_REP,2025-12-15 20:10:05.601026,{}
evt_d37ba5db,quote_6d9aa000,PRODUCT_ADDED,rep_f976f2b3,SALES_REP,2025-12-15 20:55:05.601026,{}
evt_98c84f1f,quote_6d9aa000,DISCOUNT_APPLIED,rep_f976f2b3,SALES_REP,2025-12-15 21:46:05.601026,{}
evt_8b7500d8,quote_6d9aa000,QUOTE_SENT,rep_f976f2b3,SALES_REP,2025-12-15 23:46:05.601026,{}
evt_ae5c9c08,quote_6d9aa000,CUSTOMER_VIEWED,rep_f976f2b3,SALES_REP,2025-12-20 23:46:05.601026,{}
evt_f11d085b,quote_6d9aa000,ORDER_CONFIRMED,rep_f976f2b3,SALES_REP,2025-12-23 23:46:05.601026,{}
evt_2671a253,quote_5b9af37d,QUOTE_CREATED,rep_26645e7c,SALES_REP,2026-07-26 19:10:05.601026,{}
evt_49730c16,quote_5b9af37d,PRODUCT_ADDED,rep_26645e7c,SALES_REP,2026-07-26 19:22:05.601026,{}
evt_878d9870,quote_5b9af37d,DISCOUNT_APPLIED,rep_26645e7c,SALES_REP,2026-07-26 19:52:05.601026,{}
evt_abba0b26,quote_5b9af37d,QUOTE_SENT,rep_26645e7c,SALES_REP,2026-07-27 03:52:05.601026,{}
evt_026f72bb,quote_5b9af37d,CUSTOMER_VIEWED,rep_26645e7c,SALES_REP,2026-07-28 03:52:05.601026,{}
evt_331f2178,quote_5b9af37d,ORDER_CONFIRMED,rep_26645e7c,SALES_REP,2026-08-02 03:52:05.601026,{}
evt_c8dccfc7,quote_e53627a1,QUOTE_CREATED,rep_71ed5975,SALES_REP,2025-10-22 03:10:05.601026,{}
evt_b2807b1a,quote_e53627a1,PRODUCT_ADDED,rep_71ed5975,SALES_REP,2025-10-22 03:37:05.601026,{}
evt_cc0adb41,quote_e53627a1,DISCOUNT_APPLIED,rep_71ed5975,SALES_REP,2025-10-22 04:23:05.601026,{}
evt_bb106884,quote_e53627a1,QUOTE_SENT,rep_71ed5975,SALES_REP,2025-10-22 09:23:05.601026,{}
evt_49e47048,quote_e53627a1,CUSTOMER_VIEWED,rep_71ed5975,SALES_REP,2025-10-27 09:23:05.601026,{}
evt_0b71de31,quote_c0dcd61c,QUOTE_CREATED,rep_26645e7c,SALES_REP,2026-02-14 23:10:05.601026,{}
evt_624be992,quote_c0dcd61c,PRODUCT_ADDED,rep_26645e7c,SALES_REP,2026-02-14 23:43:05.601026,{}
evt_08620484,quote_c0dcd61c,DISCOUNT_APPLIED,rep_26645e7c,SALES_REP,2026-02-15 00:34:05.601026,{}
evt_7711d4a7,quote_c0dcd61c,QUOTE_SENT,rep_26645e7c,SALES_REP,2026-02-15 07:34:05.601026,{}
evt_433da60e,quote_c0dcd61c,CUSTOMER_VIEWED,rep_26645e7c,SALES_REP,2026-02-16 07:34:05.601026,{}
evt_379fb89c,quote_c0dcd61c,ORDER_CONFIRMED,rep_26645e7c,SALES_REP,2026-02-19 07:34:05.601026,{}
evt_0477a332,quote_f2c89f8e,QUOTE_CREATED,rep_e08a1589,SALES_REP,2026-06-10 04:10:05.601026,{}
evt_c537b814,quote_f2c89f8e,PRODUCT_ADDED,rep_e08a1589,SALES_REP,2026-06-10 04:37:05.601026,{}
evt_987dfb02,quote_f2c89f8e,DISCOUNT_APPLIED,rep_e08a1589,SALES_REP,2026-06-10 05:02:05.601026,{}
evt_6965eab6,quote_f2c89f8e,QUOTE_SENT,rep_e08a1589,SALES_REP,2026-06-11 05:02:05.601026,{}
evt_f18ffebd,quote_f2c89f8e,CUSTOMER_VIEWED,rep_e08a1589,SALES_REP,2026-06-15 05:02:05.601026,{}
evt_5745a092,quote_f2c89f8e,COUNTER_OFFER,rep_e08a1589,SALES_REP,2026-06-18 05:02:05.601026,{}
evt_d77c49c9,quote_f2c89f8e,QUOTE_REVISED,rep_e08a1589,SALES_REP,2026-06-19 05:02:05.601026,{}
evt_9d611fef,quote_f2c89f8e,REJECTED,rep_e08a1589,SALES_REP,2026-06-20 05:02:05.601026,{}
evt_2acd8c02,quote_b8bd5cf0,QUOTE_CREATED,rep_4fd63151,SALES_REP,2026-04-23 15:10:05.601026,{}
evt_bc7f1493,quote_b8bd5cf0,PRODUCT_ADDED,rep_4fd63151,SALES_REP,2026-04-23 15:15:05.601026,{}
evt_89784c4a,quote_b8bd5cf0,DISCOUNT_APPLIED,rep_4fd63151,SALES_REP,2026-04-23 16:09:05.601026,{}
evt_8185c659,quote_b8bd5cf0,QUOTE_SENT,rep_4fd63151,SALES_REP,2026-04-24 13:09:05.601026,{}
evt_9fbbcfb9,quote_b8bd5cf0,CUSTOMER_VIEWED,rep_4fd63151,SALES_REP,2026-04-29 13:09:05.601026,{}
evt_847c5545,quote_b8bd5cf0,ORDER_CONFIRMED,rep_4fd63151,SALES_REP,2026-05-01 13:09:05.601026,{}
evt_1fbd5bfe,quote_d1c20e39,QUOTE_CREATED,rep_221b7f39,SALES_REP,2026-08-08 23:10:05.601026,{}
evt_dab0a5af,quote_d1c20e39,PRODUCT_ADDED,rep_221b7f39,SALES_REP,2026-08-08 23:46:05.601026,{}
evt_7e9e0402,quote_d1c20e39,DISCOUNT_APPLIED,rep_221b7f39,SALES_REP,2026-08-09 00:40:05.601026,{}
evt_fc333e67,quote_d1c20e39,QUOTE_SENT,rep_221b7f39,SALES_REP,2026-08-09 18:40:05.601026,{}
evt_d16227cd,quote_d1c20e39,CUSTOMER_VIEWED,rep_221b7f39,SALES_REP,2026-08-11 18:40:05.601026,{}
evt_5ae68db8,quote_9e2c542a,QUOTE_CREATED,rep_b548fdfc,SALES_REP,2025-10-31 09:10:05.601026,{}
evt_6d419308,quote_9e2c542a,PRODUCT_ADDED,rep_b548fdfc,SALES_REP,2025-10-31 09:23:05.601026,{}
evt_f6e01905,quote_9e2c542a,DISCOUNT_APPLIED,rep_b548fdfc,SALES_REP,2025-10-31 09:39:05.601026,{}
evt_7df7bd00,quote_9e2c542a,QUOTE_SENT,rep_b548fdfc,SALES_REP,2025-10-31 11:39:05.601026,{}
evt_24993914,quote_9e2c542a,CUSTOMER_VIEWED,rep_b548fdfc,SALES_REP,2025-11-02 11:39:05.601026,{}
evt_9058aa55,quote_9e2c542a,COUNTER_OFFER,rep_b548fdfc,SALES_REP,2025-11-03 11:39:05.601026,{}
evt_c8d29301,quote_9e2c542a,QUOTE_REVISED,rep_b548fdfc,SALES_REP,2025-11-04 11:39:05.601026,{}
evt_8f3a2185,quote_9e2c542a,ORDER_CONFIRMED,rep_b548fdfc,SALES_REP,2025-11-05 11:39:05.601026,{}
evt_f068e65c,quote_94501868,QUOTE_CREATED,rep_b548fdfc,SALES_REP,2025-12-28 01:10:05.601026,{}
evt_3b7c3d08,quote_94501868,PRODUCT_ADDED,rep_b548fdfc,SALES_REP,2025-12-28 01:46:05.601026,{}
evt_ee7969a8,quote_94501868,DISCOUNT_APPLIED,rep_b548fdfc,SALES_REP,2025-12-28 02:44:05.601026,{}
evt_be5850ac,quote_94501868,QUOTE_SENT,rep_b548fdfc,SALES_REP,2025-12-28 05:44:05.601026,{}
evt_b03ecfc4,quote_94501868,CUSTOMER_VIEWED,rep_b548fdfc,SALES_REP,2026-01-01 05:44:05.601026,{}
evt_3b131045,quote_94501868,REJECTED,rep_b548fdfc,SALES_REP,2026-01-02 05:44:05.601026,{}
evt_ae29f139,quote_9db0c4ba,QUOTE_CREATED,rep_76071164,SALES_REP,2026-04-05 17:10:05.601026,{}
evt_6739c0d1,quote_9db0c4ba,PRODUCT_ADDED,rep_76071164,SALES_REP,2026-04-05 17:21:05.601026,{}
evt_d279957e,quote_9db0c4ba,DISCOUNT_APPLIED,rep_76071164,SALES_REP,2026-04-05 17:32:05.601026,{}
evt_cb731d3b,quote_9db0c4ba,QUOTE_SENT,rep_76071164,SALES_REP,2026-04-06 17:32:05.601026,{}
evt_ca3f3123,quote_9db0c4ba,CUSTOMER_VIEWED,rep_76071164,SALES_REP,2026-04-08 17:32:05.601026,{}
evt_8f165413,quote_9db0c4ba,REJECTED,rep_76071164,SALES_REP,2026-04-10 17:32:05.601026,{}
evt_a276b5b9,quote_e93fc500,QUOTE_CREATED,rep_76071164,SALES_REP,2026-08-07 13:10:05.601026,{}
evt_1f5d1665,quote_e93fc500,PRODUCT_ADDED,rep_76071164,SALES_REP,2026-08-07 13:50:05.601026,{}
evt_fe975974,quote_e93fc500,DISCOUNT_APPLIED,rep_76071164,SALES_REP,2026-08-07 14:21:05.601026,{}
evt_499b0403,quote_e93fc500,QUOTE_SENT,rep_76071164,SALES_REP,2026-08-08 14:21:05.601026,{}
evt_41fa72e5,quote_e93fc500,CUSTOMER_VIEWED,rep_76071164,SALES_REP,2026-08-09 14:21:05.601026,{}
evt_839a28e2,quote_e93fc500,ORDER_CONFIRMED,rep_76071164,SALES_REP,2026-08-14 14:21:05.601026,{}
evt_2cd4ee01,quote_a6a1388d,QUOTE_CREATED,rep_4fd63151,SALES_REP,2026-06-13 18:10:05.601026,{}
evt_65a11d89,quote_a6a1388d,PRODUCT_ADDED,rep_4fd63151,SALES_REP,2026-06-13 18:53:05.601026,{}
evt_a3078322,quote_a6a1388d,DISCOUNT_APPLIED,rep_4fd63151,SALES_REP,2026-06-13 19:26:05.601026,{}
evt_13948cb3,quote_a6a1388d,QUOTE_SENT,rep_4fd63151,SALES_REP,2026-06-14 07:26:05.601026,{}
evt_9baccd63,quote_a6a1388d,CUSTOMER_VIEWED,rep_4fd63151,SALES_REP,2026-06-17 07:26:05.601026,{}
evt_12bd9e31,quote_a6a1388d,REJECTED,rep_4fd63151,SALES_REP,2026-06-20 07:26:05.601026,{}
evt_1f356396,quote_1acd144d,QUOTE_CREATED,rep_03d99ec4,SALES_REP,2026-07-26 19:10:05.601026,{}
evt_76597b78,quote_1acd144d,PRODUCT_ADDED,rep_03d99ec4,SALES_REP,2026-07-26 19:51:05.601026,{}
evt_b493de7d,quote_1acd144d,DISCOUNT_APPLIED,rep_03d99ec4,SALES_REP,2026-07-26 20:30:05.601026,{}
evt_47cc15a0,quote_1acd144d,QUOTE_SENT,rep_03d99ec4,SALES_REP,2026-07-27 03:30:05.601026,{}
evt_fbb5c0d1,quote_1acd144d,CUSTOMER_VIEWED,rep_03d99ec4,SALES_REP,2026-07-31 03:30:05.601026,{}
evt_1b5ab76e,quote_1acd144d,ORDER_CONFIRMED,rep_03d99ec4,SALES_REP,2026-08-06 03:30:05.601026,{}
evt_0cfddda4,quote_4f56533f,QUOTE_CREATED,rep_f976f2b3,SALES_REP,2026-01-29 01:10:05.601026,{}
evt_026353af,quote_4f56533f,PRODUCT_ADDED,rep_f976f2b3,SALES_REP,2026-01-29 01:28:05.601026,{}
evt_5f1068bc,quote_4f56533f,DISCOUNT_APPLIED,rep_f976f2b3,SALES_REP,2026-01-29 02:27:05.601026,{}
evt_6cb568e3,quote_4f56533f,QUOTE_SENT,rep_f976f2b3,SALES_REP,2026-01-29 13:27:05.601026,{}
evt_24755afe,quote_4f56533f,CUSTOMER_VIEWED,rep_f976f2b3,SALES_REP,2026-01-30 13:27:05.601026,{}
evt_50ce22a5,quote_4f56533f,APPROVAL_REQUESTED,rep_f976f2b3,SALES_REP,2026-01-31 01:27:05.601026,{}
evt_814edd00,quote_4f56533f,APPROVED,rep_f976f2b3,SALES_REP,2026-02-03 01:27:05.601026,{}
evt_adb28940,quote_4f56533f,ORDER_CONFIRMED,rep_f976f2b3,SALES_REP,2026-02-08 01:27:05.601026,{}
evt_64a5a880,quote_a8d6f54d,QUOTE_CREATED,rep_e08a1589,SALES_REP,2026-03-12 00:10:05.601026,{}
evt_cf285b22,quote_a8d6f54d,PRODUCT_ADDED,rep_e08a1589,SALES_REP,2026-03-12 00:51:05.601026,{}
evt_47339c12,quote_a8d6f54d,DISCOUNT_APPLIED,rep_e08a1589,SALES_REP,2026-03-12 01:21:05.601026,{}
evt_9dc27fb1,quote_a8d6f54d,QUOTE_SENT,rep_e08a1589,SALES_REP,2026-03-12 20:21:05.601026,{}
evt_7cc1b11d,quote_a8d6f54d,CUSTOMER_VIEWED,rep_e08a1589,SALES_REP,2026-03-14 20:21:05.601026,{}
evt_656c79fc,quote_a8d6f54d,REJECTED,rep_e08a1589,SALES_REP,2026-03-20 20:21:05.601026,{}
evt_c2cbede7,quote_ff793d0c,QUOTE_CREATED,rep_71ed5975,SALES_REP,2025-12-02 21:10:05.601026,{}
evt_25beff3b,quote_ff793d0c,PRODUCT_ADDED,rep_71ed5975,SALES_REP,2025-12-02 21:21:05.601026,{}
evt_24b61047,quote_ff793d0c,DISCOUNT_APPLIED,rep_71ed5975,SALES_REP,2025-12-02 22:04:05.601026,{}
evt_c02db16f,quote_ff793d0c,QUOTE_SENT,rep_71ed5975,SALES_REP,2025-12-03 19:04:05.601026,{}
evt_52f40b74,quote_ff793d0c,CUSTOMER_VIEWED,rep_71ed5975,SALES_REP,2025-12-06 19:04:05.601026,{}
evt_3cc739ee,quote_ff793d0c,COUNTER_OFFER,rep_71ed5975,SALES_REP,2025-12-09 19:04:05.601026,{}
evt_5c22cb6b,quote_ff793d0c,QUOTE_REVISED,rep_71ed5975,SALES_REP,2025-12-11 19:04:05.601026,{}
evt_61c2ab43,quote_ff793d0c,ORDER_CONFIRMED,rep_71ed5975,SALES_REP,2025-12-12 19:04:05.601026,{}
evt_1c005c68,quote_042f3b92,QUOTE_CREATED,rep_26645e7c,SALES_REP,2026-08-06 01:10:05.601026,{}
evt_adfff0b5,quote_042f3b92,PRODUCT_ADDED,rep_26645e7c,SALES_REP,2026-08-06 01:49:05.601026,{}
evt_a5868a28,quote_042f3b92,DISCOUNT_APPLIED,rep_26645e7c,SALES_REP,2026-08-06 02:30:05.601026,{}
evt_2a7eddbb,quote_042f3b92,QUOTE_SENT,rep_26645e7c,SALES_REP,2026-08-06 07:30:05.601026,{}
evt_37b74a78,quote_042f3b92,CUSTOMER_VIEWED,rep_26645e7c,SALES_REP,2026-08-09 07:30:05.601026,{}
evt_5b44ef9e,quote_042f3b92,REJECTED,rep_26645e7c,SALES_REP,2026-08-11 07:30:05.601026,{}
evt_cb76cd05,quote_057c6cc8,QUOTE_CREATED,rep_f976f2b3,SALES_REP,2026-08-16 05:10:05.601026,{}
evt_62d6b09b,quote_057c6cc8,PRODUCT_ADDED,rep_f976f2b3,SALES_REP,2026-08-16 05:45:05.601026,{}
evt_b62f5b7e,quote_057c6cc8,DISCOUNT_APPLIED,rep_f976f2b3,SALES_REP,2026-08-16 06:26:05.601026,{}
evt_833ceb20,quote_057c6cc8,QUOTE_SENT,rep_f976f2b3,SALES_REP,2026-08-17 06:26:05.601026,{}
evt_8a700b2e,quote_057c6cc8,CUSTOMER_VIEWED,rep_f976f2b3,SALES_REP,2026-08-18 06:26:05.601026,{}
evt_5f47f953,quote_057c6cc8,ORDER_CONFIRMED,rep_f976f2b3,SALES_REP,2026-08-21 06:26:05.601026,{}
evt_6579c2b6,quote_028a4769,QUOTE_CREATED,rep_4fd63151,SALES_REP,2026-05-09 23:10:05.601026,{}
evt_926da149,quote_028a4769,PRODUCT_ADDED,rep_4fd63151,SALES_REP,2026-05-09 23:58:05.601026,{}
evt_f85f6bff,quote_028a4769,DISCOUNT_APPLIED,rep_4fd63151,SALES_REP,2026-05-10 00:39:05.601026,{}
evt_ce8622ff,quote_028a4769,QUOTE_SENT,rep_4fd63151,SALES_REP,2026-05-10 03:39:05.601026,{}
evt_a39d6972,quote_028a4769,CUSTOMER_VIEWED,rep_4fd63151,SALES_REP,2026-05-11 03:39:05.601026,{}
evt_f7392317,quote_028a4769,REJECTED,rep_4fd63151,SALES_REP,2026-05-15 03:39:05.601026,{}
evt_e505a7f2,quote_a5f48273,QUOTE_CREATED,rep_b548fdfc,SALES_REP,2025-12-11 16:10:05.601026,{}
evt_78455574,quote_a5f48273,PRODUCT_ADDED,rep_b548fdfc,SALES_REP,2025-12-11 16:34:05.601026,{}
evt_a2a4a839,quote_a5f48273,DISCOUNT_APPLIED,rep_b548fdfc,SALES_REP,2025-12-11 16:49:05.601026,{}
evt_727a4db2,quote_a5f48273,QUOTE_SENT,rep_b548fdfc,SALES_REP,2025-12-12 04:49:05.601026,{}
evt_1b541f1e,quote_a5f48273,CUSTOMER_VIEWED,rep_b548fdfc,SALES_REP,2025-12-17 04:49:05.601026,{}
evt_69347eda,quote_a5f48273,ORDER_CONFIRMED,rep_b548fdfc,SALES_REP,2025-12-24 04:49:05.601026,{}
evt_029eaab1,quote_6a278e9e,QUOTE_CREATED,rep_b548fdfc,SALES_REP,2025-11-24 05:10:05.601026,{}
evt_8d2d37da,quote_6a278e9e,PRODUCT_ADDED,rep_b548fdfc,SALES_REP,2025-11-24 05:54:05.601026,{}
evt_21f85938,quote_6a278e9e,DISCOUNT_APPLIED,rep_b548fdfc,SALES_REP,2025-11-24 06:08:05.601026,{}
evt_5b12f6f3,quote_6a278e9e,QUOTE_SENT,rep_b548fdfc,SALES_REP,2025-11-24 16:08:05.601026,{}
evt_4220d1f7,quote_6a278e9e,CUSTOMER_VIEWED,rep_b548fdfc,SALES_REP,2025-11-25 16:08:05.601026,{}
evt_4617a8cb,quote_6a278e9e,ORDER_CONFIRMED,rep_b548fdfc,SALES_REP,2025-12-02 16:08:05.601026,{}
evt_a2d1c51a,quote_65bf2e1f,QUOTE_CREATED,rep_76071164,SALES_REP,2025-12-22 12:10:05.601026,{}
evt_31930c9a,quote_65bf2e1f,PRODUCT_ADDED,rep_76071164,SALES_REP,2025-12-22 12:45:05.601026,{}
evt_a51abb38,quote_65bf2e1f,DISCOUNT_APPLIED,rep_76071164,SALES_REP,2025-12-22 13:29:05.601026,{}
evt_839f6c5c,quote_65bf2e1f,QUOTE_SENT,rep_76071164,SALES_REP,2025-12-23 13:29:05.601026,{}
evt_3688c41c,quote_65bf2e1f,CUSTOMER_VIEWED,rep_76071164,SALES_REP,2025-12-25 13:29:05.601026,{}
evt_83a3f384,quote_65bf2e1f,REJECTED,rep_76071164,SALES_REP,2025-12-31 13:29:05.601026,{}
evt_89675a15,quote_59cb7f5d,QUOTE_CREATED,rep_03d99ec4,SALES_REP,2026-07-01 03:10:05.601026,{}
evt_80f03ec6,quote_59cb7f5d,PRODUCT_ADDED,rep_03d99ec4,SALES_REP,2026-07-01 03:33:05.601026,{}
evt_12f7d75c,quote_59cb7f5d,DISCOUNT_APPLIED,rep_03d99ec4,SALES_REP,2026-07-01 03:50:05.601026,{}
evt_acf081ff,quote_59cb7f5d,QUOTE_SENT,rep_03d99ec4,SALES_REP,2026-07-02 02:50:05.601026,{}
evt_5ac0667f,quote_59cb7f5d,CUSTOMER_VIEWED,rep_03d99ec4,SALES_REP,2026-07-07 02:50:05.601026,{}
evt_9347b49f,quote_59cb7f5d,COUNTER_OFFER,rep_03d99ec4,SALES_REP,2026-07-09 02:50:05.601026,{}
evt_73676900,quote_59cb7f5d,QUOTE_REVISED,rep_03d99ec4,SALES_REP,2026-07-10 02:50:05.601026,{}
evt_d15b5c0c,quote_59cb7f5d,ORDER_CONFIRMED,rep_03d99ec4,SALES_REP,2026-07-11 02:50:05.601026,{}
evt_43c801dc,quote_f72a2c26,QUOTE_CREATED,rep_f976f2b3,SALES_REP,2026-02-02 02:10:05.601026,{}
evt_70952248,quote_f72a2c26,PRODUCT_ADDED,rep_f976f2b3,SALES_REP,2026-02-02 02:49:05.601026,{}
evt_935308a2,quote_f72a2c26,DISCOUNT_APPLIED,rep_f976f2b3,SALES_REP,2026-02-02 02:59:05.601026,{}
evt_8c68a9ba,quote_f72a2c26,QUOTE_SENT,rep_f976f2b3,SALES_REP,2026-02-02 08:59:05.601026,{}
evt_a943e405,quote_f72a2c26,CUSTOMER_VIEWED,rep_f976f2b3,SALES_REP,2026-02-04 08:59:05.601026,{}
evt_91ffea6d,quote_1fb3fd54,QUOTE_CREATED,rep_f976f2b3,SALES_REP,2025-09-25 13:10:05.601026,{}
evt_de2b1661,quote_1fb3fd54,PRODUCT_ADDED,rep_f976f2b3,SALES_REP,2025-09-25 13:30:05.601026,{}
evt_04d26e6d,quote_1fb3fd54,DISCOUNT_APPLIED,rep_f976f2b3,SALES_REP,2025-09-25 14:07:05.601026,{}
evt_99a94a26,quote_1fb3fd54,QUOTE_SENT,rep_f976f2b3,SALES_REP,2025-09-25 23:07:05.601026,{}
evt_aee38cfe,quote_1fb3fd54,CUSTOMER_VIEWED,rep_f976f2b3,SALES_REP,2025-09-26 23:07:05.601026,{}
evt_46969cee,quote_5d5bff4e,QUOTE_CREATED,rep_76071164,SALES_REP,2026-01-26 13:10:05.601026,{}
evt_6d86c507,quote_5d5bff4e,PRODUCT_ADDED,rep_76071164,SALES_REP,2026-01-26 13:58:05.601026,{}
evt_dd8f93ee,quote_5d5bff4e,DISCOUNT_APPLIED,rep_76071164,SALES_REP,2026-01-26 14:17:05.601026,{}
evt_fff75c41,quote_5d5bff4e,QUOTE_SENT,rep_76071164,SALES_REP,2026-01-27 04:17:05.601026,{}
evt_77bb6d19,quote_5d5bff4e,CUSTOMER_VIEWED,rep_76071164,SALES_REP,2026-01-29 04:17:05.601026,{}
evt_b55ff67b,quote_5d5bff4e,ORDER_CONFIRMED,rep_76071164,SALES_REP,2026-02-02 04:17:05.601026,{}
evt_4e2218f3,quote_bcf04f4a,QUOTE_CREATED,rep_4fd63151,SALES_REP,2026-06-29 23:10:05.601026,{}
evt_48de64b1,quote_bcf04f4a,PRODUCT_ADDED,rep_4fd63151,SALES_REP,2026-06-29 23:59:05.601026,{}
evt_8f4960fb,quote_bcf04f4a,DISCOUNT_APPLIED,rep_4fd63151,SALES_REP,2026-06-30 00:49:05.601026,{}
evt_fba52978,quote_bcf04f4a,QUOTE_SENT,rep_4fd63151,SALES_REP,2026-06-30 17:49:05.601026,{}
evt_5d34a503,quote_bcf04f4a,CUSTOMER_VIEWED,rep_4fd63151,SALES_REP,2026-07-02 17:49:05.601026,{}
evt_7f4a780a,quote_bcf04f4a,ORDER_CONFIRMED,rep_4fd63151,SALES_REP,2026-07-09 17:49:05.601026,{}
evt_2d183017,quote_4998f91c,QUOTE_CREATED,rep_76071164,SALES_REP,2025-11-04 11:10:05.601026,{}
evt_76580445,quote_4998f91c,PRODUCT_ADDED,rep_76071164,SALES_REP,2025-11-04 11:34:05.601026,{}
evt_0df89423,quote_4998f91c,DISCOUNT_APPLIED,rep_76071164,SALES_REP,2025-11-04 12:07:05.601026,{}
evt_0ced09ac,quote_4998f91c,QUOTE_SENT,rep_76071164,SALES_REP,2025-11-05 12:07:05.601026,{}
evt_dd68f879,quote_4998f91c,CUSTOMER_VIEWED,rep_76071164,SALES_REP,2025-11-08 12:07:05.601026,{}
evt_24f21390,quote_4998f91c,COUNTER_OFFER,rep_76071164,SALES_REP,2025-11-09 12:07:05.601026,{}
evt_160f3f9f,quote_4998f91c,QUOTE_REVISED,rep_76071164,SALES_REP,2025-11-10 12:07:05.601026,{}
evt_cd0c590d,quote_4998f91c,ORDER_CONFIRMED,rep_76071164,SALES_REP,2025-11-12 12:07:05.601026,{}
evt_1ebe21c6,quote_bd8b0b93,QUOTE_CREATED,rep_d5902688,SALES_REP,2026-07-15 13:10:05.601026,{}
evt_76ff4426,quote_bd8b0b93,PRODUCT_ADDED,rep_d5902688,SALES_REP,2026-07-15 13:20:05.601026,{}
evt_a043cc00,quote_bd8b0b93,DISCOUNT_APPLIED,rep_d5902688,SALES_REP,2026-07-15 14:09:05.601026,{}
evt_234b7509,quote_bd8b0b93,QUOTE_SENT,rep_d5902688,SALES_REP,2026-07-16 06:09:05.601026,{}
evt_b89b0866,quote_bd8b0b93,CUSTOMER_VIEWED,rep_d5902688,SALES_REP,2026-07-18 06:09:05.601026,{}
evt_46312705,quote_bd8b0b93,ORDER_CONFIRMED,rep_d5902688,SALES_REP,2026-07-23 06:09:05.601026,{}
evt_fd4beba7,quote_8036bbf3,QUOTE_CREATED,rep_4fd63151,SALES_REP,2025-11-27 12:10:05.601026,{}
evt_b4d50404,quote_8036bbf3,PRODUCT_ADDED,rep_4fd63151,SALES_REP,2025-11-27 12:32:05.601026,{}
evt_23983e3e,quote_8036bbf3,DISCOUNT_APPLIED,rep_4fd63151,SALES_REP,2025-11-27 13:03:05.601026,{}
evt_c8bdcf39,quote_8036bbf3,QUOTE_SENT,rep_4fd63151,SALES_REP,2025-11-27 21:03:05.601026,{}
evt_75c6a757,quote_8036bbf3,CUSTOMER_VIEWED,rep_4fd63151,SALES_REP,2025-11-29 21:03:05.601026,{}
evt_05392b08,quote_8036bbf3,ORDER_CONFIRMED,rep_4fd63151,SALES_REP,2025-11-30 21:03:05.601026,{}
evt_59f05210,quote_a4e41506,QUOTE_CREATED,rep_26645e7c,SALES_REP,2026-04-11 18:10:05.601026,{}
evt_35e062dc,quote_a4e41506,PRODUCT_ADDED,rep_26645e7c,SALES_REP,2026-04-11 18:35:05.601026,{}
evt_574c9a0f,quote_a4e41506,DISCOUNT_APPLIED,rep_26645e7c,SALES_REP,2026-04-11 19:05:05.601026,{}
evt_dacd76ba,quote_a4e41506,QUOTE_SENT,rep_26645e7c,SALES_REP,2026-04-12 15:05:05.601026,{}
evt_1ead088e,quote_a4e41506,CUSTOMER_VIEWED,rep_26645e7c,SALES_REP,2026-04-17 15:05:05.601026,{}
evt_52fd844b,quote_a4e41506,ORDER_CONFIRMED,rep_26645e7c,SALES_REP,2026-04-22 15:05:05.601026,{}
evt_da503309,quote_a67ee880,QUOTE_CREATED,rep_76071164,SALES_REP,2026-06-07 18:10:05.601026,{}
evt_7f137961,quote_a67ee880,PRODUCT_ADDED,rep_76071164,SALES_REP,2026-06-07 19:07:05.601026,{}
evt_7ce4ff52,quote_a67ee880,DISCOUNT_APPLIED,rep_76071164,SALES_REP,2026-06-07 19:30:05.601026,{}
evt_327a5da6,quote_a67ee880,QUOTE_SENT,rep_76071164,SALES_REP,2026-06-08 10:30:05.601026,{}
evt_5203a73d,quote_a67ee880,CUSTOMER_VIEWED,rep_76071164,SALES_REP,2026-06-10 10:30:05.601026,{}
evt_9809fe29,quote_5b67eabe,QUOTE_CREATED,rep_76071164,SALES_REP,2025-11-16 20:10:05.601026,{}
evt_92c263a6,quote_5b67eabe,PRODUCT_ADDED,rep_76071164,SALES_REP,2025-11-16 20:43:05.601026,{}
evt_c30f3079,quote_5b67eabe,DISCOUNT_APPLIED,rep_76071164,SALES_REP,2025-11-16 20:49:05.601026,{}
evt_cc4a4350,quote_5b67eabe,QUOTE_SENT,rep_76071164,SALES_REP,2025-11-17 02:49:05.601026,{}
evt_49c9569f,quote_5b67eabe,CUSTOMER_VIEWED,rep_76071164,SALES_REP,2025-11-21 02:49:05.601026,{}
evt_4afe0160,quote_5b67eabe,REJECTED,rep_76071164,SALES_REP,2025-11-27 02:49:05.601026,{}
evt_3592f68d,quote_32accfe3,QUOTE_CREATED,rep_71ed5975,SALES_REP,2025-10-21 14:10:05.601026,{}
evt_d8524290,quote_32accfe3,PRODUCT_ADDED,rep_71ed5975,SALES_REP,2025-10-21 15:01:05.601026,{}
evt_74807519,quote_32accfe3,DISCOUNT_APPLIED,rep_71ed5975,SALES_REP,2025-10-21 15:13:05.601026,{}
evt_8441129d,quote_32accfe3,QUOTE_SENT,rep_71ed5975,SALES_REP,2025-10-21 18:13:05.601026,{}
evt_a1c27072,quote_32accfe3,CUSTOMER_VIEWED,rep_71ed5975,SALES_REP,2025-10-22 18:13:05.601026,{}
evt_1fb5d3ef,quote_32accfe3,REJECTED,rep_71ed5975,SALES_REP,2025-10-28 18:13:05.601026,{}
evt_27ba2877,quote_4cd07bd2,QUOTE_CREATED,rep_221b7f39,SALES_REP,2026-06-01 04:10:05.601026,{}
evt_39af67f4,quote_4cd07bd2,PRODUCT_ADDED,rep_221b7f39,SALES_REP,2026-06-01 04:36:05.601026,{}
evt_a97a0578,quote_4cd07bd2,DISCOUNT_APPLIED,rep_221b7f39,SALES_REP,2026-06-01 05:17:05.601026,{}
evt_25f10952,quote_4cd07bd2,QUOTE_SENT,rep_221b7f39,SALES_REP,2026-06-02 03:17:05.601026,{}
evt_44593bc8,quote_4cd07bd2,CUSTOMER_VIEWED,rep_221b7f39,SALES_REP,2026-06-04 03:17:05.601026,{}
evt_a7fea573,quote_4cd07bd2,COUNTER_OFFER,rep_221b7f39,SALES_REP,2026-06-05 03:17:05.601026,{}
evt_9997c026,quote_4cd07bd2,QUOTE_REVISED,rep_221b7f39,SALES_REP,2026-06-06 03:17:05.601026,{}
evt_c47788dd,quote_4cd07bd2,ORDER_CONFIRMED,rep_221b7f39,SALES_REP,2026-06-13 03:17:05.601026,{}
evt_36246a4c,quote_9e684ef8,QUOTE_CREATED,rep_4fd63151,SALES_REP,2025-11-04 10:10:05.601026,{}
evt_667d1eca,quote_9e684ef8,PRODUCT_ADDED,rep_4fd63151,SALES_REP,2025-11-04 10:31:05.601026,{}
evt_f7ffcf69,quote_9e684ef8,DISCOUNT_APPLIED,rep_4fd63151,SALES_REP,2025-11-04 10:36:05.601026,{}
evt_19b6bbb8,quote_9e684ef8,QUOTE_SENT,rep_4fd63151,SALES_REP,2025-11-05 01:36:05.601026,{}
evt_c3541387,quote_9e684ef8,CUSTOMER_VIEWED,rep_4fd63151,SALES_REP,2025-11-09 01:36:05.601026,{}
evt_aa0245da,quote_9e684ef8,REJECTED,rep_4fd63151,SALES_REP,2025-11-14 01:36:05.601026,{}
evt_b99c2294,quote_fe52bbf0,QUOTE_CREATED,rep_d5902688,SALES_REP,2026-05-15 13:10:05.601026,{}
evt_fe796ee1,quote_fe52bbf0,PRODUCT_ADDED,rep_d5902688,SALES_REP,2026-05-15 13:41:05.601026,{}
evt_7af6fab7,quote_fe52bbf0,DISCOUNT_APPLIED,rep_d5902688,SALES_REP,2026-05-15 14:14:05.601026,{}
evt_4484c1cd,quote_fe52bbf0,QUOTE_SENT,rep_d5902688,SALES_REP,2026-05-15 17:14:05.601026,{}
evt_572fb37c,quote_fe52bbf0,CUSTOMER_VIEWED,rep_d5902688,SALES_REP,2026-05-20 17:14:05.601026,{}
evt_2ac490d3,quote_fe52bbf0,ORDER_CONFIRMED,rep_d5902688,SALES_REP,2026-05-22 17:14:05.601026,{}
evt_b511f420,quote_02e7e6e3,QUOTE_CREATED,rep_4fd63151,SALES_REP,2025-10-04 02:10:05.601026,{}
evt_012d610a,quote_02e7e6e3,PRODUCT_ADDED,rep_4fd63151,SALES_REP,2025-10-04 02:25:05.601026,{}
evt_3596d21d,quote_02e7e6e3,DISCOUNT_APPLIED,rep_4fd63151,SALES_REP,2025-10-04 03:13:05.601026,{}
evt_8575c955,quote_02e7e6e3,QUOTE_SENT,rep_4fd63151,SALES_REP,2025-10-04 13:13:05.601026,{}
evt_c64adff0,quote_02e7e6e3,CUSTOMER_VIEWED,rep_4fd63151,SALES_REP,2025-10-09 13:13:05.601026,{}
evt_edcccc65,quote_02e7e6e3,ORDER_CONFIRMED,rep_4fd63151,SALES_REP,2025-10-15 13:13:05.601026,{}
evt_84377a3e,quote_cbc81ad8,QUOTE_CREATED,rep_e08a1589,SALES_REP,2026-02-17 17:10:05.601026,{}
evt_ff68271d,quote_cbc81ad8,PRODUCT_ADDED,rep_e08a1589,SALES_REP,2026-02-17 17:50:05.601026,{}
evt_f3e2ca10,quote_cbc81ad8,DISCOUNT_APPLIED,rep_e08a1589,SALES_REP,2026-02-17 17:59:05.601026,{}
evt_01038879,quote_cbc81ad8,QUOTE_SENT,rep_e08a1589,SALES_REP,2026-02-18 03:59:05.601026,{}
evt_a0b102f0,quote_cbc81ad8,CUSTOMER_VIEWED,rep_e08a1589,SALES_REP,2026-02-22 03:59:05.601026,{}
evt_1976ffac,quote_cbc81ad8,COUNTER_OFFER,rep_e08a1589,SALES_REP,2026-02-25 03:59:05.601026,{}
evt_fa5eec2f,quote_cbc81ad8,QUOTE_REVISED,rep_e08a1589,SALES_REP,2026-02-27 03:59:05.601026,{}
evt_49643019,quote_cbc81ad8,ORDER_CONFIRMED,rep_e08a1589,SALES_REP,2026-03-02 03:59:05.601026,{}
evt_680db1c1,quote_ac16cb6a,QUOTE_CREATED,rep_d5902688,SALES_REP,2026-07-24 22:10:05.601026,{}
evt_9a618419,quote_ac16cb6a,PRODUCT_ADDED,rep_d5902688,SALES_REP,2026-07-24 23:05:05.601026,{}
evt_b4120b21,quote_ac16cb6a,DISCOUNT_APPLIED,rep_d5902688,SALES_REP,2026-07-24 23:55:05.601026,{}
evt_99e40872,quote_ac16cb6a,QUOTE_SENT,rep_d5902688,SALES_REP,2026-07-25 09:55:05.601026,{}
evt_cc701ab1,quote_ac16cb6a,CUSTOMER_VIEWED,rep_d5902688,SALES_REP,2026-07-29 09:55:05.601026,{}
evt_ca11e851,quote_fb181841,QUOTE_CREATED,rep_76071164,SALES_REP,2026-06-27 01:10:05.601026,{}
evt_e3ceb477,quote_fb181841,PRODUCT_ADDED,rep_76071164,SALES_REP,2026-06-27 01:46:05.601026,{}
evt_56c2ebfa,quote_fb181841,DISCOUNT_APPLIED,rep_76071164,SALES_REP,2026-06-27 02:24:05.601026,{}
evt_abfa8902,quote_fb181841,QUOTE_SENT,rep_76071164,SALES_REP,2026-06-28 02:24:05.601026,{}
evt_db26b17b,quote_fb181841,CUSTOMER_VIEWED,rep_76071164,SALES_REP,2026-07-02 02:24:05.601026,{}
evt_9abe0b6b,quote_fb181841,REJECTED,rep_76071164,SALES_REP,2026-07-04 02:24:05.601026,{}
evt_84fca92d,quote_7d0eb8da,QUOTE_CREATED,rep_26645e7c,SALES_REP,2026-01-31 12:10:05.601026,{}
evt_c422df89,quote_7d0eb8da,PRODUCT_ADDED,rep_26645e7c,SALES_REP,2026-01-31 12:17:05.601026,{}
evt_80707256,quote_7d0eb8da,DISCOUNT_APPLIED,rep_26645e7c,SALES_REP,2026-01-31 12:43:05.601026,{}
evt_ed040771,quote_7d0eb8da,QUOTE_SENT,rep_26645e7c,SALES_REP,2026-02-01 00:43:05.601026,{}
evt_021392dd,quote_7d0eb8da,CUSTOMER_VIEWED,rep_26645e7c,SALES_REP,2026-02-06 00:43:05.601026,{}
evt_910bc94e,quote_7d0eb8da,APPROVAL_REQUESTED,rep_26645e7c,SALES_REP,2026-02-06 04:43:05.601026,{}
evt_75ee937d,quote_7d0eb8da,APPROVED,rep_26645e7c,SALES_REP,2026-02-07 04:43:05.601026,{}
evt_d7f6e179,quote_7d0eb8da,ORDER_CONFIRMED,rep_26645e7c,SALES_REP,2026-02-13 04:43:05.601026,{}
evt_f5e59611,quote_456a0147,QUOTE_CREATED,rep_76071164,SALES_REP,2026-06-13 16:10:05.601026,{}
evt_5ebd76e0,quote_456a0147,PRODUCT_ADDED,rep_76071164,SALES_REP,2026-06-13 16:40:05.601026,{}
evt_f984cb45,quote_456a0147,DISCOUNT_APPLIED,rep_76071164,SALES_REP,2026-06-13 17:31:05.601026,{}
evt_c1357571,quote_456a0147,QUOTE_SENT,rep_76071164,SALES_REP,2026-06-14 12:31:05.601026,{}
evt_4fd012fa,quote_456a0147,CUSTOMER_VIEWED,rep_76071164,SALES_REP,2026-06-19 12:31:05.601026,{}
evt_5c6898eb,quote_456a0147,REJECTED,rep_76071164,SALES_REP,2026-06-26 12:31:05.601026,{}
evt_88c8bbbd,quote_9581bbc4,QUOTE_CREATED,rep_26645e7c,SALES_REP,2026-02-21 16:10:05.601026,{}
evt_4644ffbc,quote_9581bbc4,PRODUCT_ADDED,rep_26645e7c,SALES_REP,2026-02-21 16:17:05.601026,{}
evt_277ae078,quote_9581bbc4,DISCOUNT_APPLIED,rep_26645e7c,SALES_REP,2026-02-21 17:03:05.601026,{}
evt_0d5461cd,quote_9581bbc4,QUOTE_SENT,rep_26645e7c,SALES_REP,2026-02-21 22:03:05.601026,{}
evt_9f275805,quote_9581bbc4,CUSTOMER_VIEWED,rep_26645e7c,SALES_REP,2026-02-25 22:03:05.601026,{}
evt_807faf08,quote_9581bbc4,COUNTER_OFFER,rep_26645e7c,SALES_REP,2026-02-27 22:03:05.601026,{}
evt_0669be0b,quote_9581bbc4,QUOTE_REVISED,rep_26645e7c,SALES_REP,2026-03-01 22:03:05.601026,{}
evt_63e50529,quote_9581bbc4,REJECTED,rep_26645e7c,SALES_REP,2026-03-05 22:03:05.601026,{}
evt_030563a2,quote_e623d34e,QUOTE_CREATED,rep_f976f2b3,SALES_REP,2026-05-29 15:10:05.601026,{}
evt_dbe6167a,quote_e623d34e,PRODUCT_ADDED,rep_f976f2b3,SALES_REP,2026-05-29 16:05:05.601026,{}
evt_5c05d97c,quote_e623d34e,DISCOUNT_APPLIED,rep_f976f2b3,SALES_REP,2026-05-29 16:32:05.601026,{}
evt_2c670ea9,quote_e623d34e,QUOTE_SENT,rep_f976f2b3,SALES_REP,2026-05-29 19:32:05.601026,{}
evt_05230e1a,quote_e623d34e,CUSTOMER_VIEWED,rep_f976f2b3,SALES_REP,2026-05-31 19:32:05.601026,{}
evt_88509392,quote_e623d34e,COUNTER_OFFER,rep_f976f2b3,SALES_REP,2026-06-01 19:32:05.601026,{}
evt_1139cf99,quote_e623d34e,QUOTE_REVISED,rep_f976f2b3,SALES_REP,2026-06-03 19:32:05.601026,{}
evt_30a6eecd,quote_e623d34e,ORDER_CONFIRMED,rep_f976f2b3,SALES_REP,2026-06-07 19:32:05.601026,{}
evt_66e2e825,quote_e3a90756,QUOTE_CREATED,rep_e08a1589,SALES_REP,2026-02-14 04:10:05.601026,{}
evt_8b49f1b5,quote_e3a90756,PRODUCT_ADDED,rep_e08a1589,SALES_REP,2026-02-14 04:30:05.601026,{}
evt_f2072875,quote_e3a90756,DISCOUNT_APPLIED,rep_e08a1589,SALES_REP,2026-02-14 04:58:05.601026,{}
evt_4847271f,quote_e3a90756,QUOTE_SENT,rep_e08a1589,SALES_REP,2026-02-14 19:58:05.601026,{}
evt_3a9cbe15,quote_e3a90756,CUSTOMER_VIEWED,rep_e08a1589,SALES_REP,2026-02-17 19:58:05.601026,{}
evt_296f248c,quote_e3a90756,COUNTER_OFFER,rep_e08a1589,SALES_REP,2026-02-19 19:58:05.601026,{}
evt_c344eec9,quote_e3a90756,QUOTE_REVISED,rep_e08a1589,SALES_REP,2026-02-20 19:58:05.601026,{}
evt_9b7ddf29,quote_e3a90756,REJECTED,rep_e08a1589,SALES_REP,2026-02-21 19:58:05.601026,{}
evt_06cd056b,quote_583cbb56,QUOTE_CREATED,rep_f976f2b3,SALES_REP,2025-12-17 08:10:05.601026,{}
evt_f85e55d8,quote_583cbb56,PRODUCT_ADDED,rep_f976f2b3,SALES_REP,2025-12-17 08:27:05.601026,{}
evt_860c2702,quote_583cbb56,DISCOUNT_APPLIED,rep_f976f2b3,SALES_REP,2025-12-17 08:53:05.601026,{}
evt_83eba830,quote_583cbb56,QUOTE_SENT,rep_f976f2b3,SALES_REP,2025-12-18 00:53:05.601026,{}
evt_04fc841a,quote_583cbb56,CUSTOMER_VIEWED,rep_f976f2b3,SALES_REP,2025-12-23 00:53:05.601026,{}
evt_b3186d3f,quote_583cbb56,REJECTED,rep_f976f2b3,SALES_REP,2025-12-26 00:53:05.601026,{}
evt_ace999ec,quote_dd77d6bf,QUOTE_CREATED,rep_221b7f39,SALES_REP,2026-05-28 03:10:05.601026,{}
evt_e0640d34,quote_dd77d6bf,PRODUCT_ADDED,rep_221b7f39,SALES_REP,2026-05-28 03:39:05.601026,{}
evt_505e53da,quote_dd77d6bf,DISCOUNT_APPLIED,rep_221b7f39,SALES_REP,2026-05-28 04:29:05.601026,{}
evt_4cbc4194,quote_dd77d6bf,QUOTE_SENT,rep_221b7f39,SALES_REP,2026-05-28 21:29:05.601026,{}
evt_ddd4a391,quote_dd77d6bf,CUSTOMER_VIEWED,rep_221b7f39,SALES_REP,2026-05-29 21:29:05.601026,{}
evt_0c42283d,quote_dd77d6bf,COUNTER_OFFER,rep_221b7f39,SALES_REP,2026-05-30 21:29:05.601026,{}
evt_7d649065,quote_dd77d6bf,QUOTE_REVISED,rep_221b7f39,SALES_REP,2026-05-31 21:29:05.601026,{}
evt_e2b8bbcf,quote_1cb3a643,QUOTE_CREATED,rep_f976f2b3,SALES_REP,2025-10-27 22:10:05.601026,{}
evt_95c16cf8,quote_1cb3a643,PRODUCT_ADDED,rep_f976f2b3,SALES_REP,2025-10-27 23:04:05.601026,{}
evt_0159ccab,quote_1cb3a643,DISCOUNT_APPLIED,rep_f976f2b3,SALES_REP,2025-10-27 23:37:05.601026,{}
evt_2c4af0d8,quote_1cb3a643,QUOTE_SENT,rep_f976f2b3,SALES_REP,2025-10-28 21:37:05.601026,{}
evt_2e189eda,quote_1cb3a643,CUSTOMER_VIEWED,rep_f976f2b3,SALES_REP,2025-10-29 21:37:05.601026,{}
evt_e178f7ce,quote_1cb3a643,COUNTER_OFFER,rep_f976f2b3,SALES_REP,2025-10-30 21:37:05.601026,{}
evt_08ccb26c,quote_1cb3a643,QUOTE_REVISED,rep_f976f2b3,SALES_REP,2025-11-01 21:37:05.601026,{}
evt_353ead79,quote_1cb3a643,ORDER_CONFIRMED,rep_f976f2b3,SALES_REP,2025-11-02 21:37:05.601026,{}
evt_d3df2212,quote_52c05984,QUOTE_CREATED,rep_b548fdfc,SALES_REP,2026-06-13 16:10:05.601026,{}
evt_943f1b05,quote_52c05984,PRODUCT_ADDED,rep_b548fdfc,SALES_REP,2026-06-13 16:30:05.601026,{}
evt_effb0d90,quote_52c05984,DISCOUNT_APPLIED,rep_b548fdfc,SALES_REP,2026-06-13 16:45:05.601026,{}
evt_973b8940,quote_52c05984,QUOTE_SENT,rep_b548fdfc,SALES_REP,2026-06-13 19:45:05.601026,{}
evt_de15a609,quote_52c05984,CUSTOMER_VIEWED,rep_b548fdfc,SALES_REP,2026-06-16 19:45:05.601026,{}
evt_4c985ffe,quote_52c05984,ORDER_CONFIRMED,rep_b548fdfc,SALES_REP,2026-06-19 19:45:05.601026,{}
evt_b43ad372,quote_e6e3b98d,QUOTE_CREATED,rep_03d99ec4,SALES_REP,2025-10-02 08:10:05.601026,{}
evt_0e66d541,quote_e6e3b98d,PRODUCT_ADDED,rep_03d99ec4,SALES_REP,2025-10-02 08:52:05.601026,{}
evt_5cf73753,quote_e6e3b98d,DISCOUNT_APPLIED,rep_03d99ec4,SALES_REP,2025-10-02 09:37:05.601026,{}
evt_fcb1ecb5,quote_e6e3b98d,QUOTE_SENT,rep_03d99ec4,SALES_REP,2025-10-03 08:37:05.601026,{}
evt_48a5b73e,quote_e6e3b98d,CUSTOMER_VIEWED,rep_03d99ec4,SALES_REP,2025-10-07 08:37:05.601026,{}
evt_a89d979b,quote_e6e3b98d,ORDER_CONFIRMED,rep_03d99ec4,SALES_REP,2025-10-10 08:37:05.601026,{}
evt_0e262b67,quote_e2578714,QUOTE_CREATED,rep_71ed5975,SALES_REP,2026-06-22 10:10:05.601026,{}
evt_7da3a990,quote_e2578714,PRODUCT_ADDED,rep_71ed5975,SALES_REP,2026-06-22 10:44:05.601026,{}
evt_c85a1441,quote_e2578714,DISCOUNT_APPLIED,rep_71ed5975,SALES_REP,2026-06-22 11:08:05.601026,{}
evt_96d5640e,quote_e2578714,QUOTE_SENT,rep_71ed5975,SALES_REP,2026-06-23 09:08:05.601026,{}
evt_84fe7d6c,quote_e2578714,CUSTOMER_VIEWED,rep_71ed5975,SALES_REP,2026-06-27 09:08:05.601026,{}
evt_80f17fda,quote_e2578714,REJECTED,rep_71ed5975,SALES_REP,2026-06-29 09:08:05.601026,{}
evt_f4278b8d,quote_bfcb422a,QUOTE_CREATED,rep_d5902688,SALES_REP,2026-01-15 17:10:05.601026,{}
evt_cff1c92c,quote_bfcb422a,PRODUCT_ADDED,rep_d5902688,SALES_REP,2026-01-15 18:10:05.601026,{}
evt_700f55cd,quote_bfcb422a,DISCOUNT_APPLIED,rep_d5902688,SALES_REP,2026-01-15 18:35:05.601026,{}
evt_fd3f8937,quote_bfcb422a,QUOTE_SENT,rep_d5902688,SALES_REP,2026-01-16 09:35:05.601026,{}
evt_88d21a79,quote_bfcb422a,CUSTOMER_VIEWED,rep_d5902688,SALES_REP,2026-01-20 09:35:05.601026,{}
evt_466459e9,quote_bfcb422a,COUNTER_OFFER,rep_d5902688,SALES_REP,2026-01-22 09:35:05.601026,{}
evt_63e25e1d,quote_bfcb422a,QUOTE_REVISED,rep_d5902688,SALES_REP,2026-01-23 09:35:05.601026,{}
evt_8870ae14,quote_4e616e4c,QUOTE_CREATED,rep_71ed5975,SALES_REP,2025-12-01 15:10:05.601026,{}
evt_1ec1edd3,quote_4e616e4c,PRODUCT_ADDED,rep_71ed5975,SALES_REP,2025-12-01 15:47:05.601026,{}
evt_9291f0f3,quote_4e616e4c,DISCOUNT_APPLIED,rep_71ed5975,SALES_REP,2025-12-01 15:58:05.601026,{}
evt_161ddc7b,quote_4e616e4c,QUOTE_SENT,rep_71ed5975,SALES_REP,2025-12-02 04:58:05.601026,{}
evt_4d4ed588,quote_4e616e4c,CUSTOMER_VIEWED,rep_71ed5975,SALES_REP,2025-12-03 04:58:05.601026,{}
evt_196ca726,quote_4e616e4c,REJECTED,rep_71ed5975,SALES_REP,2025-12-09 04:58:05.601026,{}
evt_9be53582,quote_e0ec5644,QUOTE_CREATED,rep_e08a1589,SALES_REP,2026-06-04 20:10:05.601026,{}
evt_f1f2f85c,quote_e0ec5644,PRODUCT_ADDED,rep_e08a1589,SALES_REP,2026-06-04 20:30:05.601026,{}
evt_f575e2e2,quote_e0ec5644,DISCOUNT_APPLIED,rep_e08a1589,SALES_REP,2026-06-04 21:10:05.601026,{}
evt_db8d6c65,quote_e0ec5644,QUOTE_SENT,rep_e08a1589,SALES_REP,2026-06-05 03:10:05.601026,{}
evt_055fbaf1,quote_e0ec5644,CUSTOMER_VIEWED,rep_e08a1589,SALES_REP,2026-06-09 03:10:05.601026,{}
evt_30ed7bb0,quote_e0ec5644,ORDER_CONFIRMED,rep_e08a1589,SALES_REP,2026-06-12 03:10:05.601026,{}
evt_d9bc4a54,quote_561e2c23,QUOTE_CREATED,rep_26645e7c,SALES_REP,2025-12-03 03:10:05.601026,{}
evt_692b3e92,quote_561e2c23,PRODUCT_ADDED,rep_26645e7c,SALES_REP,2025-12-03 04:07:05.601026,{}
evt_ac2e51fc,quote_561e2c23,DISCOUNT_APPLIED,rep_26645e7c,SALES_REP,2025-12-03 04:40:05.601026,{}
evt_27e194a0,quote_561e2c23,QUOTE_SENT,rep_26645e7c,SALES_REP,2025-12-03 10:40:05.601026,{}
evt_bb1e2e6d,quote_561e2c23,CUSTOMER_VIEWED,rep_26645e7c,SALES_REP,2025-12-06 10:40:05.601026,{}
evt_7622bdc5,quote_7d0410cf,QUOTE_CREATED,rep_221b7f39,SALES_REP,2026-08-22 01:10:05.601026,{}
evt_b228f1fe,quote_7d0410cf,PRODUCT_ADDED,rep_221b7f39,SALES_REP,2026-08-22 02:03:05.601026,{}
evt_78a6de6b,quote_7d0410cf,DISCOUNT_APPLIED,rep_221b7f39,SALES_REP,2026-08-22 02:48:05.601026,{}
evt_e849437d,quote_7d0410cf,QUOTE_SENT,rep_221b7f39,SALES_REP,2026-08-22 03:48:05.601026,{}
evt_55bcfc8d,quote_7d0410cf,CUSTOMER_VIEWED,rep_221b7f39,SALES_REP,2026-08-24 03:48:05.601026,{}
evt_86dec607,quote_7d0410cf,ORDER_CONFIRMED,rep_221b7f39,SALES_REP,2026-08-28 03:48:05.601026,{}
evt_1e90f7ea,quote_40b70b2a,QUOTE_CREATED,rep_b548fdfc,SALES_REP,2026-02-06 00:10:05.601026,{}
evt_727ed2da,quote_40b70b2a,PRODUCT_ADDED,rep_b548fdfc,SALES_REP,2026-02-06 00:37:05.601026,{}
evt_ed58903c,quote_40b70b2a,DISCOUNT_APPLIED,rep_b548fdfc,SALES_REP,2026-02-06 00:47:05.601026,{}
evt_950377b1,quote_40b70b2a,QUOTE_SENT,rep_b548fdfc,SALES_REP,2026-02-06 19:47:05.601026,{}
evt_c73cf57a,quote_40b70b2a,CUSTOMER_VIEWED,rep_b548fdfc,SALES_REP,2026-02-07 19:47:05.601026,{}
evt_f103aca0,quote_40b70b2a,ORDER_CONFIRMED,rep_b548fdfc,SALES_REP,2026-02-12 19:47:05.601026,{}
evt_f9a571e1,quote_90cac2bd,QUOTE_CREATED,rep_f976f2b3,SALES_REP,2025-09-06 04:10:05.601026,{}
evt_f41878da,quote_90cac2bd,PRODUCT_ADDED,rep_f976f2b3,SALES_REP,2025-09-06 04:33:05.601026,{}
evt_b096266a,quote_90cac2bd,DISCOUNT_APPLIED,rep_f976f2b3,SALES_REP,2025-09-06 05:33:05.601026,{}
evt_2e256bcf,quote_90cac2bd,QUOTE_SENT,rep_f976f2b3,SALES_REP,2025-09-06 06:33:05.601026,{}
evt_8ea301c2,quote_90cac2bd,CUSTOMER_VIEWED,rep_f976f2b3,SALES_REP,2025-09-08 06:33:05.601026,{}
evt_5a3c3988,quote_90cac2bd,REJECTED,rep_f976f2b3,SALES_REP,2025-09-13 06:33:05.601026,{}
evt_fd796e83,quote_ba70dddc,QUOTE_CREATED,rep_b548fdfc,SALES_REP,2026-03-19 18:10:05.601026,{}
evt_8f24a765,quote_ba70dddc,PRODUCT_ADDED,rep_b548fdfc,SALES_REP,2026-03-19 18:26:05.601026,{}
evt_3c0a4b24,quote_ba70dddc,DISCOUNT_APPLIED,rep_b548fdfc,SALES_REP,2026-03-19 19:01:05.601026,{}
evt_4a39a4c7,quote_ba70dddc,QUOTE_SENT,rep_b548fdfc,SALES_REP,2026-03-20 00:01:05.601026,{}
evt_e7c551b3,quote_ba70dddc,CUSTOMER_VIEWED,rep_b548fdfc,SALES_REP,2026-03-22 00:01:05.601026,{}
evt_4b9f5a79,quote_72b3b49d,QUOTE_CREATED,rep_03d99ec4,SALES_REP,2025-11-22 15:10:05.601026,{}
evt_e8ab5053,quote_72b3b49d,PRODUCT_ADDED,rep_03d99ec4,SALES_REP,2025-11-22 15:15:05.601026,{}
evt_2722a8ee,quote_72b3b49d,DISCOUNT_APPLIED,rep_03d99ec4,SALES_REP,2025-11-22 15:24:05.601026,{}
evt_78cf1b74,quote_72b3b49d,QUOTE_SENT,rep_03d99ec4,SALES_REP,2025-11-23 12:24:05.601026,{}
evt_3e20aa74,quote_72b3b49d,CUSTOMER_VIEWED,rep_03d99ec4,SALES_REP,2025-11-24 12:24:05.601026,{}
evt_f11d92af,quote_72b3b49d,COUNTER_OFFER,rep_03d99ec4,SALES_REP,2025-11-26 12:24:05.601026,{}
evt_3050b0cc,quote_72b3b49d,QUOTE_REVISED,rep_03d99ec4,SALES_REP,2025-11-28 12:24:05.601026,{}
evt_52fd0397,quote_fbf60806,QUOTE_CREATED,rep_4fd63151,SALES_REP,2026-07-30 19:10:05.601026,{}
evt_a05b6593,quote_fbf60806,PRODUCT_ADDED,rep_4fd63151,SALES_REP,2026-07-30 19:42:05.601026,{}
evt_70d46748,quote_fbf60806,DISCOUNT_APPLIED,rep_4fd63151,SALES_REP,2026-07-30 20:26:05.601026,{}
evt_e64fde5c,quote_fbf60806,QUOTE_SENT,rep_4fd63151,SALES_REP,2026-07-31 02:26:05.601026,{}
evt_79019767,quote_fbf60806,CUSTOMER_VIEWED,rep_4fd63151,SALES_REP,2026-08-04 02:26:05.601026,{}
evt_da033472,quote_0ebaf486,QUOTE_CREATED,rep_03d99ec4,SALES_REP,2026-03-05 13:10:05.601026,{}
evt_69356874,quote_0ebaf486,PRODUCT_ADDED,rep_03d99ec4,SALES_REP,2026-03-05 13:46:05.601026,{}
evt_7fa06cd9,quote_0ebaf486,DISCOUNT_APPLIED,rep_03d99ec4,SALES_REP,2026-03-05 14:45:05.601026,{}
evt_710934f8,quote_0ebaf486,QUOTE_SENT,rep_03d99ec4,SALES_REP,2026-03-06 14:45:05.601026,{}
evt_6767305b,quote_0ebaf486,CUSTOMER_VIEWED,rep_03d99ec4,SALES_REP,2026-03-08 14:45:05.601026,{}
evt_5653633b,quote_0ebaf486,ORDER_CONFIRMED,rep_03d99ec4,SALES_REP,2026-03-11 14:45:05.601026,{}
evt_86de7b14,quote_6f45df54,QUOTE_CREATED,rep_71ed5975,SALES_REP,2026-03-12 09:10:05.601026,{}
evt_508275a8,quote_6f45df54,PRODUCT_ADDED,rep_71ed5975,SALES_REP,2026-03-12 10:01:05.601026,{}
evt_024d22cd,quote_6f45df54,DISCOUNT_APPLIED,rep_71ed5975,SALES_REP,2026-03-12 10:52:05.601026,{}
evt_62ee4b28,quote_6f45df54,QUOTE_SENT,rep_71ed5975,SALES_REP,2026-03-13 03:52:05.601026,{}
evt_e6eb942a,quote_6f45df54,CUSTOMER_VIEWED,rep_71ed5975,SALES_REP,2026-03-16 03:52:05.601026,{}
evt_66fdda3c,quote_6f45df54,ORDER_CONFIRMED,rep_71ed5975,SALES_REP,2026-03-17 03:52:05.601026,{}
evt_00d47f72,quote_8eb21c01,QUOTE_CREATED,rep_76071164,SALES_REP,2026-06-28 15:10:05.601026,{}
evt_cbd56e50,quote_8eb21c01,PRODUCT_ADDED,rep_76071164,SALES_REP,2026-06-28 15:15:05.601026,{}
evt_659d0804,quote_8eb21c01,DISCOUNT_APPLIED,rep_76071164,SALES_REP,2026-06-28 15:50:05.601026,{}
evt_1933cf02,quote_8eb21c01,QUOTE_SENT,rep_76071164,SALES_REP,2026-06-29 06:50:05.601026,{}
evt_bfe88940,quote_8eb21c01,CUSTOMER_VIEWED,rep_76071164,SALES_REP,2026-07-04 06:50:05.601026,{}
evt_65fcb0eb,quote_8eb21c01,ORDER_CONFIRMED,rep_76071164,SALES_REP,2026-07-09 06:50:05.601026,{}
evt_0f08874a,quote_e5b4bc0a,QUOTE_CREATED,rep_f976f2b3,SALES_REP,2026-07-08 05:10:05.601026,{}
evt_4fbd0aa1,quote_e5b4bc0a,PRODUCT_ADDED,rep_f976f2b3,SALES_REP,2026-07-08 05:55:05.601026,{}
evt_61397e61,quote_e5b4bc0a,DISCOUNT_APPLIED,rep_f976f2b3,SALES_REP,2026-07-08 06:30:05.601026,{}
evt_f4a3e63c,quote_e5b4bc0a,QUOTE_SENT,rep_f976f2b3,SALES_REP,2026-07-09 01:30:05.601026,{}
evt_5308d0dd,quote_e5b4bc0a,CUSTOMER_VIEWED,rep_f976f2b3,SALES_REP,2026-07-11 01:30:05.601026,{}
evt_62a7c770,quote_e5b4bc0a,REJECTED,rep_f976f2b3,SALES_REP,2026-07-17 01:30:05.601026,{}
evt_3f465c39,quote_ce18517b,QUOTE_CREATED,rep_d5902688,SALES_REP,2025-09-18 15:10:05.601026,{}
evt_d726e9fc,quote_ce18517b,PRODUCT_ADDED,rep_d5902688,SALES_REP,2025-09-18 16:09:05.601026,{}
evt_e60a2cf6,quote_ce18517b,DISCOUNT_APPLIED,rep_d5902688,SALES_REP,2025-09-18 17:04:05.601026,{}
evt_52a4e2ca,quote_ce18517b,QUOTE_SENT,rep_d5902688,SALES_REP,2025-09-19 02:04:05.601026,{}
evt_40001d4e,quote_ce18517b,CUSTOMER_VIEWED,rep_d5902688,SALES_REP,2025-09-22 02:04:05.601026,{}
evt_639974d5,quote_ce18517b,COUNTER_OFFER,rep_d5902688,SALES_REP,2025-09-24 02:04:05.601026,{}
evt_2b1de1cd,quote_ce18517b,QUOTE_REVISED,rep_d5902688,SALES_REP,2025-09-26 02:04:05.601026,{}
evt_f9f264d0,quote_ce18517b,ORDER_CONFIRMED,rep_d5902688,SALES_REP,2025-10-03 02:04:05.601026,{}
evt_fb1195aa,quote_3fdf7623,QUOTE_CREATED,rep_4fd63151,SALES_REP,2026-08-08 20:10:05.601026,{}
evt_47b54fa5,quote_3fdf7623,PRODUCT_ADDED,rep_4fd63151,SALES_REP,2026-08-08 20:59:05.601026,{}
evt_234568ca,quote_3fdf7623,DISCOUNT_APPLIED,rep_4fd63151,SALES_REP,2026-08-08 21:19:05.601026,{}
evt_934bdbea,quote_3fdf7623,QUOTE_SENT,rep_4fd63151,SALES_REP,2026-08-09 13:19:05.601026,{}
evt_d319d5ac,quote_3fdf7623,CUSTOMER_VIEWED,rep_4fd63151,SALES_REP,2026-08-11 13:19:05.601026,{}
evt_d4d52cad,quote_3fdf7623,REJECTED,rep_4fd63151,SALES_REP,2026-08-18 13:19:05.601026,{}
evt_01659ab5,quote_921f038a,QUOTE_CREATED,rep_b548fdfc,SALES_REP,2025-10-18 10:10:05.601026,{}
evt_369d04d8,quote_921f038a,PRODUCT_ADDED,rep_b548fdfc,SALES_REP,2025-10-18 10:55:05.601026,{}
evt_fceb7c95,quote_921f038a,DISCOUNT_APPLIED,rep_b548fdfc,SALES_REP,2025-10-18 11:10:05.601026,{}
evt_99d7d2e0,quote_921f038a,QUOTE_SENT,rep_b548fdfc,SALES_REP,2025-10-18 18:10:05.601026,{}
evt_12bd58c5,quote_921f038a,CUSTOMER_VIEWED,rep_b548fdfc,SALES_REP,2025-10-23 18:10:05.601026,{}
evt_41934897,quote_af2be882,QUOTE_CREATED,rep_e08a1589,SALES_REP,2025-11-03 07:10:05.601026,{}
evt_4279f35b,quote_af2be882,PRODUCT_ADDED,rep_e08a1589,SALES_REP,2025-11-03 07:48:05.601026,{}
evt_28223b6b,quote_af2be882,DISCOUNT_APPLIED,rep_e08a1589,SALES_REP,2025-11-03 08:48:05.601026,{}
evt_5c66f6dd,quote_af2be882,QUOTE_SENT,rep_e08a1589,SALES_REP,2025-11-03 22:48:05.601026,{}
evt_51309d43,quote_af2be882,CUSTOMER_VIEWED,rep_e08a1589,SALES_REP,2025-11-04 22:48:05.601026,{}
evt_1172d8a7,quote_af2be882,COUNTER_OFFER,rep_e08a1589,SALES_REP,2025-11-06 22:48:05.601026,{}
evt_6c3c719a,quote_af2be882,QUOTE_REVISED,rep_e08a1589,SALES_REP,2025-11-08 22:48:05.601026,{}
evt_33ac05cf,quote_0d9a2258,QUOTE_CREATED,rep_76071164,SALES_REP,2026-08-20 07:10:05.601026,{}
evt_d99ce88b,quote_0d9a2258,PRODUCT_ADDED,rep_76071164,SALES_REP,2026-08-20 07:42:05.601026,{}
evt_bad335a4,quote_0d9a2258,DISCOUNT_APPLIED,rep_76071164,SALES_REP,2026-08-20 08:26:05.601026,{}
evt_c1d07730,quote_0d9a2258,QUOTE_SENT,rep_76071164,SALES_REP,2026-08-21 05:26:05.601026,{}
evt_758b1edc,quote_0d9a2258,CUSTOMER_VIEWED,rep_76071164,SALES_REP,2026-08-24 05:26:05.601026,{}
evt_e2497028,quote_33e3c770,QUOTE_CREATED,rep_e08a1589,SALES_REP,2026-08-07 00:10:05.601026,{}
evt_74bb0792,quote_33e3c770,PRODUCT_ADDED,rep_e08a1589,SALES_REP,2026-08-07 00:58:05.601026,{}
evt_47c90a1e,quote_33e3c770,DISCOUNT_APPLIED,rep_e08a1589,SALES_REP,2026-08-07 01:40:05.601026,{}
evt_15cc2dc5,quote_33e3c770,QUOTE_SENT,rep_e08a1589,SALES_REP,2026-08-07 08:40:05.601026,{}
evt_3125f98c,quote_33e3c770,CUSTOMER_VIEWED,rep_e08a1589,SALES_REP,2026-08-12 08:40:05.601026,{}
evt_7bc8cf33,quote_33e3c770,ORDER_CONFIRMED,rep_e08a1589,SALES_REP,2026-08-18 08:40:05.601026,{}
evt_e86164c3,quote_c1203253,QUOTE_CREATED,rep_f976f2b3,SALES_REP,2026-04-03 09:10:05.601026,{}
evt_16e432dd,quote_c1203253,PRODUCT_ADDED,rep_f976f2b3,SALES_REP,2026-04-03 09:53:05.601026,{}
evt_2033e4fe,quote_c1203253,DISCOUNT_APPLIED,rep_f976f2b3,SALES_REP,2026-04-03 10:40:05.601026,{}
evt_322bb9c7,quote_c1203253,QUOTE_SENT,rep_f976f2b3,SALES_REP,2026-04-03 17:40:05.601026,{}
evt_14438483,quote_c1203253,CUSTOMER_VIEWED,rep_f976f2b3,SALES_REP,2026-04-08 17:40:05.601026,{}
evt_657d32cb,quote_400f6b0a,QUOTE_CREATED,rep_221b7f39,SALES_REP,2026-07-11 10:10:05.601026,{}
evt_90308fcd,quote_400f6b0a,PRODUCT_ADDED,rep_221b7f39,SALES_REP,2026-07-11 10:26:05.601026,{}
evt_a882d46f,quote_400f6b0a,DISCOUNT_APPLIED,rep_221b7f39,SALES_REP,2026-07-11 10:38:05.601026,{}
evt_cbe1d6f3,quote_400f6b0a,QUOTE_SENT,rep_221b7f39,SALES_REP,2026-07-12 09:38:05.601026,{}
evt_804de17b,quote_400f6b0a,CUSTOMER_VIEWED,rep_221b7f39,SALES_REP,2026-07-14 09:38:05.601026,{}
evt_b88005ef,quote_400f6b0a,COUNTER_OFFER,rep_221b7f39,SALES_REP,2026-07-16 09:38:05.601026,{}
evt_c97c35a2,quote_400f6b0a,QUOTE_REVISED,rep_221b7f39,SALES_REP,2026-07-17 09:38:05.601026,{}
evt_5eeccb09,quote_400f6b0a,REJECTED,rep_221b7f39,SALES_REP,2026-07-23 09:38:05.601026,{}
evt_7703c466,quote_a0a756b5,QUOTE_CREATED,rep_e08a1589,SALES_REP,2026-04-12 04:10:05.601026,{}
evt_cd010aeb,quote_a0a756b5,PRODUCT_ADDED,rep_e08a1589,SALES_REP,2026-04-12 04:25:05.601026,{}
evt_b4fc3a7d,quote_a0a756b5,DISCOUNT_APPLIED,rep_e08a1589,SALES_REP,2026-04-12 05:19:05.601026,{}
evt_b39b3db6,quote_a0a756b5,QUOTE_SENT,rep_e08a1589,SALES_REP,2026-04-12 08:19:05.601026,{}
evt_53ce9e74,quote_a0a756b5,CUSTOMER_VIEWED,rep_e08a1589,SALES_REP,2026-04-15 08:19:05.601026,{}
evt_b0024217,quote_a0a756b5,ORDER_CONFIRMED,rep_e08a1589,SALES_REP,2026-04-19 08:19:05.601026,{}
evt_067132c8,quote_9a4d7152,QUOTE_CREATED,rep_71ed5975,SALES_REP,2025-10-10 21:10:05.601026,{}
evt_30e2b5ec,quote_9a4d7152,PRODUCT_ADDED,rep_71ed5975,SALES_REP,2025-10-10 21:26:05.601026,{}
evt_1a1d48b9,quote_9a4d7152,DISCOUNT_APPLIED,rep_71ed5975,SALES_REP,2025-10-10 22:12:05.601026,{}
evt_900e82cc,quote_9a4d7152,QUOTE_SENT,rep_71ed5975,SALES_REP,2025-10-11 14:12:05.601026,{}
evt_e05d0870,quote_9a4d7152,CUSTOMER_VIEWED,rep_71ed5975,SALES_REP,2025-10-12 14:12:05.601026,{}
evt_81dde7d3,quote_9a4d7152,COUNTER_OFFER,rep_71ed5975,SALES_REP,2025-10-14 14:12:05.601026,{}
evt_2dd9cc4b,quote_9a4d7152,QUOTE_REVISED,rep_71ed5975,SALES_REP,2025-10-15 14:12:05.601026,{}
evt_10dfc063,quote_9a4d7152,ORDER_CONFIRMED,rep_71ed5975,SALES_REP,2025-10-20 14:12:05.601026,{}
evt_6ab9d42a,quote_44cdd529,QUOTE_CREATED,rep_221b7f39,SALES_REP,2026-06-25 05:10:05.601026,{}
evt_5b8b891e,quote_44cdd529,PRODUCT_ADDED,rep_221b7f39,SALES_REP,2026-06-25 05:39:05.601026,{}
evt_a96480f4,quote_44cdd529,DISCOUNT_APPLIED,rep_221b7f39,SALES_REP,2026-06-25 06:01:05.601026,{}
evt_d328741a,quote_44cdd529,QUOTE_SENT,rep_221b7f39,SALES_REP,2026-06-25 11:01:05.601026,{}
evt_ee6d2b4f,quote_44cdd529,CUSTOMER_VIEWED,rep_221b7f39,SALES_REP,2026-06-28 11:01:05.601026,{}
evt_9969b7b9,quote_44cdd529,ORDER_CONFIRMED,rep_221b7f39,SALES_REP,2026-07-03 11:01:05.601026,{}
evt_952c05a5,quote_30e7d30b,QUOTE_CREATED,rep_03d99ec4,SALES_REP,2025-10-10 23:10:05.601026,{}
evt_da1ee65d,quote_30e7d30b,PRODUCT_ADDED,rep_03d99ec4,SALES_REP,2025-10-10 23:56:05.601026,{}
evt_f4f0d7b1,quote_30e7d30b,DISCOUNT_APPLIED,rep_03d99ec4,SALES_REP,2025-10-11 00:06:05.601026,{}
evt_83b262ba,quote_30e7d30b,QUOTE_SENT,rep_03d99ec4,SALES_REP,2025-10-11 12:06:05.601026,{}
evt_328a7bf1,quote_30e7d30b,CUSTOMER_VIEWED,rep_03d99ec4,SALES_REP,2025-10-16 12:06:05.601026,{}
evt_f2c10517,quote_30e7d30b,REJECTED,rep_03d99ec4,SALES_REP,2025-10-19 12:06:05.601026,{}
evt_377b349e,quote_73bb6921,QUOTE_CREATED,rep_71ed5975,SALES_REP,2026-02-01 02:10:05.601026,{}
evt_bd55f9ed,quote_73bb6921,PRODUCT_ADDED,rep_71ed5975,SALES_REP,2026-02-01 02:57:05.601026,{}
evt_f6a58406,quote_73bb6921,DISCOUNT_APPLIED,rep_71ed5975,SALES_REP,2026-02-01 03:14:05.601026,{}
evt_95b50d45,quote_73bb6921,QUOTE_SENT,rep_71ed5975,SALES_REP,2026-02-01 13:14:05.601026,{}
evt_1928d7c0,quote_73bb6921,CUSTOMER_VIEWED,rep_71ed5975,SALES_REP,2026-02-05 13:14:05.601026,{}
evt_c71d85f3,quote_d8694d10,QUOTE_CREATED,rep_b548fdfc,SALES_REP,2026-05-12 08:10:05.601026,{}
evt_16bc7a77,quote_d8694d10,PRODUCT_ADDED,rep_b548fdfc,SALES_REP,2026-05-12 08:39:05.601026,{}
evt_1fb4c497,quote_d8694d10,DISCOUNT_APPLIED,rep_b548fdfc,SALES_REP,2026-05-12 08:48:05.601026,{}
evt_616f69ba,quote_d8694d10,QUOTE_SENT,rep_b548fdfc,SALES_REP,2026-05-13 02:48:05.601026,{}
evt_6029186a,quote_d8694d10,CUSTOMER_VIEWED,rep_b548fdfc,SALES_REP,2026-05-16 02:48:05.601026,{}
evt_ddc42e7c,quote_d8694d10,ORDER_CONFIRMED,rep_b548fdfc,SALES_REP,2026-05-23 02:48:05.601026,{}
evt_861ef414,quote_528a9925,QUOTE_CREATED,rep_f976f2b3,SALES_REP,2026-03-31 09:10:05.601026,{}
evt_8da983e9,quote_528a9925,PRODUCT_ADDED,rep_f976f2b3,SALES_REP,2026-03-31 09:58:05.601026,{}
evt_8848ac30,quote_528a9925,DISCOUNT_APPLIED,rep_f976f2b3,SALES_REP,2026-03-31 10:58:05.601026,{}
evt_d03d2392,quote_528a9925,QUOTE_SENT,rep_f976f2b3,SALES_REP,2026-04-01 04:58:05.601026,{}
evt_500826a1,quote_528a9925,CUSTOMER_VIEWED,rep_f976f2b3,SALES_REP,2026-04-03 04:58:05.601026,{}
evt_75ed2fba,quote_526a379b,QUOTE_CREATED,rep_f976f2b3,SALES_REP,2025-11-16 21:10:05.601026,{}
evt_0afcdad8,quote_526a379b,PRODUCT_ADDED,rep_f976f2b3,SALES_REP,2025-11-16 21:30:05.601026,{}
evt_456bf934,quote_526a379b,DISCOUNT_APPLIED,rep_f976f2b3,SALES_REP,2025-11-16 22:19:05.601026,{}
evt_9adeea01,quote_526a379b,QUOTE_SENT,rep_f976f2b3,SALES_REP,2025-11-17 19:19:05.601026,{}
evt_8c20915d,quote_526a379b,CUSTOMER_VIEWED,rep_f976f2b3,SALES_REP,2025-11-19 19:19:05.601026,{}
evt_cf333cc7,quote_526a379b,COUNTER_OFFER,rep_f976f2b3,SALES_REP,2025-11-22 19:19:05.601026,{}
evt_4def720a,quote_526a379b,QUOTE_REVISED,rep_f976f2b3,SALES_REP,2025-11-23 19:19:05.601026,{}
evt_a0eca313,quote_526a379b,ORDER_CONFIRMED,rep_f976f2b3,SALES_REP,2025-11-26 19:19:05.601026,{}
evt_3de1b2e4,quote_bf582f3b,QUOTE_CREATED,rep_221b7f39,SALES_REP,2026-05-18 01:10:05.601026,{}
evt_d108a74f,quote_bf582f3b,PRODUCT_ADDED,rep_221b7f39,SALES_REP,2026-05-18 01:27:05.601026,{}
evt_1c596e3a,quote_bf582f3b,DISCOUNT_APPLIED,rep_221b7f39,SALES_REP,2026-05-18 01:59:05.601026,{}
evt_8e3ebdb2,quote_bf582f3b,QUOTE_SENT,rep_221b7f39,SALES_REP,2026-05-18 12:59:05.601026,{}
evt_059dce27,quote_bf582f3b,CUSTOMER_VIEWED,rep_221b7f39,SALES_REP,2026-05-22 12:59:05.601026,{}
evt_83afb6bc,quote_bf582f3b,ORDER_CONFIRMED,rep_221b7f39,SALES_REP,2026-05-28 12:59:05.601026,{}
evt_5b1f26ef,quote_68e84215,QUOTE_CREATED,rep_4fd63151,SALES_REP,2026-02-23 08:10:05.601026,{}
evt_ab453e7a,quote_68e84215,PRODUCT_ADDED,rep_4fd63151,SALES_REP,2026-02-23 08:23:05.601026,{}
evt_e7752e40,quote_68e84215,DISCOUNT_APPLIED,rep_4fd63151,SALES_REP,2026-02-23 08:34:05.601026,{}
evt_b6dfd3bd,quote_68e84215,QUOTE_SENT,rep_4fd63151,SALES_REP,2026-02-24 05:34:05.601026,{}
evt_46035b42,quote_68e84215,CUSTOMER_VIEWED,rep_4fd63151,SALES_REP,2026-03-01 05:34:05.601026,{}
evt_8930704a,quote_68e84215,ORDER_CONFIRMED,rep_4fd63151,SALES_REP,2026-03-03 05:34:05.601026,{}
evt_240ec915,quote_52e572be,QUOTE_CREATED,rep_d5902688,SALES_REP,2026-01-28 19:10:05.601026,{}
evt_ebea8f84,quote_52e572be,PRODUCT_ADDED,rep_d5902688,SALES_REP,2026-01-28 19:23:05.601026,{}
evt_62ac26e5,quote_52e572be,DISCOUNT_APPLIED,rep_d5902688,SALES_REP,2026-01-28 19:41:05.601026,{}
evt_38dfba4b,quote_52e572be,QUOTE_SENT,rep_d5902688,SALES_REP,2026-01-29 00:41:05.601026,{}
evt_45177f2b,quote_52e572be,CUSTOMER_VIEWED,rep_d5902688,SALES_REP,2026-02-01 00:41:05.601026,{}
evt_adae12e9,quote_52e572be,ORDER_CONFIRMED,rep_d5902688,SALES_REP,2026-02-05 00:41:05.601026,{}
evt_141d9edb,quote_db0ab351,QUOTE_CREATED,rep_71ed5975,SALES_REP,2026-07-15 08:10:05.601026,{}
evt_92080a7d,quote_db0ab351,PRODUCT_ADDED,rep_71ed5975,SALES_REP,2026-07-15 09:03:05.601026,{}
evt_c5b549f0,quote_db0ab351,DISCOUNT_APPLIED,rep_71ed5975,SALES_REP,2026-07-15 09:42:05.601026,{}
evt_7951065a,quote_db0ab351,QUOTE_SENT,rep_71ed5975,SALES_REP,2026-07-16 02:42:05.601026,{}
evt_3d774c4e,quote_db0ab351,CUSTOMER_VIEWED,rep_71ed5975,SALES_REP,2026-07-18 02:42:05.601026,{}
evt_d5e4acd7,quote_db0ab351,ORDER_CONFIRMED,rep_71ed5975,SALES_REP,2026-07-24 02:42:05.601026,{}
evt_5f3daf25,quote_fe6bf0b5,QUOTE_CREATED,rep_71ed5975,SALES_REP,2026-05-17 11:10:05.601026,{}
evt_aba72b2c,quote_fe6bf0b5,PRODUCT_ADDED,rep_71ed5975,SALES_REP,2026-05-17 12:03:05.601026,{}
evt_072eb9ab,quote_fe6bf0b5,DISCOUNT_APPLIED,rep_71ed5975,SALES_REP,2026-05-17 12:37:05.601026,{}
evt_a606983e,quote_fe6bf0b5,QUOTE_SENT,rep_71ed5975,SALES_REP,2026-05-17 14:37:05.601026,{}
evt_b206449e,quote_fe6bf0b5,CUSTOMER_VIEWED,rep_71ed5975,SALES_REP,2026-05-18 14:37:05.601026,{}
evt_b047ea88,quote_fe6bf0b5,ORDER_CONFIRMED,rep_71ed5975,SALES_REP,2026-05-23 14:37:05.601026,{}
evt_3432b031,quote_20b21eab,QUOTE_CREATED,rep_26645e7c,SALES_REP,2026-04-21 00:10:05.601026,{}
evt_58ea6bca,quote_20b21eab,PRODUCT_ADDED,rep_26645e7c,SALES_REP,2026-04-21 00:58:05.601026,{}
evt_c3edeb9c,quote_20b21eab,DISCOUNT_APPLIED,rep_26645e7c,SALES_REP,2026-04-21 01:23:05.601026,{}
evt_2ce0af53,quote_20b21eab,QUOTE_SENT,rep_26645e7c,SALES_REP,2026-04-21 09:23:05.601026,{}
evt_7b38ff12,quote_20b21eab,CUSTOMER_VIEWED,rep_26645e7c,SALES_REP,2026-04-22 09:23:05.601026,{}
evt_b62becad,quote_20b21eab,APPROVAL_REQUESTED,rep_26645e7c,SALES_REP,2026-04-22 11:23:05.601026,{}
evt_7b700023,quote_20b21eab,APPROVED,rep_26645e7c,SALES_REP,2026-04-22 11:23:05.601026,{}
evt_64c31bb6,quote_20b21eab,ORDER_CONFIRMED,rep_26645e7c,SALES_REP,2026-04-28 11:23:05.601026,{}
evt_ed13dc07,quote_9d6635a1,QUOTE_CREATED,rep_d5902688,SALES_REP,2026-05-11 07:10:05.601026,{}
evt_f035395e,quote_9d6635a1,PRODUCT_ADDED,rep_d5902688,SALES_REP,2026-05-11 07:44:05.601026,{}
evt_149a73be,quote_9d6635a1,DISCOUNT_APPLIED,rep_d5902688,SALES_REP,2026-05-11 08:35:05.601026,{}
evt_754219c3,quote_9d6635a1,QUOTE_SENT,rep_d5902688,SALES_REP,2026-05-11 15:35:05.601026,{}
evt_25bbb960,quote_9d6635a1,CUSTOMER_VIEWED,rep_d5902688,SALES_REP,2026-05-14 15:35:05.601026,{}
evt_5f097d09,quote_9d6635a1,ORDER_CONFIRMED,rep_d5902688,SALES_REP,2026-05-16 15:35:05.601026,{}
evt_d97ec5d8,quote_a1caa373,QUOTE_CREATED,rep_4fd63151,SALES_REP,2025-10-31 20:10:05.601026,{}
evt_769459d4,quote_a1caa373,PRODUCT_ADDED,rep_4fd63151,SALES_REP,2025-10-31 20:33:05.601026,{}
evt_15bb8867,quote_a1caa373,DISCOUNT_APPLIED,rep_4fd63151,SALES_REP,2025-10-31 21:16:05.601026,{}
evt_b6b37877,quote_a1caa373,QUOTE_SENT,rep_4fd63151,SALES_REP,2025-11-01 03:16:05.601026,{}
evt_0b4304e9,quote_a1caa373,CUSTOMER_VIEWED,rep_4fd63151,SALES_REP,2025-11-06 03:16:05.601026,{}
evt_106c6431,quote_a1caa373,ORDER_CONFIRMED,rep_4fd63151,SALES_REP,2025-11-11 03:16:05.601026,{}
evt_29ebbd14,quote_3c219607,QUOTE_CREATED,rep_d5902688,SALES_REP,2026-05-05 20:10:05.601026,{}
evt_bcf1a993,quote_3c219607,PRODUCT_ADDED,rep_d5902688,SALES_REP,2026-05-05 21:10:05.601026,{}
evt_3d2a7e08,quote_3c219607,DISCOUNT_APPLIED,rep_d5902688,SALES_REP,2026-05-05 21:30:05.601026,{}
evt_8d897505,quote_3c219607,QUOTE_SENT,rep_d5902688,SALES_REP,2026-05-06 05:30:05.601026,{}
evt_e2ba177b,quote_3c219607,CUSTOMER_VIEWED,rep_d5902688,SALES_REP,2026-05-09 05:30:05.601026,{}
evt_e0f1d330,quote_4957c99c,QUOTE_CREATED,rep_4fd63151,SALES_REP,2026-06-25 06:10:05.601026,{}
evt_43f9bf79,quote_4957c99c,PRODUCT_ADDED,rep_4fd63151,SALES_REP,2026-06-25 06:48:05.601026,{}
evt_4cf395a6,quote_4957c99c,DISCOUNT_APPLIED,rep_4fd63151,SALES_REP,2026-06-25 07:18:05.601026,{}
evt_b83fefc6,quote_4957c99c,QUOTE_SENT,rep_4fd63151,SALES_REP,2026-06-25 23:18:05.601026,{}
evt_c5fd28e0,quote_4957c99c,CUSTOMER_VIEWED,rep_4fd63151,SALES_REP,2026-06-26 23:18:05.601026,{}
evt_d98436ad,quote_4957c99c,ORDER_CONFIRMED,rep_4fd63151,SALES_REP,2026-06-28 23:18:05.601026,{}
evt_66fe650c,quote_18c20856,QUOTE_CREATED,rep_4fd63151,SALES_REP,2026-03-07 15:10:05.601026,{}
evt_899feb9c,quote_18c20856,PRODUCT_ADDED,rep_4fd63151,SALES_REP,2026-03-07 15:57:05.601026,{}
evt_e08ce42e,quote_18c20856,DISCOUNT_APPLIED,rep_4fd63151,SALES_REP,2026-03-07 16:21:05.601026,{}
evt_410d53b5,quote_18c20856,QUOTE_SENT,rep_4fd63151,SALES_REP,2026-03-07 22:21:05.601026,{}
evt_68e3d7d4,quote_18c20856,CUSTOMER_VIEWED,rep_4fd63151,SALES_REP,2026-03-11 22:21:05.601026,{}
evt_9851dad5,quote_18c20856,ORDER_CONFIRMED,rep_4fd63151,SALES_REP,2026-03-17 22:21:05.601026,{}
evt_4eb9b2da,quote_dc32a2e7,QUOTE_CREATED,rep_b548fdfc,SALES_REP,2026-07-22 20:10:05.601026,{}
evt_2ba99f0d,quote_dc32a2e7,PRODUCT_ADDED,rep_b548fdfc,SALES_REP,2026-07-22 20:59:05.601026,{}
evt_c1bc44dc,quote_dc32a2e7,DISCOUNT_APPLIED,rep_b548fdfc,SALES_REP,2026-07-22 21:25:05.601026,{}
evt_2043f572,quote_dc32a2e7,QUOTE_SENT,rep_b548fdfc,SALES_REP,2026-07-23 14:25:05.601026,{}
evt_79f6d5a5,quote_dc32a2e7,CUSTOMER_VIEWED,rep_b548fdfc,SALES_REP,2026-07-24 14:25:05.601026,{}
evt_0de2fd4b,quote_dc32a2e7,COUNTER_OFFER,rep_b548fdfc,SALES_REP,2026-07-26 14:25:05.601026,{}
evt_1a6a9439,quote_dc32a2e7,QUOTE_REVISED,rep_b548fdfc,SALES_REP,2026-07-27 14:25:05.601026,{}
evt_4b31ebc7,quote_dc32a2e7,ORDER_CONFIRMED,rep_b548fdfc,SALES_REP,2026-08-03 14:25:05.601026,{}
evt_69520a97,quote_2242fb06,QUOTE_CREATED,rep_b548fdfc,SALES_REP,2025-10-01 09:10:05.601026,{}
evt_6b74c285,quote_2242fb06,PRODUCT_ADDED,rep_b548fdfc,SALES_REP,2025-10-01 10:00:05.601026,{}
evt_2fc6ffbf,quote_2242fb06,DISCOUNT_APPLIED,rep_b548fdfc,SALES_REP,2025-10-01 10:54:05.601026,{}
evt_aaf102c7,quote_2242fb06,QUOTE_SENT,rep_b548fdfc,SALES_REP,2025-10-01 17:54:05.601026,{}
evt_b0a339a5,quote_2242fb06,CUSTOMER_VIEWED,rep_b548fdfc,SALES_REP,2025-10-03 17:54:05.601026,{}
evt_c4364b31,quote_2242fb06,ORDER_CONFIRMED,rep_b548fdfc,SALES_REP,2025-10-05 17:54:05.601026,{}
evt_b5983258,quote_3a0859c3,QUOTE_CREATED,rep_26645e7c,SALES_REP,2026-02-16 17:10:05.601026,{}
evt_5366c0e4,quote_3a0859c3,PRODUCT_ADDED,rep_26645e7c,SALES_REP,2026-02-16 17:22:05.601026,{}
evt_fc98a048,quote_3a0859c3,DISCOUNT_APPLIED,rep_26645e7c,SALES_REP,2026-02-16 17:57:05.601026,{}
evt_85ea2e43,quote_3a0859c3,QUOTE_SENT,rep_26645e7c,SALES_REP,2026-02-17 16:57:05.601026,{}
evt_b3829acf,quote_3a0859c3,CUSTOMER_VIEWED,rep_26645e7c,SALES_REP,2026-02-22 16:57:05.601026,{}
evt_86bda087,quote_3a0859c3,ORDER_CONFIRMED,rep_26645e7c,SALES_REP,2026-02-27 16:57:05.601026,{}
evt_195baaab,quote_43755238,QUOTE_CREATED,rep_71ed5975,SALES_REP,2025-10-19 08:10:05.601026,{}
evt_ce5fc74b,quote_43755238,PRODUCT_ADDED,rep_71ed5975,SALES_REP,2025-10-19 08:21:05.601026,{}
evt_fbb65fb7,quote_43755238,DISCOUNT_APPLIED,rep_71ed5975,SALES_REP,2025-10-19 08:36:05.601026,{}
evt_f8ccbfbb,quote_43755238,QUOTE_SENT,rep_71ed5975,SALES_REP,2025-10-19 17:36:05.601026,{}
evt_93b2d7a6,quote_43755238,CUSTOMER_VIEWED,rep_71ed5975,SALES_REP,2025-10-20 17:36:05.601026,{}
evt_86fb37f6,quote_43755238,REJECTED,rep_71ed5975,SALES_REP,2025-10-24 17:36:05.601026,{}
evt_58b23a5b,quote_61d5236d,QUOTE_CREATED,rep_26645e7c,SALES_REP,2026-05-30 02:10:05.601026,{}
evt_9bc639c5,quote_61d5236d,PRODUCT_ADDED,rep_26645e7c,SALES_REP,2026-05-30 02:37:05.601026,{}
evt_d80d8eac,quote_61d5236d,DISCOUNT_APPLIED,rep_26645e7c,SALES_REP,2026-05-30 03:08:05.601026,{}
evt_aad13bd8,quote_61d5236d,QUOTE_SENT,rep_26645e7c,SALES_REP,2026-05-30 18:08:05.601026,{}
evt_2a08d5de,quote_61d5236d,CUSTOMER_VIEWED,rep_26645e7c,SALES_REP,2026-05-31 18:08:05.601026,{}
evt_e91419b7,quote_61d5236d,COUNTER_OFFER,rep_26645e7c,SALES_REP,2026-06-01 18:08:05.601026,{}
evt_1df258a7,quote_61d5236d,QUOTE_REVISED,rep_26645e7c,SALES_REP,2026-06-02 18:08:05.601026,{}
evt_f7cf5583,quote_61d5236d,APPROVAL_REQUESTED,rep_26645e7c,SALES_REP,2026-06-02 22:08:05.601026,{}
evt_82be2e72,quote_61d5236d,REJECTED,rep_26645e7c,SALES_REP,2026-06-07 22:08:05.601026,{}
evt_fb026452,quote_61d5236d,REJECTED,rep_26645e7c,SALES_REP,2026-06-13 22:08:05.601026,{}
evt_16a461e0,quote_2d18eba7,QUOTE_CREATED,rep_03d99ec4,SALES_REP,2026-06-28 16:10:05.601026,{}
evt_4ae05dab,quote_2d18eba7,PRODUCT_ADDED,rep_03d99ec4,SALES_REP,2026-06-28 16:57:05.601026,{}
evt_869f2753,quote_2d18eba7,DISCOUNT_APPLIED,rep_03d99ec4,SALES_REP,2026-06-28 17:46:05.601026,{}
evt_23e17c3f,quote_2d18eba7,QUOTE_SENT,rep_03d99ec4,SALES_REP,2026-06-29 10:46:05.601026,{}
evt_dcb97680,quote_2d18eba7,CUSTOMER_VIEWED,rep_03d99ec4,SALES_REP,2026-07-04 10:46:05.601026,{}
evt_06dfddf3,quote_76b2b41b,QUOTE_CREATED,rep_4fd63151,SALES_REP,2026-02-08 11:10:05.601026,{}
evt_5fc2c849,quote_76b2b41b,PRODUCT_ADDED,rep_4fd63151,SALES_REP,2026-02-08 11:33:05.601026,{}
evt_89d4d12a,quote_76b2b41b,DISCOUNT_APPLIED,rep_4fd63151,SALES_REP,2026-02-08 12:27:05.601026,{}
evt_5fe5a00c,quote_76b2b41b,QUOTE_SENT,rep_4fd63151,SALES_REP,2026-02-08 14:27:05.601026,{}
evt_a9a6226a,quote_76b2b41b,CUSTOMER_VIEWED,rep_4fd63151,SALES_REP,2026-02-10 14:27:05.601026,{}
evt_1e39ef7e,quote_76b2b41b,REJECTED,rep_4fd63151,SALES_REP,2026-02-14 14:27:05.601026,{}
evt_55202fb4,quote_b3e80871,QUOTE_CREATED,rep_d5902688,SALES_REP,2025-11-27 04:10:05.601026,{}
evt_1737b5d9,quote_b3e80871,PRODUCT_ADDED,rep_d5902688,SALES_REP,2025-11-27 05:00:05.601026,{}
evt_e0e67766,quote_b3e80871,DISCOUNT_APPLIED,rep_d5902688,SALES_REP,2025-11-27 05:49:05.601026,{}
evt_97f001c7,quote_b3e80871,QUOTE_SENT,rep_d5902688,SALES_REP,2025-11-28 03:49:05.601026,{}
evt_1eb8e36c,quote_b3e80871,CUSTOMER_VIEWED,rep_d5902688,SALES_REP,2025-11-30 03:49:05.601026,{}
evt_0072f217,quote_b3e80871,COUNTER_OFFER,rep_d5902688,SALES_REP,2025-12-01 03:49:05.601026,{}
evt_8831faa4,quote_b3e80871,QUOTE_REVISED,rep_d5902688,SALES_REP,2025-12-02 03:49:05.601026,{}
evt_be3d53a8,quote_b3e80871,ORDER_CONFIRMED,rep_d5902688,SALES_REP,2025-12-05 03:49:05.601026,{}
evt_53a29513,quote_19bf673c,QUOTE_CREATED,rep_f976f2b3,SALES_REP,2026-08-11 16:10:05.601026,{}
evt_835200cc,quote_19bf673c,PRODUCT_ADDED,rep_f976f2b3,SALES_REP,2026-08-11 17:04:05.601026,{}
evt_0a79d511,quote_19bf673c,DISCOUNT_APPLIED,rep_f976f2b3,SALES_REP,2026-08-11 17:18:05.601026,{}
evt_e11cc60e,quote_19bf673c,QUOTE_SENT,rep_f976f2b3,SALES_REP,2026-08-12 08:18:05.601026,{}
evt_d6df4c6a,quote_19bf673c,CUSTOMER_VIEWED,rep_f976f2b3,SALES_REP,2026-08-15 08:18:05.601026,{}
evt_924de984,quote_19bf673c,COUNTER_OFFER,rep_f976f2b3,SALES_REP,2026-08-18 08:18:05.601026,{}
evt_437c6772,quote_19bf673c,QUOTE_REVISED,rep_f976f2b3,SALES_REP,2026-08-20 08:18:05.601026,{}
evt_52ac1e60,quote_b1716ecc,QUOTE_CREATED,rep_e08a1589,SALES_REP,2026-05-05 15:10:05.601026,{}
evt_add52d77,quote_b1716ecc,PRODUCT_ADDED,rep_e08a1589,SALES_REP,2026-05-05 15:24:05.601026,{}
evt_412548fe,quote_b1716ecc,DISCOUNT_APPLIED,rep_e08a1589,SALES_REP,2026-05-05 16:20:05.601026,{}
evt_abd160ae,quote_b1716ecc,QUOTE_SENT,rep_e08a1589,SALES_REP,2026-05-06 11:20:05.601026,{}
evt_b796a64b,quote_b1716ecc,CUSTOMER_VIEWED,rep_e08a1589,SALES_REP,2026-05-10 11:20:05.601026,{}
evt_f59ee541,quote_b1716ecc,REJECTED,rep_e08a1589,SALES_REP,2026-05-11 11:20:05.601026,{}
evt_a9f20630,quote_6017393f,QUOTE_CREATED,rep_71ed5975,SALES_REP,2025-09-25 10:10:05.601026,{}
evt_f5cbc70e,quote_6017393f,PRODUCT_ADDED,rep_71ed5975,SALES_REP,2025-09-25 10:40:05.601026,{}
evt_c1403b1e,quote_6017393f,DISCOUNT_APPLIED,rep_71ed5975,SALES_REP,2025-09-25 11:24:05.601026,{}
evt_53912411,quote_6017393f,QUOTE_SENT,rep_71ed5975,SALES_REP,2025-09-25 19:24:05.601026,{}
evt_c44bfe3a,quote_6017393f,CUSTOMER_VIEWED,rep_71ed5975,SALES_REP,2025-09-29 19:24:05.601026,{}
evt_75ae3cea,quote_6017393f,REJECTED,rep_71ed5975,SALES_REP,2025-10-02 19:24:05.601026,{}
evt_f4ff1e76,quote_d440cd0c,QUOTE_CREATED,rep_d5902688,SALES_REP,2026-07-30 12:10:05.601026,{}
evt_48486fb7,quote_d440cd0c,PRODUCT_ADDED,rep_d5902688,SALES_REP,2026-07-30 12:16:05.601026,{}
evt_a5d283d5,quote_d440cd0c,DISCOUNT_APPLIED,rep_d5902688,SALES_REP,2026-07-30 12:26:05.601026,{}
evt_b637bb0a,quote_d440cd0c,QUOTE_SENT,rep_d5902688,SALES_REP,2026-07-31 06:26:05.601026,{}
evt_0638913b,quote_d440cd0c,CUSTOMER_VIEWED,rep_d5902688,SALES_REP,2026-08-04 06:26:05.601026,{}
evt_660d6901,quote_d440cd0c,REJECTED,rep_d5902688,SALES_REP,2026-08-05 06:26:05.601026,{}
evt_0b2fec33,quote_c378db0e,QUOTE_CREATED,rep_03d99ec4,SALES_REP,2025-12-13 21:10:05.601026,{}
evt_36d23081,quote_c378db0e,PRODUCT_ADDED,rep_03d99ec4,SALES_REP,2025-12-13 21:57:05.601026,{}
evt_b1f721ce,quote_c378db0e,DISCOUNT_APPLIED,rep_03d99ec4,SALES_REP,2025-12-13 22:25:05.601026,{}
evt_a55b18c0,quote_c378db0e,QUOTE_SENT,rep_03d99ec4,SALES_REP,2025-12-14 11:25:05.601026,{}
evt_488e2f3f,quote_c378db0e,CUSTOMER_VIEWED,rep_03d99ec4,SALES_REP,2025-12-16 11:25:05.601026,{}
evt_d1aec6d8,quote_3f830bcf,QUOTE_CREATED,rep_03d99ec4,SALES_REP,2026-03-14 06:10:05.601026,{}
evt_5aafd8a2,quote_3f830bcf,PRODUCT_ADDED,rep_03d99ec4,SALES_REP,2026-03-14 07:10:05.601026,{}
evt_d35ed1f1,quote_3f830bcf,DISCOUNT_APPLIED,rep_03d99ec4,SALES_REP,2026-03-14 07:50:05.601026,{}
evt_b1caae66,quote_3f830bcf,QUOTE_SENT,rep_03d99ec4,SALES_REP,2026-03-14 10:50:05.601026,{}
evt_48c05a90,quote_3f830bcf,CUSTOMER_VIEWED,rep_03d99ec4,SALES_REP,2026-03-16 10:50:05.601026,{}
evt_2b8d5768,quote_329ee2d4,QUOTE_CREATED,rep_03d99ec4,SALES_REP,2026-04-19 15:10:05.601026,{}
evt_5c1632e1,quote_329ee2d4,PRODUCT_ADDED,rep_03d99ec4,SALES_REP,2026-04-19 15:41:05.601026,{}
evt_240c1ec1,quote_329ee2d4,DISCOUNT_APPLIED,rep_03d99ec4,SALES_REP,2026-04-19 15:54:05.601026,{}
evt_642ef67f,quote_329ee2d4,QUOTE_SENT,rep_03d99ec4,SALES_REP,2026-04-20 10:54:05.601026,{}
evt_c1821c34,quote_329ee2d4,CUSTOMER_VIEWED,rep_03d99ec4,SALES_REP,2026-04-25 10:54:05.601026,{}
evt_cd66a3d8,quote_329ee2d4,COUNTER_OFFER,rep_03d99ec4,SALES_REP,2026-04-26 10:54:05.601026,{}
evt_6b1067fb,quote_329ee2d4,QUOTE_REVISED,rep_03d99ec4,SALES_REP,2026-04-28 10:54:05.601026,{}
evt_3b116325,quote_329ee2d4,REJECTED,rep_03d99ec4,SALES_REP,2026-05-02 10:54:05.601026,{}
evt_294f7aa9,quote_9ab361ea,QUOTE_CREATED,rep_b548fdfc,SALES_REP,2025-10-09 00:10:05.601026,{}
evt_e1c2a532,quote_9ab361ea,PRODUCT_ADDED,rep_b548fdfc,SALES_REP,2025-10-09 00:55:05.601026,{}
evt_40adb76a,quote_9ab361ea,DISCOUNT_APPLIED,rep_b548fdfc,SALES_REP,2025-10-09 01:17:05.601026,{}
evt_4ba5f2d4,quote_9ab361ea,QUOTE_SENT,rep_b548fdfc,SALES_REP,2025-10-09 15:17:05.601026,{}
evt_870fba46,quote_9ab361ea,CUSTOMER_VIEWED,rep_b548fdfc,SALES_REP,2025-10-11 15:17:05.601026,{}
evt_da67a8c7,quote_9ab361ea,ORDER_CONFIRMED,rep_b548fdfc,SALES_REP,2025-10-17 15:17:05.601026,{}
evt_10999045,quote_ba7d305f,QUOTE_CREATED,rep_71ed5975,SALES_REP,2025-09-26 15:10:05.601026,{}
evt_a484ed6f,quote_ba7d305f,PRODUCT_ADDED,rep_71ed5975,SALES_REP,2025-09-26 16:08:05.601026,{}
evt_a8627b27,quote_ba7d305f,DISCOUNT_APPLIED,rep_71ed5975,SALES_REP,2025-09-26 16:53:05.601026,{}
evt_44e99700,quote_ba7d305f,QUOTE_SENT,rep_71ed5975,SALES_REP,2025-09-27 08:53:05.601026,{}
evt_1a33b061,quote_ba7d305f,CUSTOMER_VIEWED,rep_71ed5975,SALES_REP,2025-09-28 08:53:05.601026,{}
evt_f492ea36,quote_ba7d305f,ORDER_CONFIRMED,rep_71ed5975,SALES_REP,2025-10-01 08:53:05.601026,{}
evt_a726ddae,quote_5870f534,QUOTE_CREATED,rep_221b7f39,SALES_REP,2026-01-24 21:10:05.601026,{}
evt_fed67106,quote_5870f534,PRODUCT_ADDED,rep_221b7f39,SALES_REP,2026-01-24 21:38:05.601026,{}
evt_043b5b14,quote_5870f534,DISCOUNT_APPLIED,rep_221b7f39,SALES_REP,2026-01-24 22:20:05.601026,{}
evt_6bca408f,quote_5870f534,QUOTE_SENT,rep_221b7f39,SALES_REP,2026-01-25 14:20:05.601026,{}
evt_35e79201,quote_5870f534,CUSTOMER_VIEWED,rep_221b7f39,SALES_REP,2026-01-30 14:20:05.601026,{}
evt_9f1ac64a,quote_5870f534,REJECTED,rep_221b7f39,SALES_REP,2026-02-02 14:20:05.601026,{}
evt_96d6b086,quote_668f49e6,QUOTE_CREATED,rep_71ed5975,SALES_REP,2025-11-05 17:10:05.601026,{}
evt_69db7aa7,quote_668f49e6,PRODUCT_ADDED,rep_71ed5975,SALES_REP,2025-11-05 17:31:05.601026,{}
evt_450400b1,quote_668f49e6,DISCOUNT_APPLIED,rep_71ed5975,SALES_REP,2025-11-05 17:46:05.601026,{}
evt_043d8008,quote_668f49e6,QUOTE_SENT,rep_71ed5975,SALES_REP,2025-11-06 12:46:05.601026,{}
evt_088e5359,quote_668f49e6,CUSTOMER_VIEWED,rep_71ed5975,SALES_REP,2025-11-07 12:46:05.601026,{}
evt_17ead5d2,quote_668f49e6,COUNTER_OFFER,rep_71ed5975,SALES_REP,2025-11-09 12:46:05.601026,{}
evt_a7e1a1e1,quote_668f49e6,QUOTE_REVISED,rep_71ed5975,SALES_REP,2025-11-10 12:46:05.601026,{}
evt_50ebbe19,quote_668f49e6,ORDER_CONFIRMED,rep_71ed5975,SALES_REP,2025-11-13 12:46:05.601026,{}
evt_7bba40dd,quote_9e605244,QUOTE_CREATED,rep_e08a1589,SALES_REP,2026-02-01 22:10:05.601026,{}
evt_080108d4,quote_9e605244,PRODUCT_ADDED,rep_e08a1589,SALES_REP,2026-02-01 23:04:05.601026,{}
evt_0e562823,quote_9e605244,DISCOUNT_APPLIED,rep_e08a1589,SALES_REP,2026-02-01 23:49:05.601026,{}
evt_74254b45,quote_9e605244,QUOTE_SENT,rep_e08a1589,SALES_REP,2026-02-02 05:49:05.601026,{}
evt_6c71eb90,quote_9e605244,CUSTOMER_VIEWED,rep_e08a1589,SALES_REP,2026-02-03 05:49:05.601026,{}
evt_16256a10,quote_f80c2b39,QUOTE_CREATED,rep_b548fdfc,SALES_REP,2026-02-14 03:10:05.601026,{}
evt_74188072,quote_f80c2b39,PRODUCT_ADDED,rep_b548fdfc,SALES_REP,2026-02-14 03:49:05.601026,{}
evt_39be7842,quote_f80c2b39,DISCOUNT_APPLIED,rep_b548fdfc,SALES_REP,2026-02-14 04:31:05.601026,{}
evt_f766a141,quote_f80c2b39,QUOTE_SENT,rep_b548fdfc,SALES_REP,2026-02-14 16:31:05.601026,{}
evt_7f1a6cd7,quote_f80c2b39,CUSTOMER_VIEWED,rep_b548fdfc,SALES_REP,2026-02-16 16:31:05.601026,{}
evt_07f77e6c,quote_f80c2b39,COUNTER_OFFER,rep_b548fdfc,SALES_REP,2026-02-19 16:31:05.601026,{}
evt_51062cc5,quote_f80c2b39,QUOTE_REVISED,rep_b548fdfc,SALES_REP,2026-02-21 16:31:05.601026,{}
evt_eb00e52b,quote_f80c2b39,APPROVAL_REQUESTED,rep_b548fdfc,SALES_REP,2026-02-21 22:31:05.601026,{}
evt_e1385487,quote_f80c2b39,APPROVED,rep_b548fdfc,SALES_REP,2026-02-22 22:31:05.601026,{}
evt_2d5bb561,quote_f80c2b39,ORDER_CONFIRMED,rep_b548fdfc,SALES_REP,2026-02-26 22:31:05.601026,{}
evt_0a000fcb,quote_6d95b0e1,QUOTE_CREATED,rep_76071164,SALES_REP,2026-07-17 04:10:05.601026,{}
evt_3a3019e2,quote_6d95b0e1,PRODUCT_ADDED,rep_76071164,SALES_REP,2026-07-17 04:50:05.601026,{}
evt_a2e785d1,quote_6d95b0e1,DISCOUNT_APPLIED,rep_76071164,SALES_REP,2026-07-17 05:39:05.601026,{}
evt_41164cd8,quote_6d95b0e1,QUOTE_SENT,rep_76071164,SALES_REP,2026-07-17 09:39:05.601026,{}
evt_e8079545,quote_6d95b0e1,CUSTOMER_VIEWED,rep_76071164,SALES_REP,2026-07-21 09:39:05.601026,{}
evt_600bb63b,quote_86338960,QUOTE_CREATED,rep_4fd63151,SALES_REP,2025-09-13 21:10:05.601026,{}
evt_d991bf5d,quote_86338960,PRODUCT_ADDED,rep_4fd63151,SALES_REP,2025-09-13 22:07:05.601026,{}
evt_6f29e27c,quote_86338960,DISCOUNT_APPLIED,rep_4fd63151,SALES_REP,2025-09-13 22:40:05.601026,{}
evt_ee3298a6,quote_86338960,QUOTE_SENT,rep_4fd63151,SALES_REP,2025-09-14 18:40:05.601026,{}
evt_d52b4c94,quote_86338960,CUSTOMER_VIEWED,rep_4fd63151,SALES_REP,2025-09-19 18:40:05.601026,{}
evt_030ea26b,quote_86338960,ORDER_CONFIRMED,rep_4fd63151,SALES_REP,2025-09-22 18:40:05.601026,{}
evt_435b1efc,quote_9429b0b1,QUOTE_CREATED,rep_4fd63151,SALES_REP,2025-12-30 15:10:05.601026,{}
evt_1722cf39,quote_9429b0b1,PRODUCT_ADDED,rep_4fd63151,SALES_REP,2025-12-30 15:59:05.601026,{}
evt_7b3b8cd6,quote_9429b0b1,DISCOUNT_APPLIED,rep_4fd63151,SALES_REP,2025-12-30 16:52:05.601026,{}
evt_7d2f1d64,quote_9429b0b1,QUOTE_SENT,rep_4fd63151,SALES_REP,2025-12-30 20:52:05.601026,{}
evt_1e61aef2,quote_9429b0b1,CUSTOMER_VIEWED,rep_4fd63151,SALES_REP,2025-12-31 20:52:05.601026,{}
evt_f593c465,quote_9429b0b1,COUNTER_OFFER,rep_4fd63151,SALES_REP,2026-01-02 20:52:05.601026,{}
evt_b731220b,quote_9429b0b1,QUOTE_REVISED,rep_4fd63151,SALES_REP,2026-01-04 20:52:05.601026,{}
evt_2e7e192c,quote_9429b0b1,ORDER_CONFIRMED,rep_4fd63151,SALES_REP,2026-01-05 20:52:05.601026,{}
evt_68381395,quote_ae27469a,QUOTE_CREATED,rep_f976f2b3,SALES_REP,2026-05-03 09:10:05.601026,{}
evt_4f5498d4,quote_ae27469a,PRODUCT_ADDED,rep_f976f2b3,SALES_REP,2026-05-03 09:52:05.601026,{}
evt_8053b8a0,quote_ae27469a,DISCOUNT_APPLIED,rep_f976f2b3,SALES_REP,2026-05-03 10:09:05.601026,{}
evt_c6736bd1,quote_ae27469a,QUOTE_SENT,rep_f976f2b3,SALES_REP,2026-05-03 16:09:05.601026,{}
evt_7ef31cc3,quote_ae27469a,CUSTOMER_VIEWED,rep_f976f2b3,SALES_REP,2026-05-06 16:09:05.601026,{}
evt_01f2ed59,quote_ae27469a,COUNTER_OFFER,rep_f976f2b3,SALES_REP,2026-05-07 16:09:05.601026,{}
evt_00f6c8c4,quote_ae27469a,QUOTE_REVISED,rep_f976f2b3,SALES_REP,2026-05-09 16:09:05.601026,{}
evt_7994f277,quote_ae27469a,ORDER_CONFIRMED,rep_f976f2b3,SALES_REP,2026-05-14 16:09:05.601026,{}
evt_6389e222,quote_938444ca,QUOTE_CREATED,rep_d5902688,SALES_REP,2025-10-09 09:10:05.601026,{}
evt_bf207fc2,quote_938444ca,PRODUCT_ADDED,rep_d5902688,SALES_REP,2025-10-09 09:28:05.601026,{}
evt_d5a856ed,quote_938444ca,DISCOUNT_APPLIED,rep_d5902688,SALES_REP,2025-10-09 10:18:05.601026,{}
evt_9f7763d8,quote_938444ca,QUOTE_SENT,rep_d5902688,SALES_REP,2025-10-09 17:18:05.601026,{}
evt_be012bfd,quote_938444ca,CUSTOMER_VIEWED,rep_d5902688,SALES_REP,2025-10-12 17:18:05.601026,{}
evt_fd31af66,quote_938444ca,COUNTER_OFFER,rep_d5902688,SALES_REP,2025-10-15 17:18:05.601026,{}
evt_1dc9ae3c,quote_938444ca,QUOTE_REVISED,rep_d5902688,SALES_REP,2025-10-16 17:18:05.601026,{}
evt_05e66139,quote_938444ca,ORDER_CONFIRMED,rep_d5902688,SALES_REP,2025-10-22 17:18:05.601026,{}
evt_42fd13df,quote_36c2ee4f,QUOTE_CREATED,rep_d5902688,SALES_REP,2025-12-08 20:10:05.601026,{}
evt_2a0b5a5b,quote_36c2ee4f,PRODUCT_ADDED,rep_d5902688,SALES_REP,2025-12-08 20:29:05.601026,{}
evt_7b2a9387,quote_36c2ee4f,DISCOUNT_APPLIED,rep_d5902688,SALES_REP,2025-12-08 21:00:05.601026,{}
evt_e8080a89,quote_36c2ee4f,QUOTE_SENT,rep_d5902688,SALES_REP,2025-12-09 01:00:05.601026,{}
evt_e8f26daf,quote_36c2ee4f,CUSTOMER_VIEWED,rep_d5902688,SALES_REP,2025-12-12 01:00:05.601026,{}
evt_8ee70a73,quote_36c2ee4f,COUNTER_OFFER,rep_d5902688,SALES_REP,2025-12-13 01:00:05.601026,{}
evt_c167ccc3,quote_36c2ee4f,QUOTE_REVISED,rep_d5902688,SALES_REP,2025-12-14 01:00:05.601026,{}
evt_c41f27b6,quote_36c2ee4f,REJECTED,rep_d5902688,SALES_REP,2025-12-18 01:00:05.601026,{}
evt_a8997ffd,quote_0eb4ae9f,QUOTE_CREATED,rep_b548fdfc,SALES_REP,2026-01-30 23:10:05.601026,{}
evt_25a69f60,quote_0eb4ae9f,PRODUCT_ADDED,rep_b548fdfc,SALES_REP,2026-01-30 23:22:05.601026,{}
evt_8236023d,quote_0eb4ae9f,DISCOUNT_APPLIED,rep_b548fdfc,SALES_REP,2026-01-30 23:51:05.601026,{}
evt_5e15af95,quote_0eb4ae9f,QUOTE_SENT,rep_b548fdfc,SALES_REP,2026-01-31 09:51:05.601026,{}
evt_31640cff,quote_0eb4ae9f,CUSTOMER_VIEWED,rep_b548fdfc,SALES_REP,2026-02-04 09:51:05.601026,{}
evt_df7db7ad,quote_0eb4ae9f,ORDER_CONFIRMED,rep_b548fdfc,SALES_REP,2026-02-07 09:51:05.601026,{}
evt_912f7254,quote_c9bd3150,QUOTE_CREATED,rep_221b7f39,SALES_REP,2026-05-07 03:10:05.601026,{}
evt_17be5c78,quote_c9bd3150,PRODUCT_ADDED,rep_221b7f39,SALES_REP,2026-05-07 03:21:05.601026,{}
evt_cc951093,quote_c9bd3150,DISCOUNT_APPLIED,rep_221b7f39,SALES_REP,2026-05-07 03:51:05.601026,{}
evt_749cd921,quote_c9bd3150,QUOTE_SENT,rep_221b7f39,SALES_REP,2026-05-07 18:51:05.601026,{}
evt_4809e0ba,quote_c9bd3150,CUSTOMER_VIEWED,rep_221b7f39,SALES_REP,2026-05-12 18:51:05.601026,{}
evt_955dc0d1,quote_167215c8,QUOTE_CREATED,rep_4fd63151,SALES_REP,2026-03-26 18:10:05.601026,{}
evt_60b9f172,quote_167215c8,PRODUCT_ADDED,rep_4fd63151,SALES_REP,2026-03-26 18:46:05.601026,{}
evt_056f5487,quote_167215c8,DISCOUNT_APPLIED,rep_4fd63151,SALES_REP,2026-03-26 19:08:05.601026,{}
evt_214ab6d0,quote_167215c8,QUOTE_SENT,rep_4fd63151,SALES_REP,2026-03-27 18:08:05.601026,{}
evt_934aed85,quote_167215c8,CUSTOMER_VIEWED,rep_4fd63151,SALES_REP,2026-04-01 18:08:05.601026,{}
evt_24561ea9,quote_167215c8,REJECTED,rep_4fd63151,SALES_REP,2026-04-08 18:08:05.601026,{}
evt_63c26252,quote_e037ae7e,QUOTE_CREATED,rep_03d99ec4,SALES_REP,2026-03-06 21:10:05.601026,{}
evt_9e646d18,quote_e037ae7e,PRODUCT_ADDED,rep_03d99ec4,SALES_REP,2026-03-06 21:55:05.601026,{}
evt_4bf6f525,quote_e037ae7e,DISCOUNT_APPLIED,rep_03d99ec4,SALES_REP,2026-03-06 22:08:05.601026,{}
evt_0aa4bd4e,quote_e037ae7e,QUOTE_SENT,rep_03d99ec4,SALES_REP,2026-03-06 23:08:05.601026,{}
evt_b38983ff,quote_e037ae7e,CUSTOMER_VIEWED,rep_03d99ec4,SALES_REP,2026-03-07 23:08:05.601026,{}
evt_40a5fa27,quote_780e2e27,QUOTE_CREATED,rep_71ed5975,SALES_REP,2026-08-18 06:10:05.601026,{}
evt_a8230020,quote_780e2e27,PRODUCT_ADDED,rep_71ed5975,SALES_REP,2026-08-18 07:03:05.601026,{}
evt_08163865,quote_780e2e27,DISCOUNT_APPLIED,rep_71ed5975,SALES_REP,2026-08-18 07:41:05.601026,{}
evt_2770cddf,quote_780e2e27,QUOTE_SENT,rep_71ed5975,SALES_REP,2026-08-18 23:41:05.601026,{}
evt_9bc2f927,quote_780e2e27,CUSTOMER_VIEWED,rep_71ed5975,SALES_REP,2026-08-22 23:41:05.601026,{}
evt_37e4dad7,quote_780e2e27,COUNTER_OFFER,rep_71ed5975,SALES_REP,2026-08-25 23:41:05.601026,{}
evt_722248e6,quote_780e2e27,QUOTE_REVISED,rep_71ed5975,SALES_REP,2026-08-27 23:41:05.601026,{}
evt_4c171974,quote_780e2e27,REJECTED,rep_71ed5975,SALES_REP,2026-08-31 23:41:05.601026,{}
evt_f9da698e,quote_65c2466d,QUOTE_CREATED,rep_e08a1589,SALES_REP,2026-06-09 16:10:05.601026,{}
evt_a0360b50,quote_65c2466d,PRODUCT_ADDED,rep_e08a1589,SALES_REP,2026-06-09 17:03:05.601026,{}
evt_19a3fce7,quote_65c2466d,DISCOUNT_APPLIED,rep_e08a1589,SALES_REP,2026-06-09 17:10:05.601026,{}
evt_5e8bbd84,quote_65c2466d,QUOTE_SENT,rep_e08a1589,SALES_REP,2026-06-10 07:10:05.601026,{}
evt_805a1af1,quote_65c2466d,CUSTOMER_VIEWED,rep_e08a1589,SALES_REP,2026-06-11 07:10:05.601026,{}
evt_521db5dd,quote_65c2466d,ORDER_CONFIRMED,rep_e08a1589,SALES_REP,2026-06-14 07:10:05.601026,{}
evt_6c2f6b5e,quote_60784094,QUOTE_CREATED,rep_e08a1589,SALES_REP,2025-11-28 21:10:05.601026,{}
evt_1795925f,quote_60784094,PRODUCT_ADDED,rep_e08a1589,SALES_REP,2025-11-28 21:49:05.601026,{}
evt_77bbc44b,quote_60784094,DISCOUNT_APPLIED,rep_e08a1589,SALES_REP,2025-11-28 22:30:05.601026,{}
evt_b040122b,quote_60784094,QUOTE_SENT,rep_e08a1589,SALES_REP,2025-11-29 14:30:05.601026,{}
evt_bce5361b,quote_60784094,CUSTOMER_VIEWED,rep_e08a1589,SALES_REP,2025-12-03 14:30:05.601026,{}
evt_99c80889,quote_60784094,REJECTED,rep_e08a1589,SALES_REP,2025-12-05 14:30:05.601026,{}
evt_4bce994e,quote_c9f293ee,QUOTE_CREATED,rep_f976f2b3,SALES_REP,2026-03-24 14:10:05.601026,{}
evt_c0c6460b,quote_c9f293ee,PRODUCT_ADDED,rep_f976f2b3,SALES_REP,2026-03-24 15:06:05.601026,{}
evt_c6263d05,quote_c9f293ee,DISCOUNT_APPLIED,rep_f976f2b3,SALES_REP,2026-03-24 15:58:05.601026,{}
evt_dfb39d0e,quote_c9f293ee,QUOTE_SENT,rep_f976f2b3,SALES_REP,2026-03-25 10:58:05.601026,{}
evt_7f61974a,quote_c9f293ee,CUSTOMER_VIEWED,rep_f976f2b3,SALES_REP,2026-03-26 10:58:05.601026,{}
evt_ad9f5bd0,quote_c9f293ee,REJECTED,rep_f976f2b3,SALES_REP,2026-04-01 10:58:05.601026,{}
evt_ad426ab8,quote_0c34717d,QUOTE_CREATED,rep_03d99ec4,SALES_REP,2025-10-24 19:10:05.601026,{}
evt_b7875fff,quote_0c34717d,PRODUCT_ADDED,rep_03d99ec4,SALES_REP,2025-10-24 19:18:05.601026,{}
evt_5ff0fd41,quote_0c34717d,DISCOUNT_APPLIED,rep_03d99ec4,SALES_REP,2025-10-24 20:05:05.601026,{}
evt_d19df2e6,quote_0c34717d,QUOTE_SENT,rep_03d99ec4,SALES_REP,2025-10-25 04:05:05.601026,{}
evt_eee9184d,quote_0c34717d,CUSTOMER_VIEWED,rep_03d99ec4,SALES_REP,2025-10-27 04:05:05.601026,{}
evt_274ce5fb,quote_0c34717d,COUNTER_OFFER,rep_03d99ec4,SALES_REP,2025-10-29 04:05:05.601026,{}
evt_94f0f725,quote_0c34717d,QUOTE_REVISED,rep_03d99ec4,SALES_REP,2025-10-30 04:05:05.601026,{}
evt_b617bdfd,quote_9565a487,QUOTE_CREATED,rep_e08a1589,SALES_REP,2025-11-02 16:10:05.601026,{}
evt_0c53303d,quote_9565a487,PRODUCT_ADDED,rep_e08a1589,SALES_REP,2025-11-02 16:44:05.601026,{}
evt_8ea00457,quote_9565a487,DISCOUNT_APPLIED,rep_e08a1589,SALES_REP,2025-11-02 17:31:05.601026,{}
evt_8158d1a2,quote_9565a487,QUOTE_SENT,rep_e08a1589,SALES_REP,2025-11-03 07:31:05.601026,{}
evt_6d4dc65d,quote_9565a487,CUSTOMER_VIEWED,rep_e08a1589,SALES_REP,2025-11-08 07:31:05.601026,{}
evt_7a945d7e,quote_9565a487,REJECTED,rep_e08a1589,SALES_REP,2025-11-12 07:31:05.601026,{}
evt_83996fed,quote_05851d5d,QUOTE_CREATED,rep_f976f2b3,SALES_REP,2026-05-04 00:10:05.601026,{}
evt_8e71fa9c,quote_05851d5d,PRODUCT_ADDED,rep_f976f2b3,SALES_REP,2026-05-04 00:51:05.601026,{}
evt_302e6a8c,quote_05851d5d,DISCOUNT_APPLIED,rep_f976f2b3,SALES_REP,2026-05-04 01:02:05.601026,{}
evt_16d38a9c,quote_05851d5d,QUOTE_SENT,rep_f976f2b3,SALES_REP,2026-05-04 17:02:05.601026,{}
evt_de4f8271,quote_05851d5d,CUSTOMER_VIEWED,rep_f976f2b3,SALES_REP,2026-05-05 17:02:05.601026,{}
evt_3882fd05,quote_05851d5d,APPROVAL_REQUESTED,rep_f976f2b3,SALES_REP,2026-05-05 21:02:05.601026,{}
evt_ba08c216,quote_05851d5d,REJECTED,rep_f976f2b3,SALES_REP,2026-05-08 21:02:05.601026,{}
evt_217a0e13,quote_05434570,QUOTE_CREATED,rep_b548fdfc,SALES_REP,2025-11-30 01:10:05.601026,{}
evt_add12daf,quote_05434570,PRODUCT_ADDED,rep_b548fdfc,SALES_REP,2025-11-30 01:55:05.601026,{}
evt_977d080d,quote_05434570,DISCOUNT_APPLIED,rep_b548fdfc,SALES_REP,2025-11-30 02:54:05.601026,{}
evt_1be52def,quote_05434570,QUOTE_SENT,rep_b548fdfc,SALES_REP,2025-11-30 05:54:05.601026,{}
evt_a872de1e,quote_05434570,CUSTOMER_VIEWED,rep_b548fdfc,SALES_REP,2025-12-05 05:54:05.601026,{}
evt_9d805815,quote_05434570,COUNTER_OFFER,rep_b548fdfc,SALES_REP,2025-12-07 05:54:05.601026,{}
evt_2ffcef08,quote_05434570,QUOTE_REVISED,rep_b548fdfc,SALES_REP,2025-12-08 05:54:05.601026,{}
evt_f444f1c6,quote_05434570,ORDER_CONFIRMED,rep_b548fdfc,SALES_REP,2025-12-11 05:54:05.601026,{}
evt_ce7b14f6,quote_59e6aaa9,QUOTE_CREATED,rep_b548fdfc,SALES_REP,2026-01-22 08:10:05.601026,{}
evt_b0ba6f44,quote_59e6aaa9,PRODUCT_ADDED,rep_b548fdfc,SALES_REP,2026-01-22 08:28:05.601026,{}
evt_9c495ef0,quote_59e6aaa9,DISCOUNT_APPLIED,rep_b548fdfc,SALES_REP,2026-01-22 08:55:05.601026,{}
evt_3fef68a0,quote_59e6aaa9,QUOTE_SENT,rep_b548fdfc,SALES_REP,2026-01-22 11:55:05.601026,{}
evt_9c08944b,quote_59e6aaa9,CUSTOMER_VIEWED,rep_b548fdfc,SALES_REP,2026-01-25 11:55:05.601026,{}
evt_b85f885f,quote_59e6aaa9,REJECTED,rep_b548fdfc,SALES_REP,2026-01-28 11:55:05.601026,{}
evt_b2e95614,quote_417d5077,QUOTE_CREATED,rep_76071164,SALES_REP,2026-02-12 12:10:05.601026,{}
evt_48114374,quote_417d5077,PRODUCT_ADDED,rep_76071164,SALES_REP,2026-02-12 12:44:05.601026,{}
evt_a43107e1,quote_417d5077,DISCOUNT_APPLIED,rep_76071164,SALES_REP,2026-02-12 13:31:05.601026,{}
evt_6fe9ccb7,quote_417d5077,QUOTE_SENT,rep_76071164,SALES_REP,2026-02-13 07:31:05.601026,{}
evt_aeb49b29,quote_417d5077,CUSTOMER_VIEWED,rep_76071164,SALES_REP,2026-02-15 07:31:05.601026,{}
evt_6c8a1c5b,quote_417d5077,ORDER_CONFIRMED,rep_76071164,SALES_REP,2026-02-21 07:31:05.601026,{}
evt_c434a6b9,quote_2e5f5cb5,QUOTE_CREATED,rep_76071164,SALES_REP,2026-07-16 19:10:05.601026,{}
evt_97e3c232,quote_2e5f5cb5,PRODUCT_ADDED,rep_76071164,SALES_REP,2026-07-16 19:27:05.601026,{}
evt_3deb7e17,quote_2e5f5cb5,DISCOUNT_APPLIED,rep_76071164,SALES_REP,2026-07-16 19:55:05.601026,{}
evt_a6b44724,quote_2e5f5cb5,QUOTE_SENT,rep_76071164,SALES_REP,2026-07-17 10:55:05.601026,{}
evt_3afcca54,quote_2e5f5cb5,CUSTOMER_VIEWED,rep_76071164,SALES_REP,2026-07-19 10:55:05.601026,{}
evt_0175d4c9,quote_2e5f5cb5,COUNTER_OFFER,rep_76071164,SALES_REP,2026-07-22 10:55:05.601026,{}
evt_37599a05,quote_2e5f5cb5,QUOTE_REVISED,rep_76071164,SALES_REP,2026-07-24 10:55:05.601026,{}
evt_0e5ab584,quote_baf883fe,QUOTE_CREATED,rep_03d99ec4,SALES_REP,2026-02-15 08:10:05.601026,{}
evt_ebaebe13,quote_baf883fe,PRODUCT_ADDED,rep_03d99ec4,SALES_REP,2026-02-15 08:33:05.601026,{}
evt_f075d8b4,quote_baf883fe,DISCOUNT_APPLIED,rep_03d99ec4,SALES_REP,2026-02-15 09:19:05.601026,{}
evt_5a4c2ee4,quote_baf883fe,QUOTE_SENT,rep_03d99ec4,SALES_REP,2026-02-15 15:19:05.601026,{}
evt_08c5ee66,quote_baf883fe,CUSTOMER_VIEWED,rep_03d99ec4,SALES_REP,2026-02-18 15:19:05.601026,{}
evt_d9fd8454,quote_baf883fe,REJECTED,rep_03d99ec4,SALES_REP,2026-02-20 15:19:05.601026,{}
evt_89a8a4fd,quote_828aa1df,QUOTE_CREATED,rep_26645e7c,SALES_REP,2025-11-02 10:10:05.601026,{}
evt_c753a586,quote_828aa1df,PRODUCT_ADDED,rep_26645e7c,SALES_REP,2025-11-02 10:46:05.601026,{}
evt_d0b72d6e,quote_828aa1df,DISCOUNT_APPLIED,rep_26645e7c,SALES_REP,2025-11-02 11:26:05.601026,{}
evt_76df115b,quote_828aa1df,QUOTE_SENT,rep_26645e7c,SALES_REP,2025-11-03 01:26:05.601026,{}
evt_2142e8ca,quote_828aa1df,CUSTOMER_VIEWED,rep_26645e7c,SALES_REP,2025-11-07 01:26:05.601026,{}
evt_7d804b23,quote_828aa1df,REJECTED,rep_26645e7c,SALES_REP,2025-11-08 01:26:05.601026,{}
evt_ba49beda,quote_a4ae887c,QUOTE_CREATED,rep_4fd63151,SALES_REP,2026-01-22 10:10:05.601026,{}
evt_a10edd62,quote_a4ae887c,PRODUCT_ADDED,rep_4fd63151,SALES_REP,2026-01-22 10:17:05.601026,{}
evt_eded52c3,quote_a4ae887c,DISCOUNT_APPLIED,rep_4fd63151,SALES_REP,2026-01-22 11:08:05.601026,{}
evt_2e03d0db,quote_a4ae887c,QUOTE_SENT,rep_4fd63151,SALES_REP,2026-01-23 03:08:05.601026,{}
evt_89763756,quote_a4ae887c,CUSTOMER_VIEWED,rep_4fd63151,SALES_REP,2026-01-24 03:08:05.601026,{}
evt_329cf828,quote_a4ae887c,COUNTER_OFFER,rep_4fd63151,SALES_REP,2026-01-25 03:08:05.601026,{}
evt_02828a26,quote_a4ae887c,QUOTE_REVISED,rep_4fd63151,SALES_REP,2026-01-27 03:08:05.601026,{}
evt_c5a401a9,quote_a4ae887c,APPROVAL_REQUESTED,rep_4fd63151,SALES_REP,2026-01-27 13:08:05.601026,{}
evt_00214ff4,quote_a4ae887c,REJECTED,rep_4fd63151,SALES_REP,2026-01-30 13:08:05.601026,{}
evt_29b07504,quote_630e6517,QUOTE_CREATED,rep_03d99ec4,SALES_REP,2026-03-11 03:10:05.601026,{}
evt_d06c141d,quote_630e6517,PRODUCT_ADDED,rep_03d99ec4,SALES_REP,2026-03-11 04:01:05.601026,{}
evt_519f0649,quote_630e6517,DISCOUNT_APPLIED,rep_03d99ec4,SALES_REP,2026-03-11 04:59:05.601026,{}
evt_c951918c,quote_630e6517,QUOTE_SENT,rep_03d99ec4,SALES_REP,2026-03-11 09:59:05.601026,{}
evt_2ab3756d,quote_630e6517,CUSTOMER_VIEWED,rep_03d99ec4,SALES_REP,2026-03-13 09:59:05.601026,{}
evt_1114d77b,quote_630e6517,COUNTER_OFFER,rep_03d99ec4,SALES_REP,2026-03-16 09:59:05.601026,{}
evt_eb6cdb43,quote_630e6517,QUOTE_REVISED,rep_03d99ec4,SALES_REP,2026-03-17 09:59:05.601026,{}
evt_dd219845,quote_630e6517,ORDER_CONFIRMED,rep_03d99ec4,SALES_REP,2026-03-22 09:59:05.601026,{}
evt_9917251c,quote_2e343574,QUOTE_CREATED,rep_b548fdfc,SALES_REP,2026-02-21 00:10:05.601026,{}
evt_f703022d,quote_2e343574,PRODUCT_ADDED,rep_b548fdfc,SALES_REP,2026-02-21 00:41:05.601026,{}
evt_3f19f724,quote_2e343574,DISCOUNT_APPLIED,rep_b548fdfc,SALES_REP,2026-02-21 01:02:05.601026,{}
evt_f7b2d58d,quote_2e343574,QUOTE_SENT,rep_b548fdfc,SALES_REP,2026-02-21 20:02:05.601026,{}
evt_260add5a,quote_2e343574,CUSTOMER_VIEWED,rep_b548fdfc,SALES_REP,2026-02-22 20:02:05.601026,{}
evt_b332cd80,quote_2e343574,REJECTED,rep_b548fdfc,SALES_REP,2026-02-25 20:02:05.601026,{}
evt_64279760,quote_0ad7f529,QUOTE_CREATED,rep_221b7f39,SALES_REP,2026-02-14 23:10:05.601026,{}
evt_d47c70b0,quote_0ad7f529,PRODUCT_ADDED,rep_221b7f39,SALES_REP,2026-02-14 23:45:05.601026,{}
evt_18e79b7d,quote_0ad7f529,DISCOUNT_APPLIED,rep_221b7f39,SALES_REP,2026-02-15 00:35:05.601026,{}
evt_2dbab4f3,quote_0ad7f529,QUOTE_SENT,rep_221b7f39,SALES_REP,2026-02-15 12:35:05.601026,{}
evt_ecdabc1b,quote_0ad7f529,CUSTOMER_VIEWED,rep_221b7f39,SALES_REP,2026-02-18 12:35:05.601026,{}
evt_e6ee3fb7,quote_0ad7f529,COUNTER_OFFER,rep_221b7f39,SALES_REP,2026-02-21 12:35:05.601026,{}
evt_f0300171,quote_0ad7f529,QUOTE_REVISED,rep_221b7f39,SALES_REP,2026-02-22 12:35:05.601026,{}
evt_2042cad6,quote_0ad7f529,ORDER_CONFIRMED,rep_221b7f39,SALES_REP,2026-03-01 12:35:05.601026,{}
evt_1b9fff2b,quote_f0522692,QUOTE_CREATED,rep_b548fdfc,SALES_REP,2026-08-21 09:10:05.601026,{}
evt_efa9dee5,quote_f0522692,PRODUCT_ADDED,rep_b548fdfc,SALES_REP,2026-08-21 09:15:05.601026,{}
evt_ef8087a2,quote_f0522692,DISCOUNT_APPLIED,rep_b548fdfc,SALES_REP,2026-08-21 09:45:05.601026,{}
evt_f77978e6,quote_f0522692,QUOTE_SENT,rep_b548fdfc,SALES_REP,2026-08-21 18:45:05.601026,{}
evt_6243879a,quote_f0522692,CUSTOMER_VIEWED,rep_b548fdfc,SALES_REP,2026-08-24 18:45:05.601026,{}
evt_6d468f53,quote_f0522692,COUNTER_OFFER,rep_b548fdfc,SALES_REP,2026-08-25 18:45:05.601026,{}
evt_b993e0d9,quote_f0522692,QUOTE_REVISED,rep_b548fdfc,SALES_REP,2026-08-27 18:45:05.601026,{}
evt_abd799dc,quote_f0522692,REJECTED,rep_b548fdfc,SALES_REP,2026-08-29 18:45:05.601026,{}
evt_3dd8da2c,quote_90aa1f18,QUOTE_CREATED,rep_71ed5975,SALES_REP,2026-07-25 16:10:05.601026,{}
evt_2abc8b23,quote_90aa1f18,PRODUCT_ADDED,rep_71ed5975,SALES_REP,2026-07-25 16:17:05.601026,{}
evt_0e4ddcf4,quote_90aa1f18,DISCOUNT_APPLIED,rep_71ed5975,SALES_REP,2026-07-25 16:39:05.601026,{}
evt_10e34cac,quote_90aa1f18,QUOTE_SENT,rep_71ed5975,SALES_REP,2026-07-25 19:39:05.601026,{}
evt_4fdb3470,quote_90aa1f18,CUSTOMER_VIEWED,rep_71ed5975,SALES_REP,2026-07-29 19:39:05.601026,{}
evt_3e68477e,quote_90aa1f18,ORDER_CONFIRMED,rep_71ed5975,SALES_REP,2026-08-02 19:39:05.601026,{}
evt_4c973570,quote_235c293f,QUOTE_CREATED,rep_e08a1589,SALES_REP,2026-05-22 08:10:05.601026,{}
evt_372eff99,quote_235c293f,PRODUCT_ADDED,rep_e08a1589,SALES_REP,2026-05-22 08:35:05.601026,{}
evt_c91bd090,quote_235c293f,DISCOUNT_APPLIED,rep_e08a1589,SALES_REP,2026-05-22 09:09:05.601026,{}
evt_f469d1f2,quote_235c293f,QUOTE_SENT,rep_e08a1589,SALES_REP,2026-05-23 08:09:05.601026,{}
evt_19205792,quote_235c293f,CUSTOMER_VIEWED,rep_e08a1589,SALES_REP,2026-05-24 08:09:05.601026,{}
evt_468a1346,quote_52d19ea3,QUOTE_CREATED,rep_4fd63151,SALES_REP,2026-07-24 20:10:05.601026,{}
evt_6922d1ae,quote_52d19ea3,PRODUCT_ADDED,rep_4fd63151,SALES_REP,2026-07-24 20:27:05.601026,{}
evt_5b915fe8,quote_52d19ea3,DISCOUNT_APPLIED,rep_4fd63151,SALES_REP,2026-07-24 21:12:05.601026,{}
evt_9dda52ab,quote_52d19ea3,QUOTE_SENT,rep_4fd63151,SALES_REP,2026-07-25 07:12:05.601026,{}
evt_8d969b87,quote_52d19ea3,CUSTOMER_VIEWED,rep_4fd63151,SALES_REP,2026-07-28 07:12:05.601026,{}
evt_b28d02cb,quote_52d19ea3,ORDER_CONFIRMED,rep_4fd63151,SALES_REP,2026-07-29 07:12:05.601026,{}
evt_eaa5fe1e,quote_3d96d1d5,QUOTE_CREATED,rep_03d99ec4,SALES_REP,2026-02-15 20:10:05.601026,{}
evt_88966905,quote_3d96d1d5,PRODUCT_ADDED,rep_03d99ec4,SALES_REP,2026-02-15 20:26:05.601026,{}
evt_345cc117,quote_3d96d1d5,DISCOUNT_APPLIED,rep_03d99ec4,SALES_REP,2026-02-15 20:56:05.601026,{}
evt_4006345f,quote_3d96d1d5,QUOTE_SENT,rep_03d99ec4,SALES_REP,2026-02-16 09:56:05.601026,{}
evt_0ec659be,quote_3d96d1d5,CUSTOMER_VIEWED,rep_03d99ec4,SALES_REP,2026-02-21 09:56:05.601026,{}
evt_79fd0a97,quote_3d96d1d5,COUNTER_OFFER,rep_03d99ec4,SALES_REP,2026-02-22 09:56:05.601026,{}
evt_c67cebcd,quote_3d96d1d5,QUOTE_REVISED,rep_03d99ec4,SALES_REP,2026-02-23 09:56:05.601026,{}
evt_374de0ba,quote_3d96d1d5,ORDER_CONFIRMED,rep_03d99ec4,SALES_REP,2026-02-24 09:56:05.601026,{}
evt_614b81dd,quote_8c41e4ce,QUOTE_CREATED,rep_d5902688,SALES_REP,2026-04-13 01:10:05.601026,{}
evt_6ff29e0c,quote_8c41e4ce,PRODUCT_ADDED,rep_d5902688,SALES_REP,2026-04-13 01:51:05.601026,{}
evt_a7904077,quote_8c41e4ce,DISCOUNT_APPLIED,rep_d5902688,SALES_REP,2026-04-13 02:03:05.601026,{}
evt_618fb399,quote_8c41e4ce,QUOTE_SENT,rep_d5902688,SALES_REP,2026-04-13 03:03:05.601026,{}
evt_c7822032,quote_8c41e4ce,CUSTOMER_VIEWED,rep_d5902688,SALES_REP,2026-04-18 03:03:05.601026,{}
evt_d8f4e725,quote_8c41e4ce,REJECTED,rep_d5902688,SALES_REP,2026-04-22 03:03:05.601026,{}
evt_8480169b,quote_564eb3f9,QUOTE_CREATED,rep_71ed5975,SALES_REP,2025-11-04 13:10:05.601026,{}
evt_6657f3af,quote_564eb3f9,PRODUCT_ADDED,rep_71ed5975,SALES_REP,2025-11-04 14:02:05.601026,{}
evt_9ab027ee,quote_564eb3f9,DISCOUNT_APPLIED,rep_71ed5975,SALES_REP,2025-11-04 14:38:05.601026,{}
evt_24caded2,quote_564eb3f9,QUOTE_SENT,rep_71ed5975,SALES_REP,2025-11-05 03:38:05.601026,{}
evt_87a386a9,quote_564eb3f9,CUSTOMER_VIEWED,rep_71ed5975,SALES_REP,2025-11-07 03:38:05.601026,{}
evt_b12d199d,quote_e4d42c0c,QUOTE_CREATED,rep_26645e7c,SALES_REP,2026-01-28 05:10:05.601026,{}
evt_59aaf97d,quote_e4d42c0c,PRODUCT_ADDED,rep_26645e7c,SALES_REP,2026-01-28 06:05:05.601026,{}
evt_d6ad37b5,quote_e4d42c0c,DISCOUNT_APPLIED,rep_26645e7c,SALES_REP,2026-01-28 06:19:05.601026,{}
evt_38149c2a,quote_e4d42c0c,QUOTE_SENT,rep_26645e7c,SALES_REP,2026-01-28 07:19:05.601026,{}
evt_881525b0,quote_e4d42c0c,CUSTOMER_VIEWED,rep_26645e7c,SALES_REP,2026-01-31 07:19:05.601026,{}
evt_9d936741,quote_e4d42c0c,ORDER_CONFIRMED,rep_26645e7c,SALES_REP,2026-02-02 07:19:05.601026,{}
evt_b0169854,quote_2e32c90e,QUOTE_CREATED,rep_f976f2b3,SALES_REP,2026-05-03 10:10:05.601026,{}
evt_39369057,quote_2e32c90e,PRODUCT_ADDED,rep_f976f2b3,SALES_REP,2026-05-03 10:28:05.601026,{}
evt_de1b3b4f,quote_2e32c90e,DISCOUNT_APPLIED,rep_f976f2b3,SALES_REP,2026-05-03 11:18:05.601026,{}
evt_460fd549,quote_2e32c90e,QUOTE_SENT,rep_f976f2b3,SALES_REP,2026-05-04 00:18:05.601026,{}
evt_9885b4b9,quote_2e32c90e,CUSTOMER_VIEWED,rep_f976f2b3,SALES_REP,2026-05-08 00:18:05.601026,{}
evt_8b61e563,quote_b14cb7c2,QUOTE_CREATED,rep_221b7f39,SALES_REP,2026-06-17 07:10:05.601026,{}
evt_fcc97bc7,quote_b14cb7c2,PRODUCT_ADDED,rep_221b7f39,SALES_REP,2026-06-17 07:37:05.601026,{}
evt_f0dd83a0,quote_b14cb7c2,DISCOUNT_APPLIED,rep_221b7f39,SALES_REP,2026-06-17 08:20:05.601026,{}
evt_efe61096,quote_b14cb7c2,QUOTE_SENT,rep_221b7f39,SALES_REP,2026-06-18 06:20:05.601026,{}
evt_34840fad,quote_b14cb7c2,CUSTOMER_VIEWED,rep_221b7f39,SALES_REP,2026-06-23 06:20:05.601026,{}
evt_dfa8e601,quote_b14cb7c2,REJECTED,rep_221b7f39,SALES_REP,2026-06-30 06:20:05.601026,{}
evt_16151e3e,quote_b6521adf,QUOTE_CREATED,rep_f976f2b3,SALES_REP,2026-01-12 22:10:05.601026,{}
evt_07f9ae3f,quote_b6521adf,PRODUCT_ADDED,rep_f976f2b3,SALES_REP,2026-01-12 22:36:05.601026,{}
evt_2f30fa8e,quote_b6521adf,DISCOUNT_APPLIED,rep_f976f2b3,SALES_REP,2026-01-12 23:10:05.601026,{}
evt_552f7cce,quote_b6521adf,QUOTE_SENT,rep_f976f2b3,SALES_REP,2026-01-13 04:10:05.601026,{}
evt_c02e2f34,quote_b6521adf,CUSTOMER_VIEWED,rep_f976f2b3,SALES_REP,2026-01-14 04:10:05.601026,{}
evt_6fad10d8,quote_b6521adf,ORDER_CONFIRMED,rep_f976f2b3,SALES_REP,2026-01-19 04:10:05.601026,{}
evt_67edad72,quote_0dbcc4c0,QUOTE_CREATED,rep_71ed5975,SALES_REP,2026-01-27 05:10:05.601026,{}
evt_83d5a8d6,quote_0dbcc4c0,PRODUCT_ADDED,rep_71ed5975,SALES_REP,2026-01-27 05:31:05.601026,{}
evt_06f7bd08,quote_0dbcc4c0,DISCOUNT_APPLIED,rep_71ed5975,SALES_REP,2026-01-27 06:15:05.601026,{}
evt_9a627275,quote_0dbcc4c0,QUOTE_SENT,rep_71ed5975,SALES_REP,2026-01-27 15:15:05.601026,{}
evt_3eebc047,quote_0dbcc4c0,CUSTOMER_VIEWED,rep_71ed5975,SALES_REP,2026-02-01 15:15:05.601026,{}
evt_9b1e4388,quote_0dbcc4c0,ORDER_CONFIRMED,rep_71ed5975,SALES_REP,2026-02-03 15:15:05.601026,{}
evt_01471b30,quote_5381019e,QUOTE_CREATED,rep_26645e7c,SALES_REP,2025-11-20 07:10:05.601026,{}
evt_398f05cb,quote_5381019e,PRODUCT_ADDED,rep_26645e7c,SALES_REP,2025-11-20 07:50:05.601026,{}
evt_8b6e4e5a,quote_5381019e,DISCOUNT_APPLIED,rep_26645e7c,SALES_REP,2025-11-20 08:26:05.601026,{}
evt_21954fcf,quote_5381019e,QUOTE_SENT,rep_26645e7c,SALES_REP,2025-11-20 23:26:05.601026,{}
evt_73dd9cfd,quote_5381019e,CUSTOMER_VIEWED,rep_26645e7c,SALES_REP,2025-11-24 23:26:05.601026,{}
evt_5e128c8b,quote_5381019e,COUNTER_OFFER,rep_26645e7c,SALES_REP,2025-11-27 23:26:05.601026,{}
evt_73faf468,quote_5381019e,QUOTE_REVISED,rep_26645e7c,SALES_REP,2025-11-28 23:26:05.601026,{}
evt_57a4220a,quote_5381019e,REJECTED,rep_26645e7c,SALES_REP,2025-11-29 23:26:05.601026,{}
evt_e577316e,quote_f032df93,QUOTE_CREATED,rep_221b7f39,SALES_REP,2025-12-18 15:10:05.601026,{}
evt_0a46dbad,quote_f032df93,PRODUCT_ADDED,rep_221b7f39,SALES_REP,2025-12-18 15:32:05.601026,{}
evt_64defb30,quote_f032df93,DISCOUNT_APPLIED,rep_221b7f39,SALES_REP,2025-12-18 16:13:05.601026,{}
evt_cbee2808,quote_f032df93,QUOTE_SENT,rep_221b7f39,SALES_REP,2025-12-19 14:13:05.601026,{}
evt_de83e465,quote_f032df93,CUSTOMER_VIEWED,rep_221b7f39,SALES_REP,2025-12-24 14:13:05.601026,{}
evt_44acb125,quote_f032df93,COUNTER_OFFER,rep_221b7f39,SALES_REP,2025-12-25 14:13:05.601026,{}
evt_e330e1dc,quote_f032df93,QUOTE_REVISED,rep_221b7f39,SALES_REP,2025-12-26 14:13:05.601026,{}
evt_a25916aa,quote_f032df93,ORDER_CONFIRMED,rep_221b7f39,SALES_REP,2025-12-30 14:13:05.601026,{}
evt_1d183b7a,quote_31bad0b7,QUOTE_CREATED,rep_f976f2b3,SALES_REP,2026-01-29 03:10:05.601026,{}
evt_242fa71d,quote_31bad0b7,PRODUCT_ADDED,rep_f976f2b3,SALES_REP,2026-01-29 03:52:05.601026,{}
evt_179abc12,quote_31bad0b7,DISCOUNT_APPLIED,rep_f976f2b3,SALES_REP,2026-01-29 04:03:05.601026,{}
evt_10344eab,quote_31bad0b7,QUOTE_SENT,rep_f976f2b3,SALES_REP,2026-01-29 15:03:05.601026,{}
evt_0ff2266f,quote_31bad0b7,CUSTOMER_VIEWED,rep_f976f2b3,SALES_REP,2026-01-31 15:03:05.601026,{}
evt_8335f2c0,quote_31bad0b7,COUNTER_OFFER,rep_f976f2b3,SALES_REP,2026-02-02 15:03:05.601026,{}
evt_7b72062e,quote_31bad0b7,QUOTE_REVISED,rep_f976f2b3,SALES_REP,2026-02-04 15:03:05.601026,{}
evt_584a28f9,quote_31bad0b7,ORDER_CONFIRMED,rep_f976f2b3,SALES_REP,2026-02-08 15:03:05.601026,{}
evt_b15f029e,quote_85978745,QUOTE_CREATED,rep_d5902688,SALES_REP,2026-04-24 16:10:05.601026,{}
evt_f513709b,quote_85978745,PRODUCT_ADDED,rep_d5902688,SALES_REP,2026-04-24 16:28:05.601026,{}
evt_4d00fe67,quote_85978745,DISCOUNT_APPLIED,rep_d5902688,SALES_REP,2026-04-24 17:28:05.601026,{}
evt_14b7dbb6,quote_85978745,QUOTE_SENT,rep_d5902688,SALES_REP,2026-04-24 19:28:05.601026,{}
evt_9098583c,quote_85978745,CUSTOMER_VIEWED,rep_d5902688,SALES_REP,2026-04-27 19:28:05.601026,{}
evt_17effd31,quote_85978745,ORDER_CONFIRMED,rep_d5902688,SALES_REP,2026-04-28 19:28:05.601026,{}
evt_cc75d730,quote_111337f3,QUOTE_CREATED,rep_e08a1589,SALES_REP,2025-12-05 13:10:05.601026,{}
evt_c5fe071b,quote_111337f3,PRODUCT_ADDED,rep_e08a1589,SALES_REP,2025-12-05 13:34:05.601026,{}
evt_967d1f2a,quote_111337f3,DISCOUNT_APPLIED,rep_e08a1589,SALES_REP,2025-12-05 14:10:05.601026,{}
evt_ffde2e0d,quote_111337f3,QUOTE_SENT,rep_e08a1589,SALES_REP,2025-12-06 04:10:05.601026,{}
evt_3c10bc1a,quote_111337f3,CUSTOMER_VIEWED,rep_e08a1589,SALES_REP,2025-12-09 04:10:05.601026,{}
evt_b88b49b4,quote_111337f3,REJECTED,rep_e08a1589,SALES_REP,2025-12-14 04:10:05.601026,{}
evt_8093064c,quote_d461485d,QUOTE_CREATED,rep_b548fdfc,SALES_REP,2026-08-11 09:10:05.601026,{}
evt_56cc460d,quote_d461485d,PRODUCT_ADDED,rep_b548fdfc,SALES_REP,2026-08-11 09:38:05.601026,{}
evt_b54cd506,quote_d461485d,DISCOUNT_APPLIED,rep_b548fdfc,SALES_REP,2026-08-11 10:22:05.601026,{}
evt_f99d363b,quote_d461485d,QUOTE_SENT,rep_b548fdfc,SALES_REP,2026-08-11 16:22:05.601026,{}
evt_3be68f58,quote_d461485d,CUSTOMER_VIEWED,rep_b548fdfc,SALES_REP,2026-08-15 16:22:05.601026,{}
evt_cc3141f9,quote_d461485d,REJECTED,rep_b548fdfc,SALES_REP,2026-08-16 16:22:05.601026,{}
evt_b8c1158a,quote_abb386ac,QUOTE_CREATED,rep_76071164,SALES_REP,2026-02-26 20:10:05.601026,{}
evt_d3b0313a,quote_abb386ac,PRODUCT_ADDED,rep_76071164,SALES_REP,2026-02-26 20:46:05.601026,{}
evt_716df151,quote_abb386ac,DISCOUNT_APPLIED,rep_76071164,SALES_REP,2026-02-26 21:24:05.601026,{}
evt_3d651941,quote_abb386ac,QUOTE_SENT,rep_76071164,SALES_REP,2026-02-27 18:24:05.601026,{}
evt_e8bc4646,quote_abb386ac,CUSTOMER_VIEWED,rep_76071164,SALES_REP,2026-03-04 18:24:05.601026,{}
evt_25f4a1bc,quote_abb386ac,COUNTER_OFFER,rep_76071164,SALES_REP,2026-03-06 18:24:05.601026,{}
evt_6d95a2f8,quote_abb386ac,QUOTE_REVISED,rep_76071164,SALES_REP,2026-03-08 18:24:05.601026,{}
evt_2fdc28b8,quote_abb386ac,REJECTED,rep_76071164,SALES_REP,2026-03-09 18:24:05.601026,{}
evt_26ffaa07,quote_79e57f43,QUOTE_CREATED,rep_e08a1589,SALES_REP,2025-11-20 10:10:05.601026,{}
evt_3ffc10f1,quote_79e57f43,PRODUCT_ADDED,rep_e08a1589,SALES_REP,2025-11-20 10:21:05.601026,{}
evt_78d6e792,quote_79e57f43,DISCOUNT_APPLIED,rep_e08a1589,SALES_REP,2025-11-20 10:58:05.601026,{}
evt_d662d40b,quote_79e57f43,QUOTE_SENT,rep_e08a1589,SALES_REP,2025-11-21 00:58:05.601026,{}
evt_e60cd10d,quote_79e57f43,CUSTOMER_VIEWED,rep_e08a1589,SALES_REP,2025-11-25 00:58:05.601026,{}
evt_918e96fa,quote_79e57f43,COUNTER_OFFER,rep_e08a1589,SALES_REP,2025-11-28 00:58:05.601026,{}
evt_b400b944,quote_79e57f43,QUOTE_REVISED,rep_e08a1589,SALES_REP,2025-11-30 00:58:05.601026,{}
evt_0e3fb651,quote_a52dc623,QUOTE_CREATED,rep_d5902688,SALES_REP,2025-10-16 22:10:05.601026,{}
evt_9a529eec,quote_a52dc623,PRODUCT_ADDED,rep_d5902688,SALES_REP,2025-10-16 22:43:05.601026,{}
evt_45e64387,quote_a52dc623,DISCOUNT_APPLIED,rep_d5902688,SALES_REP,2025-10-16 23:27:05.601026,{}
evt_d4a202d4,quote_a52dc623,QUOTE_SENT,rep_d5902688,SALES_REP,2025-10-17 08:27:05.601026,{}
evt_facb72a3,quote_a52dc623,CUSTOMER_VIEWED,rep_d5902688,SALES_REP,2025-10-20 08:27:05.601026,{}
evt_bd592ee3,quote_a52dc623,APPROVAL_REQUESTED,rep_d5902688,SALES_REP,2025-10-20 11:27:05.601026,{}
evt_2351d736,quote_a52dc623,APPROVED,rep_d5902688,SALES_REP,2025-10-22 11:27:05.601026,{}
evt_a1f34610,quote_a52dc623,ORDER_CONFIRMED,rep_d5902688,SALES_REP,2025-10-24 11:27:05.601026,{}
evt_c63fcb4d,quote_d5912b10,QUOTE_CREATED,rep_76071164,SALES_REP,2025-09-14 06:10:05.601026,{}
evt_cb6f9814,quote_d5912b10,PRODUCT_ADDED,rep_76071164,SALES_REP,2025-09-14 06:45:05.601026,{}
evt_8988a89a,quote_d5912b10,DISCOUNT_APPLIED,rep_76071164,SALES_REP,2025-09-14 07:19:05.601026,{}
evt_df08cda6,quote_d5912b10,QUOTE_SENT,rep_76071164,SALES_REP,2025-09-15 06:19:05.601026,{}
evt_df7d6b04,quote_d5912b10,CUSTOMER_VIEWED,rep_76071164,SALES_REP,2025-09-19 06:19:05.601026,{}
evt_6bfeba29,quote_8c653cc1,QUOTE_CREATED,rep_71ed5975,SALES_REP,2026-02-08 01:10:05.601026,{}
evt_537a9320,quote_8c653cc1,PRODUCT_ADDED,rep_71ed5975,SALES_REP,2026-02-08 01:16:05.601026,{}
evt_22b4f6b7,quote_8c653cc1,DISCOUNT_APPLIED,rep_71ed5975,SALES_REP,2026-02-08 02:05:05.601026,{}
evt_5946b8bb,quote_8c653cc1,QUOTE_SENT,rep_71ed5975,SALES_REP,2026-02-08 09:05:05.601026,{}
evt_3e742465,quote_8c653cc1,CUSTOMER_VIEWED,rep_71ed5975,SALES_REP,2026-02-09 09:05:05.601026,{}
evt_28ab1917,quote_8c653cc1,COUNTER_OFFER,rep_71ed5975,SALES_REP,2026-02-12 09:05:05.601026,{}
evt_b4eedec3,quote_8c653cc1,QUOTE_REVISED,rep_71ed5975,SALES_REP,2026-02-13 09:05:05.601026,{}
evt_c70909e4,quote_8c653cc1,REJECTED,rep_71ed5975,SALES_REP,2026-02-19 09:05:05.601026,{}
evt_f1debfea,quote_be0fa530,QUOTE_CREATED,rep_03d99ec4,SALES_REP,2026-07-22 23:10:05.601026,{}
evt_fa93d73a,quote_be0fa530,PRODUCT_ADDED,rep_03d99ec4,SALES_REP,2026-07-22 23:46:05.601026,{}
evt_ad64a3f7,quote_be0fa530,DISCOUNT_APPLIED,rep_03d99ec4,SALES_REP,2026-07-23 00:21:05.601026,{}
evt_f7c53615,quote_be0fa530,QUOTE_SENT,rep_03d99ec4,SALES_REP,2026-07-23 01:21:05.601026,{}
evt_d8b584dd,quote_be0fa530,CUSTOMER_VIEWED,rep_03d99ec4,SALES_REP,2026-07-27 01:21:05.601026,{}
evt_a085c35b,quote_be0fa530,ORDER_CONFIRMED,rep_03d99ec4,SALES_REP,2026-07-29 01:21:05.601026,{}
evt_ddef9aef,quote_5dc60930,QUOTE_CREATED,rep_f976f2b3,SALES_REP,2025-10-28 02:10:05.601026,{}
evt_bf73b6ab,quote_5dc60930,PRODUCT_ADDED,rep_f976f2b3,SALES_REP,2025-10-28 02:46:05.601026,{}
evt_e3ec9c59,quote_5dc60930,DISCOUNT_APPLIED,rep_f976f2b3,SALES_REP,2025-10-28 03:38:05.601026,{}
evt_c61b3a4e,quote_5dc60930,QUOTE_SENT,rep_f976f2b3,SALES_REP,2025-10-28 22:38:05.601026,{}
evt_e739d474,quote_5dc60930,CUSTOMER_VIEWED,rep_f976f2b3,SALES_REP,2025-11-02 22:38:05.601026,{}
evt_ebac538d,quote_5dc60930,REJECTED,rep_f976f2b3,SALES_REP,2025-11-05 22:38:05.601026,{}
evt_b1a56c6a,quote_9a052952,QUOTE_CREATED,rep_71ed5975,SALES_REP,2026-03-28 21:10:05.601026,{}
evt_06a4ac0c,quote_9a052952,PRODUCT_ADDED,rep_71ed5975,SALES_REP,2026-03-28 21:58:05.601026,{}
evt_1adc941e,quote_9a052952,DISCOUNT_APPLIED,rep_71ed5975,SALES_REP,2026-03-28 22:55:05.601026,{}
evt_223c6fea,quote_9a052952,QUOTE_SENT,rep_71ed5975,SALES_REP,2026-03-29 14:55:05.601026,{}
evt_3696c366,quote_9a052952,CUSTOMER_VIEWED,rep_71ed5975,SALES_REP,2026-03-31 14:55:05.601026,{}
evt_7b2ae821,quote_8274b496,QUOTE_CREATED,rep_03d99ec4,SALES_REP,2026-06-27 16:10:05.601026,{}
evt_b8733913,quote_8274b496,PRODUCT_ADDED,rep_03d99ec4,SALES_REP,2026-06-27 16:45:05.601026,{}
evt_fa5738f9,quote_8274b496,DISCOUNT_APPLIED,rep_03d99ec4,SALES_REP,2026-06-27 16:57:05.601026,{}
evt_e3cf8bac,quote_8274b496,QUOTE_SENT,rep_03d99ec4,SALES_REP,2026-06-28 08:57:05.601026,{}
evt_ed6ee472,quote_8274b496,CUSTOMER_VIEWED,rep_03d99ec4,SALES_REP,2026-07-03 08:57:05.601026,{}
evt_e79040a5,quote_8274b496,REJECTED,rep_03d99ec4,SALES_REP,2026-07-06 08:57:05.601026,{}
evt_78871dfe,quote_f2a42e29,QUOTE_CREATED,rep_03d99ec4,SALES_REP,2025-09-15 11:10:05.601026,{}
evt_d47468e0,quote_f2a42e29,PRODUCT_ADDED,rep_03d99ec4,SALES_REP,2025-09-15 11:43:05.601026,{}
evt_95b65587,quote_f2a42e29,DISCOUNT_APPLIED,rep_03d99ec4,SALES_REP,2025-09-15 12:02:05.601026,{}
evt_e70dcab1,quote_f2a42e29,QUOTE_SENT,rep_03d99ec4,SALES_REP,2025-09-16 05:02:05.601026,{}
evt_c6d2efec,quote_f2a42e29,CUSTOMER_VIEWED,rep_03d99ec4,SALES_REP,2025-09-18 05:02:05.601026,{}
evt_f1e42ab0,quote_f2a42e29,ORDER_CONFIRMED,rep_03d99ec4,SALES_REP,2025-09-24 05:02:05.601026,{}
evt_59411037,quote_796467ac,QUOTE_CREATED,rep_e08a1589,SALES_REP,2026-03-23 19:10:05.601026,{}
evt_39560063,quote_796467ac,PRODUCT_ADDED,rep_e08a1589,SALES_REP,2026-03-23 19:28:05.601026,{}
evt_febd0d07,quote_796467ac,DISCOUNT_APPLIED,rep_e08a1589,SALES_REP,2026-03-23 19:51:05.601026,{}
evt_23ecdb60,quote_796467ac,QUOTE_SENT,rep_e08a1589,SALES_REP,2026-03-24 18:51:05.601026,{}
evt_44b7a1a3,quote_796467ac,CUSTOMER_VIEWED,rep_e08a1589,SALES_REP,2026-03-25 18:51:05.601026,{}
evt_127b85c0,quote_796467ac,ORDER_CONFIRMED,rep_e08a1589,SALES_REP,2026-03-27 18:51:05.601026,{}
evt_769e2ae1,quote_bc69f4f3,QUOTE_CREATED,rep_71ed5975,SALES_REP,2026-02-07 13:10:05.601026,{}
evt_0ebd7635,quote_bc69f4f3,PRODUCT_ADDED,rep_71ed5975,SALES_REP,2026-02-07 14:06:05.601026,{}
evt_977ebb24,quote_bc69f4f3,DISCOUNT_APPLIED,rep_71ed5975,SALES_REP,2026-02-07 14:15:05.601026,{}
evt_d4e23029,quote_bc69f4f3,QUOTE_SENT,rep_71ed5975,SALES_REP,2026-02-08 01:15:05.601026,{}
evt_ad3511b3,quote_bc69f4f3,CUSTOMER_VIEWED,rep_71ed5975,SALES_REP,2026-02-12 01:15:05.601026,{}
evt_03287ede,quote_bc69f4f3,COUNTER_OFFER,rep_71ed5975,SALES_REP,2026-02-13 01:15:05.601026,{}
evt_ba7fa5bc,quote_bc69f4f3,QUOTE_REVISED,rep_71ed5975,SALES_REP,2026-02-14 01:15:05.601026,{}
evt_48d0e606,quote_bc69f4f3,ORDER_CONFIRMED,rep_71ed5975,SALES_REP,2026-02-19 01:15:05.601026,{}
evt_76dd236f,quote_f0b5f26e,QUOTE_CREATED,rep_f976f2b3,SALES_REP,2026-06-17 14:10:05.601026,{}
evt_4d5f2e47,quote_f0b5f26e,PRODUCT_ADDED,rep_f976f2b3,SALES_REP,2026-06-17 14:57:05.601026,{}
evt_fa71f7a6,quote_f0b5f26e,DISCOUNT_APPLIED,rep_f976f2b3,SALES_REP,2026-06-17 15:08:05.601026,{}
evt_cb467a88,quote_f0b5f26e,QUOTE_SENT,rep_f976f2b3,SALES_REP,2026-06-18 14:08:05.601026,{}
evt_b2e712c0,quote_f0b5f26e,CUSTOMER_VIEWED,rep_f976f2b3,SALES_REP,2026-06-19 14:08:05.601026,{}
evt_6d73c0ec,quote_7de6c1a0,QUOTE_CREATED,rep_221b7f39,SALES_REP,2025-10-30 01:10:05.601026,{}
evt_fb232311,quote_7de6c1a0,PRODUCT_ADDED,rep_221b7f39,SALES_REP,2025-10-30 01:38:05.601026,{}
evt_8e645c69,quote_7de6c1a0,DISCOUNT_APPLIED,rep_221b7f39,SALES_REP,2025-10-30 01:53:05.601026,{}
evt_2209bd1a,quote_7de6c1a0,QUOTE_SENT,rep_221b7f39,SALES_REP,2025-10-31 01:53:05.601026,{}
evt_045a6c2a,quote_7de6c1a0,CUSTOMER_VIEWED,rep_221b7f39,SALES_REP,2025-11-03 01:53:05.601026,{}
evt_b93b1e50,quote_7de6c1a0,ORDER_CONFIRMED,rep_221b7f39,SALES_REP,2025-11-10 01:53:05.601026,{}
evt_63bdba4d,quote_3c20acc6,QUOTE_CREATED,rep_221b7f39,SALES_REP,2025-12-17 20:10:05.601026,{}
evt_8539e5f9,quote_3c20acc6,PRODUCT_ADDED,rep_221b7f39,SALES_REP,2025-12-17 21:08:05.601026,{}
evt_5ef8c648,quote_3c20acc6,DISCOUNT_APPLIED,rep_221b7f39,SALES_REP,2025-12-17 22:04:05.601026,{}
evt_0ae1a0ed,quote_3c20acc6,QUOTE_SENT,rep_221b7f39,SALES_REP,2025-12-18 14:04:05.601026,{}
evt_51be6ce0,quote_3c20acc6,CUSTOMER_VIEWED,rep_221b7f39,SALES_REP,2025-12-21 14:04:05.601026,{}
evt_d5a5636a,quote_3c20acc6,COUNTER_OFFER,rep_221b7f39,SALES_REP,2025-12-22 14:04:05.601026,{}
evt_b825b8d9,quote_3c20acc6,QUOTE_REVISED,rep_221b7f39,SALES_REP,2025-12-23 14:04:05.601026,{}
evt_3594f064,quote_3c20acc6,ORDER_CONFIRMED,rep_221b7f39,SALES_REP,2025-12-26 14:04:05.601026,{}
evt_f5d287eb,quote_2c92ef8d,QUOTE_CREATED,rep_76071164,SALES_REP,2026-04-08 13:10:05.601026,{}
evt_78a2ae53,quote_2c92ef8d,PRODUCT_ADDED,rep_76071164,SALES_REP,2026-04-08 13:41:05.601026,{}
evt_4243e4dc,quote_2c92ef8d,DISCOUNT_APPLIED,rep_76071164,SALES_REP,2026-04-08 14:15:05.601026,{}
evt_30deaece,quote_2c92ef8d,QUOTE_SENT,rep_76071164,SALES_REP,2026-04-09 07:15:05.601026,{}
evt_3dd3ae39,quote_2c92ef8d,CUSTOMER_VIEWED,rep_76071164,SALES_REP,2026-04-12 07:15:05.601026,{}
evt_6b3a45f1,quote_2c92ef8d,REJECTED,rep_76071164,SALES_REP,2026-04-16 07:15:05.601026,{}
evt_5b9b1bf2,quote_30e04d03,QUOTE_CREATED,rep_f976f2b3,SALES_REP,2026-05-27 08:10:05.601026,{}
evt_7879e32a,quote_30e04d03,PRODUCT_ADDED,rep_f976f2b3,SALES_REP,2026-05-27 08:25:05.601026,{}
evt_79b2208b,quote_30e04d03,DISCOUNT_APPLIED,rep_f976f2b3,SALES_REP,2026-05-27 08:57:05.601026,{}
evt_23440992,quote_30e04d03,QUOTE_SENT,rep_f976f2b3,SALES_REP,2026-05-27 10:57:05.601026,{}
evt_b13f351e,quote_30e04d03,CUSTOMER_VIEWED,rep_f976f2b3,SALES_REP,2026-05-31 10:57:05.601026,{}
evt_cd2ee3f0,quote_30e04d03,ORDER_CONFIRMED,rep_f976f2b3,SALES_REP,2026-06-06 10:57:05.601026,{}
evt_ab49fca5,quote_7121056b,QUOTE_CREATED,rep_03d99ec4,SALES_REP,2026-03-30 03:10:05.601026,{}
evt_a0deb2b1,quote_7121056b,PRODUCT_ADDED,rep_03d99ec4,SALES_REP,2026-03-30 03:24:05.601026,{}
evt_2b35dca0,quote_7121056b,DISCOUNT_APPLIED,rep_03d99ec4,SALES_REP,2026-03-30 04:13:05.601026,{}
evt_781e031b,quote_7121056b,QUOTE_SENT,rep_03d99ec4,SALES_REP,2026-03-30 17:13:05.601026,{}
evt_32ac2756,quote_7121056b,CUSTOMER_VIEWED,rep_03d99ec4,SALES_REP,2026-04-03 17:13:05.601026,{}
evt_01f8a2d0,quote_7121056b,ORDER_CONFIRMED,rep_03d99ec4,SALES_REP,2026-04-08 17:13:05.601026,{}
evt_c553ee94,quote_157fac2d,QUOTE_CREATED,rep_26645e7c,SALES_REP,2026-02-06 08:10:05.601026,{}
evt_6cffecba,quote_157fac2d,PRODUCT_ADDED,rep_26645e7c,SALES_REP,2026-02-06 09:01:05.601026,{}
evt_a01ed841,quote_157fac2d,DISCOUNT_APPLIED,rep_26645e7c,SALES_REP,2026-02-06 09:53:05.601026,{}
evt_612a50b3,quote_157fac2d,QUOTE_SENT,rep_26645e7c,SALES_REP,2026-02-06 14:53:05.601026,{}
evt_2c88742f,quote_157fac2d,CUSTOMER_VIEWED,rep_26645e7c,SALES_REP,2026-02-11 14:53:05.601026,{}
evt_25f6253c,quote_157fac2d,ORDER_CONFIRMED,rep_26645e7c,SALES_REP,2026-02-14 14:53:05.601026,{}
evt_3964a46c,quote_cbff89d9,QUOTE_CREATED,rep_4fd63151,SALES_REP,2025-09-16 06:10:05.601026,{}
evt_e8f83bda,quote_cbff89d9,PRODUCT_ADDED,rep_4fd63151,SALES_REP,2025-09-16 06:30:05.601026,{}
evt_ba3ab6ca,quote_cbff89d9,DISCOUNT_APPLIED,rep_4fd63151,SALES_REP,2025-09-16 07:28:05.601026,{}
evt_fc15f597,quote_cbff89d9,QUOTE_SENT,rep_4fd63151,SALES_REP,2025-09-16 17:28:05.601026,{}
evt_fdc64b7d,quote_cbff89d9,CUSTOMER_VIEWED,rep_4fd63151,SALES_REP,2025-09-20 17:28:05.601026,{}
evt_6d589a41,quote_cbff89d9,ORDER_CONFIRMED,rep_4fd63151,SALES_REP,2025-09-21 17:28:05.601026,{}
evt_044237eb,quote_c207012e,QUOTE_CREATED,rep_f976f2b3,SALES_REP,2026-08-04 09:10:05.601026,{}
evt_8aee4cbc,quote_c207012e,PRODUCT_ADDED,rep_f976f2b3,SALES_REP,2026-08-04 09:36:05.601026,{}
evt_f0ae4c57,quote_c207012e,DISCOUNT_APPLIED,rep_f976f2b3,SALES_REP,2026-08-04 09:56:05.601026,{}
evt_e2283922,quote_c207012e,QUOTE_SENT,rep_f976f2b3,SALES_REP,2026-08-05 09:56:05.601026,{}
evt_5d1b99c2,quote_c207012e,CUSTOMER_VIEWED,rep_f976f2b3,SALES_REP,2026-08-10 09:56:05.601026,{}
evt_7d567b22,quote_d235e579,QUOTE_CREATED,rep_76071164,SALES_REP,2026-07-06 13:10:05.601026,{}
evt_859e06a6,quote_d235e579,PRODUCT_ADDED,rep_76071164,SALES_REP,2026-07-06 13:27:05.601026,{}
evt_70c44545,quote_d235e579,DISCOUNT_APPLIED,rep_76071164,SALES_REP,2026-07-06 14:24:05.601026,{}
evt_891dc61b,quote_d235e579,QUOTE_SENT,rep_76071164,SALES_REP,2026-07-07 02:24:05.601026,{}
evt_cea0fc90,quote_d235e579,CUSTOMER_VIEWED,rep_76071164,SALES_REP,2026-07-11 02:24:05.601026,{}
evt_832fe148,quote_d235e579,COUNTER_OFFER,rep_76071164,SALES_REP,2026-07-14 02:24:05.601026,{}
evt_f6538c69,quote_d235e579,QUOTE_REVISED,rep_76071164,SALES_REP,2026-07-16 02:24:05.601026,{}
evt_8d6f6dae,quote_d235e579,ORDER_CONFIRMED,rep_76071164,SALES_REP,2026-07-23 02:24:05.601026,{}
evt_a2332752,quote_e2628d6b,QUOTE_CREATED,rep_26645e7c,SALES_REP,2026-04-21 08:10:05.601026,{}
evt_bed3c6ca,quote_e2628d6b,PRODUCT_ADDED,rep_26645e7c,SALES_REP,2026-04-21 08:50:05.601026,{}
evt_95dd7c51,quote_e2628d6b,DISCOUNT_APPLIED,rep_26645e7c,SALES_REP,2026-04-21 09:28:05.601026,{}
evt_2aa70647,quote_e2628d6b,QUOTE_SENT,rep_26645e7c,SALES_REP,2026-04-21 22:28:05.601026,{}
evt_f093b51b,quote_e2628d6b,CUSTOMER_VIEWED,rep_26645e7c,SALES_REP,2026-04-24 22:28:05.601026,{}
evt_65dd11f1,quote_e2628d6b,ORDER_CONFIRMED,rep_26645e7c,SALES_REP,2026-04-30 22:28:05.601026,{}
evt_90d29cb0,quote_2920e374,QUOTE_CREATED,rep_4fd63151,SALES_REP,2026-05-21 10:10:05.601026,{}
evt_b444c841,quote_2920e374,PRODUCT_ADDED,rep_4fd63151,SALES_REP,2026-05-21 10:28:05.601026,{}
evt_22556150,quote_2920e374,DISCOUNT_APPLIED,rep_4fd63151,SALES_REP,2026-05-21 11:02:05.601026,{}
evt_a59f2efc,quote_2920e374,QUOTE_SENT,rep_4fd63151,SALES_REP,2026-05-22 03:02:05.601026,{}
evt_2c6f9f58,quote_2920e374,CUSTOMER_VIEWED,rep_4fd63151,SALES_REP,2026-05-23 03:02:05.601026,{}
evt_a8d38539,quote_bbe423d8,QUOTE_CREATED,rep_221b7f39,SALES_REP,2026-07-10 19:10:05.601026,{}
evt_7af2d5a9,quote_bbe423d8,PRODUCT_ADDED,rep_221b7f39,SALES_REP,2026-07-10 19:33:05.601026,{}
evt_848e39a8,quote_bbe423d8,DISCOUNT_APPLIED,rep_221b7f39,SALES_REP,2026-07-10 20:09:05.601026,{}
evt_e03ce4ab,quote_bbe423d8,QUOTE_SENT,rep_221b7f39,SALES_REP,2026-07-10 21:09:05.601026,{}
evt_5fd8f838,quote_bbe423d8,CUSTOMER_VIEWED,rep_221b7f39,SALES_REP,2026-07-12 21:09:05.601026,{}
evt_3ac4054f,quote_bbe423d8,COUNTER_OFFER,rep_221b7f39,SALES_REP,2026-07-15 21:09:05.601026,{}
evt_61076237,quote_bbe423d8,QUOTE_REVISED,rep_221b7f39,SALES_REP,2026-07-17 21:09:05.601026,{}
evt_94ad59b6,quote_bbe423d8,ORDER_CONFIRMED,rep_221b7f39,SALES_REP,2026-07-18 21:09:05.601026,{}
evt_fb39a135,quote_d51f3ff8,QUOTE_CREATED,rep_221b7f39,SALES_REP,2026-06-12 17:10:05.601026,{}
evt_2ccf9db9,quote_d51f3ff8,PRODUCT_ADDED,rep_221b7f39,SALES_REP,2026-06-12 17:45:05.601026,{}
evt_c3fcdca7,quote_d51f3ff8,DISCOUNT_APPLIED,rep_221b7f39,SALES_REP,2026-06-12 18:43:05.601026,{}
evt_1d654070,quote_d51f3ff8,QUOTE_SENT,rep_221b7f39,SALES_REP,2026-06-13 18:43:05.601026,{}
evt_a95b76fc,quote_d51f3ff8,CUSTOMER_VIEWED,rep_221b7f39,SALES_REP,2026-06-18 18:43:05.601026,{}
evt_e7a91bdc,quote_d51f3ff8,COUNTER_OFFER,rep_221b7f39,SALES_REP,2026-06-19 18:43:05.601026,{}
evt_42e44e5f,quote_d51f3ff8,QUOTE_REVISED,rep_221b7f39,SALES_REP,2026-06-21 18:43:05.601026,{}
evt_d3516085,quote_d51f3ff8,ORDER_CONFIRMED,rep_221b7f39,SALES_REP,2026-06-28 18:43:05.601026,{}
evt_b5e1df28,quote_b55d8955,QUOTE_CREATED,rep_d5902688,SALES_REP,2026-08-12 01:10:05.601026,{}
evt_1229cdc0,quote_b55d8955,PRODUCT_ADDED,rep_d5902688,SALES_REP,2026-08-12 01:49:05.601026,{}
evt_91040982,quote_b55d8955,DISCOUNT_APPLIED,rep_d5902688,SALES_REP,2026-08-12 01:56:05.601026,{}
evt_c0131dc7,quote_b55d8955,QUOTE_SENT,rep_d5902688,SALES_REP,2026-08-12 23:56:05.601026,{}
evt_d1acf292,quote_b55d8955,CUSTOMER_VIEWED,rep_d5902688,SALES_REP,2026-08-16 23:56:05.601026,{}
evt_ff588f94,quote_b55d8955,ORDER_CONFIRMED,rep_d5902688,SALES_REP,2026-08-22 23:56:05.601026,{}
evt_3ff28d2d,quote_28bfa5be,QUOTE_CREATED,rep_221b7f39,SALES_REP,2026-07-31 23:10:05.601026,{}
evt_5075caca,quote_28bfa5be,PRODUCT_ADDED,rep_221b7f39,SALES_REP,2026-07-31 23:16:05.601026,{}
evt_a5bc3040,quote_28bfa5be,DISCOUNT_APPLIED,rep_221b7f39,SALES_REP,2026-07-31 23:28:05.601026,{}
evt_a8735844,quote_28bfa5be,QUOTE_SENT,rep_221b7f39,SALES_REP,2026-08-01 21:28:05.601026,{}
evt_eeccba71,quote_28bfa5be,CUSTOMER_VIEWED,rep_221b7f39,SALES_REP,2026-08-06 21:28:05.601026,{}
evt_59f69b0c,quote_28bfa5be,COUNTER_OFFER,rep_221b7f39,SALES_REP,2026-08-07 21:28:05.601026,{}
evt_d5533028,quote_28bfa5be,QUOTE_REVISED,rep_221b7f39,SALES_REP,2026-08-09 21:28:05.601026,{}
evt_ee9fbbf0,quote_28bfa5be,ORDER_CONFIRMED,rep_221b7f39,SALES_REP,2026-08-16 21:28:05.601026,{}
evt_71361754,quote_a330c5e1,QUOTE_CREATED,rep_76071164,SALES_REP,2026-07-12 16:10:05.601026,{}
evt_f9b730d7,quote_a330c5e1,PRODUCT_ADDED,rep_76071164,SALES_REP,2026-07-12 16:48:05.601026,{}
evt_7f0a96b2,quote_a330c5e1,DISCOUNT_APPLIED,rep_76071164,SALES_REP,2026-07-12 17:13:05.601026,{}
evt_8d3d82d1,quote_a330c5e1,QUOTE_SENT,rep_76071164,SALES_REP,2026-07-13 06:13:05.601026,{}
evt_d3186558,quote_a330c5e1,CUSTOMER_VIEWED,rep_76071164,SALES_REP,2026-07-16 06:13:05.601026,{}
evt_47af050e,quote_a330c5e1,COUNTER_OFFER,rep_76071164,SALES_REP,2026-07-17 06:13:05.601026,{}
evt_e26ef48a,quote_a330c5e1,QUOTE_REVISED,rep_76071164,SALES_REP,2026-07-18 06:13:05.601026,{}
evt_5d846b8b,quote_a330c5e1,REJECTED,rep_76071164,SALES_REP,2026-07-21 06:13:05.601026,{}
evt_71c89806,quote_9060e342,QUOTE_CREATED,rep_4fd63151,SALES_REP,2026-01-13 08:10:05.601026,{}
evt_d569e500,quote_9060e342,PRODUCT_ADDED,rep_4fd63151,SALES_REP,2026-01-13 08:54:05.601026,{}
evt_a4c27625,quote_9060e342,DISCOUNT_APPLIED,rep_4fd63151,SALES_REP,2026-01-13 09:19:05.601026,{}
evt_b50ef161,quote_9060e342,QUOTE_SENT,rep_4fd63151,SALES_REP,2026-01-13 15:19:05.601026,{}
evt_7cf02eea,quote_9060e342,CUSTOMER_VIEWED,rep_4fd63151,SALES_REP,2026-01-14 15:19:05.601026,{}
evt_db58b425,quote_9060e342,REJECTED,rep_4fd63151,SALES_REP,2026-01-17 15:19:05.601026,{}
evt_92fb0e18,quote_e6617b5b,QUOTE_CREATED,rep_221b7f39,SALES_REP,2026-02-15 10:10:05.601026,{}
evt_7e525d7b,quote_e6617b5b,PRODUCT_ADDED,rep_221b7f39,SALES_REP,2026-02-15 11:07:05.601026,{}
evt_c18b47d3,quote_e6617b5b,DISCOUNT_APPLIED,rep_221b7f39,SALES_REP,2026-02-15 11:19:05.601026,{}
evt_59a97259,quote_e6617b5b,QUOTE_SENT,rep_221b7f39,SALES_REP,2026-02-15 13:19:05.601026,{}
evt_156c9dcd,quote_e6617b5b,CUSTOMER_VIEWED,rep_221b7f39,SALES_REP,2026-02-17 13:19:05.601026,{}
evt_ad620124,quote_e6617b5b,COUNTER_OFFER,rep_221b7f39,SALES_REP,2026-02-20 13:19:05.601026,{}
evt_f5160656,quote_e6617b5b,QUOTE_REVISED,rep_221b7f39,SALES_REP,2026-02-21 13:19:05.601026,{}
evt_6929d994,quote_17685702,QUOTE_CREATED,rep_76071164,SALES_REP,2026-03-21 09:10:05.601026,{}
evt_6fcba03a,quote_17685702,PRODUCT_ADDED,rep_76071164,SALES_REP,2026-03-21 09:41:05.601026,{}
evt_df158204,quote_17685702,DISCOUNT_APPLIED,rep_76071164,SALES_REP,2026-03-21 09:50:05.601026,{}
evt_cd1e740c,quote_17685702,QUOTE_SENT,rep_76071164,SALES_REP,2026-03-22 01:50:05.601026,{}
evt_c516c582,quote_17685702,CUSTOMER_VIEWED,rep_76071164,SALES_REP,2026-03-23 01:50:05.601026,{}
evt_57fa160c,quote_17685702,ORDER_CONFIRMED,rep_76071164,SALES_REP,2026-03-25 01:50:05.601026,{}
evt_de855999,quote_1393c28f,QUOTE_CREATED,rep_76071164,SALES_REP,2026-08-04 10:10:05.601026,{}
evt_66b8b8c8,quote_1393c28f,PRODUCT_ADDED,rep_76071164,SALES_REP,2026-08-04 11:09:05.601026,{}
evt_5f7aae20,quote_1393c28f,DISCOUNT_APPLIED,rep_76071164,SALES_REP,2026-08-04 11:54:05.601026,{}
evt_8c6dcb4c,quote_1393c28f,QUOTE_SENT,rep_76071164,SALES_REP,2026-08-05 04:54:05.601026,{}
evt_4a146fb8,quote_1393c28f,CUSTOMER_VIEWED,rep_76071164,SALES_REP,2026-08-07 04:54:05.601026,{}
evt_b9ff504e,quote_1393c28f,ORDER_CONFIRMED,rep_76071164,SALES_REP,2026-08-09 04:54:05.601026,{}
evt_4e930ccc,quote_4aae1aa5,QUOTE_CREATED,rep_71ed5975,SALES_REP,2025-09-26 06:10:05.601026,{}
evt_19822d2c,quote_4aae1aa5,PRODUCT_ADDED,rep_71ed5975,SALES_REP,2025-09-26 06:58:05.601026,{}
evt_22d7c15f,quote_4aae1aa5,DISCOUNT_APPLIED,rep_71ed5975,SALES_REP,2025-09-26 07:27:05.601026,{}
evt_a21a7ad9,quote_4aae1aa5,QUOTE_SENT,rep_71ed5975,SALES_REP,2025-09-26 19:27:05.601026,{}
evt_5ba4d262,quote_4aae1aa5,CUSTOMER_VIEWED,rep_71ed5975,SALES_REP,2025-09-28 19:27:05.601026,{}
evt_6689965a,quote_4aae1aa5,ORDER_CONFIRMED,rep_71ed5975,SALES_REP,2025-10-03 19:27:05.601026,{}
evt_cf00cd16,quote_e26b2ebc,QUOTE_CREATED,rep_221b7f39,SALES_REP,2026-03-27 04:10:05.601026,{}
evt_aaa296fd,quote_e26b2ebc,PRODUCT_ADDED,rep_221b7f39,SALES_REP,2026-03-27 04:42:05.601026,{}
evt_27a4b034,quote_e26b2ebc,DISCOUNT_APPLIED,rep_221b7f39,SALES_REP,2026-03-27 05:00:05.601026,{}
evt_786a8c13,quote_e26b2ebc,QUOTE_SENT,rep_221b7f39,SALES_REP,2026-03-28 01:00:05.601026,{}
evt_21bda2ea,quote_e26b2ebc,CUSTOMER_VIEWED,rep_221b7f39,SALES_REP,2026-04-02 01:00:05.601026,{}
evt_0070051d,quote_e26b2ebc,ORDER_CONFIRMED,rep_221b7f39,SALES_REP,2026-04-05 01:00:05.601026,{}
evt_51f5b0de,quote_dc1e2191,QUOTE_CREATED,rep_26645e7c,SALES_REP,2026-08-10 16:10:05.601026,{}
evt_461f64db,quote_dc1e2191,PRODUCT_ADDED,rep_26645e7c,SALES_REP,2026-08-10 16:26:05.601026,{}
evt_579e4ac6,quote_dc1e2191,DISCOUNT_APPLIED,rep_26645e7c,SALES_REP,2026-08-10 16:57:05.601026,{}
evt_a76286ba,quote_dc1e2191,QUOTE_SENT,rep_26645e7c,SALES_REP,2026-08-11 10:57:05.601026,{}
evt_015af53c,quote_dc1e2191,CUSTOMER_VIEWED,rep_26645e7c,SALES_REP,2026-08-15 10:57:05.601026,{}
evt_1b1317bf,quote_dc1e2191,ORDER_CONFIRMED,rep_26645e7c,SALES_REP,2026-08-20 10:57:05.601026,{}
evt_9eb1013c,quote_70280f77,QUOTE_CREATED,rep_221b7f39,SALES_REP,2026-03-04 18:10:05.601026,{}
evt_2bc7cf8b,quote_70280f77,PRODUCT_ADDED,rep_221b7f39,SALES_REP,2026-03-04 19:08:05.601026,{}
evt_945f35ac,quote_70280f77,DISCOUNT_APPLIED,rep_221b7f39,SALES_REP,2026-03-04 20:02:05.601026,{}
evt_93741625,quote_70280f77,QUOTE_SENT,rep_221b7f39,SALES_REP,2026-03-05 19:02:05.601026,{}
evt_35f9e646,quote_70280f77,CUSTOMER_VIEWED,rep_221b7f39,SALES_REP,2026-03-06 19:02:05.601026,{}
evt_97a10361,quote_70280f77,COUNTER_OFFER,rep_221b7f39,SALES_REP,2026-03-08 19:02:05.601026,{}
evt_b6c3c885,quote_70280f77,QUOTE_REVISED,rep_221b7f39,SALES_REP,2026-03-09 19:02:05.601026,{}
evt_61f01f4e,quote_70280f77,REJECTED,rep_221b7f39,SALES_REP,2026-03-13 19:02:05.601026,{}
evt_c2e43e57,quote_d499796c,QUOTE_CREATED,rep_26645e7c,SALES_REP,2025-09-15 14:10:05.601026,{}
evt_c1a9ae0f,quote_d499796c,PRODUCT_ADDED,rep_26645e7c,SALES_REP,2025-09-15 14:20:05.601026,{}
evt_fa459c35,quote_d499796c,DISCOUNT_APPLIED,rep_26645e7c,SALES_REP,2025-09-15 15:17:05.601026,{}
evt_ba2e280d,quote_d499796c,QUOTE_SENT,rep_26645e7c,SALES_REP,2025-09-16 11:17:05.601026,{}
evt_cb07fda3,quote_d499796c,CUSTOMER_VIEWED,rep_26645e7c,SALES_REP,2025-09-19 11:17:05.601026,{}
evt_65fc4bcc,quote_d499796c,APPROVAL_REQUESTED,rep_26645e7c,SALES_REP,2025-09-19 15:17:05.601026,{}
evt_f02cd71b,quote_d499796c,APPROVED,rep_26645e7c,SALES_REP,2025-09-19 15:17:05.601026,{}
evt_baa7b299,quote_d499796c,ORDER_CONFIRMED,rep_26645e7c,SALES_REP,2025-09-23 15:17:05.601026,{}
evt_7cac4d8f,quote_24f2356c,QUOTE_CREATED,rep_26645e7c,SALES_REP,2026-07-28 18:10:05.601026,{}
evt_eb586c27,quote_24f2356c,PRODUCT_ADDED,rep_26645e7c,SALES_REP,2026-07-28 18:46:05.601026,{}
evt_b03a78c3,quote_24f2356c,DISCOUNT_APPLIED,rep_26645e7c,SALES_REP,2026-07-28 19:01:05.601026,{}
evt_69a9744c,quote_24f2356c,QUOTE_SENT,rep_26645e7c,SALES_REP,2026-07-29 13:01:05.601026,{}
evt_3a13b576,quote_24f2356c,CUSTOMER_VIEWED,rep_26645e7c,SALES_REP,2026-07-31 13:01:05.601026,{}
evt_ba37689f,quote_24f2356c,REJECTED,rep_26645e7c,SALES_REP,2026-08-05 13:01:05.601026,{}
evt_9de297f2,quote_5eafe724,QUOTE_CREATED,rep_d5902688,SALES_REP,2026-06-21 11:10:05.601026,{}
evt_a7eb7593,quote_5eafe724,PRODUCT_ADDED,rep_d5902688,SALES_REP,2026-06-21 11:31:05.601026,{}
evt_9d8cc6d9,quote_5eafe724,DISCOUNT_APPLIED,rep_d5902688,SALES_REP,2026-06-21 12:12:05.601026,{}
evt_39e3c87d,quote_5eafe724,QUOTE_SENT,rep_d5902688,SALES_REP,2026-06-21 20:12:05.601026,{}
evt_6a82667e,quote_5eafe724,CUSTOMER_VIEWED,rep_d5902688,SALES_REP,2026-06-26 20:12:05.601026,{}
evt_32b837c3,quote_c7d024a1,QUOTE_CREATED,rep_f976f2b3,SALES_REP,2026-08-18 23:10:05.601026,{}
evt_a94863fd,quote_c7d024a1,PRODUCT_ADDED,rep_f976f2b3,SALES_REP,2026-08-18 23:18:05.601026,{}
evt_6fa98ac3,quote_c7d024a1,DISCOUNT_APPLIED,rep_f976f2b3,SALES_REP,2026-08-19 00:17:05.601026,{}
evt_c09e3eb2,quote_c7d024a1,QUOTE_SENT,rep_f976f2b3,SALES_REP,2026-08-19 11:17:05.601026,{}
evt_8fa2759b,quote_c7d024a1,CUSTOMER_VIEWED,rep_f976f2b3,SALES_REP,2026-08-23 11:17:05.601026,{}
evt_a08707b2,quote_c7d024a1,REJECTED,rep_f976f2b3,SALES_REP,2026-08-27 11:17:05.601026,{}
evt_7c074684,quote_ff072c86,QUOTE_CREATED,rep_221b7f39,SALES_REP,2026-08-19 22:10:05.601026,{}
evt_07362337,quote_ff072c86,PRODUCT_ADDED,rep_221b7f39,SALES_REP,2026-08-19 22:41:05.601026,{}
evt_10e8a4d8,quote_ff072c86,DISCOUNT_APPLIED,rep_221b7f39,SALES_REP,2026-08-19 23:20:05.601026,{}
evt_d9d932a6,quote_ff072c86,QUOTE_SENT,rep_221b7f39,SALES_REP,2026-08-20 14:20:05.601026,{}
evt_cf3e6d94,quote_ff072c86,CUSTOMER_VIEWED,rep_221b7f39,SALES_REP,2026-08-23 14:20:05.601026,{}
evt_a318e51d,quote_ff072c86,COUNTER_OFFER,rep_221b7f39,SALES_REP,2026-08-24 14:20:05.601026,{}
evt_2ca945dd,quote_ff072c86,QUOTE_REVISED,rep_221b7f39,SALES_REP,2026-08-26 14:20:05.601026,{}
evt_13630c25,quote_ff072c86,REJECTED,rep_221b7f39,SALES_REP,2026-08-27 14:20:05.601026,{}
evt_148a8a96,quote_c2c812ca,QUOTE_CREATED,rep_f976f2b3,SALES_REP,2025-12-30 04:10:05.601026,{}
evt_ccb3911e,quote_c2c812ca,PRODUCT_ADDED,rep_f976f2b3,SALES_REP,2025-12-30 04:25:05.601026,{}
evt_6cabc2b4,quote_c2c812ca,DISCOUNT_APPLIED,rep_f976f2b3,SALES_REP,2025-12-30 04:51:05.601026,{}
evt_06a17820,quote_c2c812ca,QUOTE_SENT,rep_f976f2b3,SALES_REP,2025-12-30 14:51:05.601026,{}
evt_7cc3c523,quote_c2c812ca,CUSTOMER_VIEWED,rep_f976f2b3,SALES_REP,2025-12-31 14:51:05.601026,{}
evt_49d4d376,quote_c2c812ca,REJECTED,rep_f976f2b3,SALES_REP,2026-01-01 14:51:05.601026,{}
evt_231fa087,quote_dd3189a4,QUOTE_CREATED,rep_71ed5975,SALES_REP,2026-04-14 06:10:05.601026,{}
evt_02074571,quote_dd3189a4,PRODUCT_ADDED,rep_71ed5975,SALES_REP,2026-04-14 06:21:05.601026,{}
evt_57b1379d,quote_dd3189a4,DISCOUNT_APPLIED,rep_71ed5975,SALES_REP,2026-04-14 06:56:05.601026,{}
evt_7c72692a,quote_dd3189a4,QUOTE_SENT,rep_71ed5975,SALES_REP,2026-04-14 14:56:05.601026,{}
evt_f493e286,quote_dd3189a4,CUSTOMER_VIEWED,rep_71ed5975,SALES_REP,2026-04-17 14:56:05.601026,{}
evt_1ab3df84,quote_ed4f739b,QUOTE_CREATED,rep_76071164,SALES_REP,2026-01-04 08:10:05.601026,{}
evt_e494b5db,quote_ed4f739b,PRODUCT_ADDED,rep_76071164,SALES_REP,2026-01-04 08:18:05.601026,{}
evt_63654ba5,quote_ed4f739b,DISCOUNT_APPLIED,rep_76071164,SALES_REP,2026-01-04 08:25:05.601026,{}
evt_511c8211,quote_ed4f739b,QUOTE_SENT,rep_76071164,SALES_REP,2026-01-04 21:25:05.601026,{}
evt_8fcbf2c2,quote_ed4f739b,CUSTOMER_VIEWED,rep_76071164,SALES_REP,2026-01-07 21:25:05.601026,{}
evt_fa9715ee,quote_9814c182,QUOTE_CREATED,rep_4fd63151,SALES_REP,2025-10-06 20:10:05.601026,{}
evt_515a5831,quote_9814c182,PRODUCT_ADDED,rep_4fd63151,SALES_REP,2025-10-06 21:03:05.601026,{}
evt_9991c517,quote_9814c182,DISCOUNT_APPLIED,rep_4fd63151,SALES_REP,2025-10-06 21:34:05.601026,{}
evt_8e002f1c,quote_9814c182,QUOTE_SENT,rep_4fd63151,SALES_REP,2025-10-07 05:34:05.601026,{}
evt_cb34fb6c,quote_9814c182,CUSTOMER_VIEWED,rep_4fd63151,SALES_REP,2025-10-12 05:34:05.601026,{}
evt_faf2fa91,quote_9814c182,ORDER_CONFIRMED,rep_4fd63151,SALES_REP,2025-10-17 05:34:05.601026,{}
evt_8b1d8548,quote_bdb1adbb,QUOTE_CREATED,rep_f976f2b3,SALES_REP,2026-04-25 22:10:05.601026,{}
evt_621f33d4,quote_bdb1adbb,PRODUCT_ADDED,rep_f976f2b3,SALES_REP,2026-04-25 22:15:05.601026,{}
evt_087ff30e,quote_bdb1adbb,DISCOUNT_APPLIED,rep_f976f2b3,SALES_REP,2026-04-25 22:58:05.601026,{}
evt_25091093,quote_bdb1adbb,QUOTE_SENT,rep_f976f2b3,SALES_REP,2026-04-26 21:58:05.601026,{}
evt_df4269f3,quote_bdb1adbb,CUSTOMER_VIEWED,rep_f976f2b3,SALES_REP,2026-04-27 21:58:05.601026,{}
evt_9b36b65b,quote_bdb1adbb,REJECTED,rep_f976f2b3,SALES_REP,2026-05-04 21:58:05.601026,{}
evt_633196a7,quote_3feee5b0,QUOTE_CREATED,rep_d5902688,SALES_REP,2025-11-09 02:10:05.601026,{}
evt_ed2a3b5d,quote_3feee5b0,PRODUCT_ADDED,rep_d5902688,SALES_REP,2025-11-09 03:01:05.601026,{}
evt_7175c5af,quote_3feee5b0,DISCOUNT_APPLIED,rep_d5902688,SALES_REP,2025-11-09 03:45:05.601026,{}
evt_cf7d0b1d,quote_3feee5b0,QUOTE_SENT,rep_d5902688,SALES_REP,2025-11-09 18:45:05.601026,{}
evt_5c1253ba,quote_3feee5b0,CUSTOMER_VIEWED,rep_d5902688,SALES_REP,2025-11-11 18:45:05.601026,{}
evt_a1016925,quote_3feee5b0,COUNTER_OFFER,rep_d5902688,SALES_REP,2025-11-12 18:45:05.601026,{}
evt_a9626824,quote_3feee5b0,QUOTE_REVISED,rep_d5902688,SALES_REP,2025-11-13 18:45:05.601026,{}
evt_d4dc7fb2,quote_3feee5b0,ORDER_CONFIRMED,rep_d5902688,SALES_REP,2025-11-15 18:45:05.601026,{}
evt_1457fcc6,quote_8c23f77e,QUOTE_CREATED,rep_d5902688,SALES_REP,2026-06-09 10:10:05.601026,{}
evt_caf669d9,quote_8c23f77e,PRODUCT_ADDED,rep_d5902688,SALES_REP,2026-06-09 10:18:05.601026,{}
evt_8239d518,quote_8c23f77e,DISCOUNT_APPLIED,rep_d5902688,SALES_REP,2026-06-09 10:38:05.601026,{}
evt_2827e415,quote_8c23f77e,QUOTE_SENT,rep_d5902688,SALES_REP,2026-06-10 03:38:05.601026,{}
evt_64b65afe,quote_8c23f77e,CUSTOMER_VIEWED,rep_d5902688,SALES_REP,2026-06-15 03:38:05.601026,{}
evt_58ffc348,quote_517c758a,QUOTE_CREATED,rep_26645e7c,SALES_REP,2025-12-17 02:10:05.601026,{}
evt_0290e0c2,quote_517c758a,PRODUCT_ADDED,rep_26645e7c,SALES_REP,2025-12-17 02:57:05.601026,{}
evt_e074ef96,quote_517c758a,DISCOUNT_APPLIED,rep_26645e7c,SALES_REP,2025-12-17 03:32:05.601026,{}
evt_636ef75b,quote_517c758a,QUOTE_SENT,rep_26645e7c,SALES_REP,2025-12-18 02:32:05.601026,{}
evt_d56c14eb,quote_517c758a,CUSTOMER_VIEWED,rep_26645e7c,SALES_REP,2025-12-22 02:32:05.601026,{}
evt_c84742cb,quote_c8c752c8,QUOTE_CREATED,rep_d5902688,SALES_REP,2026-02-24 01:10:05.601026,{}
evt_3bd88441,quote_c8c752c8,PRODUCT_ADDED,rep_d5902688,SALES_REP,2026-02-24 01:44:05.601026,{}
evt_3425114f,quote_c8c752c8,DISCOUNT_APPLIED,rep_d5902688,SALES_REP,2026-02-24 02:39:05.601026,{}
evt_e2029613,quote_c8c752c8,QUOTE_SENT,rep_d5902688,SALES_REP,2026-02-24 04:39:05.601026,{}
evt_5ac8629b,quote_c8c752c8,CUSTOMER_VIEWED,rep_d5902688,SALES_REP,2026-02-28 04:39:05.601026,{}
evt_41266b95,quote_c8c752c8,COUNTER_OFFER,rep_d5902688,SALES_REP,2026-03-01 04:39:05.601026,{}
evt_79c9a9d9,quote_c8c752c8,QUOTE_REVISED,rep_d5902688,SALES_REP,2026-03-02 04:39:05.601026,{}
evt_b30ca19b,quote_c8c752c8,ORDER_CONFIRMED,rep_d5902688,SALES_REP,2026-03-08 04:39:05.601026,{}
evt_d7ec64ac,quote_adde2f70,QUOTE_CREATED,rep_b548fdfc,SALES_REP,2026-03-16 12:10:05.601026,{}
evt_63bfd813,quote_adde2f70,PRODUCT_ADDED,rep_b548fdfc,SALES_REP,2026-03-16 12:19:05.601026,{}
evt_94f8a47a,quote_adde2f70,DISCOUNT_APPLIED,rep_b548fdfc,SALES_REP,2026-03-16 12:46:05.601026,{}
evt_c2e32d72,quote_adde2f70,QUOTE_SENT,rep_b548fdfc,SALES_REP,2026-03-16 13:46:05.601026,{}
evt_7eefc9de,quote_adde2f70,CUSTOMER_VIEWED,rep_b548fdfc,SALES_REP,2026-03-21 13:46:05.601026,{}
evt_090143cf,quote_adde2f70,COUNTER_OFFER,rep_b548fdfc,SALES_REP,2026-03-23 13:46:05.601026,{}
evt_f403ab38,quote_adde2f70,QUOTE_REVISED,rep_b548fdfc,SALES_REP,2026-03-25 13:46:05.601026,{}
evt_80cb9017,quote_adde2f70,REJECTED,rep_b548fdfc,SALES_REP,2026-03-27 13:46:05.601026,{}
evt_9121bd35,quote_4f56134e,QUOTE_CREATED,rep_d5902688,SALES_REP,2026-03-08 07:10:05.601026,{}
evt_0f673d4b,quote_4f56134e,PRODUCT_ADDED,rep_d5902688,SALES_REP,2026-03-08 07:26:05.601026,{}
evt_0fa4969e,quote_4f56134e,DISCOUNT_APPLIED,rep_d5902688,SALES_REP,2026-03-08 07:45:05.601026,{}
evt_093234db,quote_4f56134e,QUOTE_SENT,rep_d5902688,SALES_REP,2026-03-08 16:45:05.601026,{}
evt_0e7432f8,quote_4f56134e,CUSTOMER_VIEWED,rep_d5902688,SALES_REP,2026-03-10 16:45:05.601026,{}
evt_dcf044a5,quote_4f56134e,REJECTED,rep_d5902688,SALES_REP,2026-03-15 16:45:05.601026,{}
evt_b12d88c3,quote_d5b0a6b0,QUOTE_CREATED,rep_4fd63151,SALES_REP,2025-12-14 06:10:05.601026,{}
evt_5dcafa87,quote_d5b0a6b0,PRODUCT_ADDED,rep_4fd63151,SALES_REP,2025-12-14 07:08:05.601026,{}
evt_a307f9db,quote_d5b0a6b0,DISCOUNT_APPLIED,rep_4fd63151,SALES_REP,2025-12-14 07:56:05.601026,{}
evt_4f013492,quote_d5b0a6b0,QUOTE_SENT,rep_4fd63151,SALES_REP,2025-12-14 12:56:05.601026,{}
evt_e3696225,quote_d5b0a6b0,CUSTOMER_VIEWED,rep_4fd63151,SALES_REP,2025-12-18 12:56:05.601026,{}
evt_494044c6,quote_390c8793,QUOTE_CREATED,rep_26645e7c,SALES_REP,2026-02-08 20:10:05.601026,{}
evt_7bd6b5c8,quote_390c8793,PRODUCT_ADDED,rep_26645e7c,SALES_REP,2026-02-08 20:42:05.601026,{}
evt_b2ba8b5c,quote_390c8793,DISCOUNT_APPLIED,rep_26645e7c,SALES_REP,2026-02-08 21:32:05.601026,{}
evt_8ec4f6fa,quote_390c8793,QUOTE_SENT,rep_26645e7c,SALES_REP,2026-02-09 00:32:05.601026,{}
evt_b70c8a11,quote_390c8793,CUSTOMER_VIEWED,rep_26645e7c,SALES_REP,2026-02-10 00:32:05.601026,{}
evt_bebf9202,quote_390c8793,COUNTER_OFFER,rep_26645e7c,SALES_REP,2026-02-11 00:32:05.601026,{}
evt_1dfcb55f,quote_390c8793,QUOTE_REVISED,rep_26645e7c,SALES_REP,2026-02-12 00:32:05.601026,{}
evt_2f7e0c09,quote_390c8793,ORDER_CONFIRMED,rep_26645e7c,SALES_REP,2026-02-14 00:32:05.601026,{}
evt_02790c0f,quote_06f964a3,QUOTE_CREATED,rep_d5902688,SALES_REP,2026-07-02 12:10:05.601026,{}
evt_92cdb0df,quote_06f964a3,PRODUCT_ADDED,rep_d5902688,SALES_REP,2026-07-02 12:46:05.601026,{}
evt_b0ece962,quote_06f964a3,DISCOUNT_APPLIED,rep_d5902688,SALES_REP,2026-07-02 13:04:05.601026,{}
evt_0c954bbe,quote_06f964a3,QUOTE_SENT,rep_d5902688,SALES_REP,2026-07-03 13:04:05.601026,{}
evt_f8e0c9ae,quote_06f964a3,CUSTOMER_VIEWED,rep_d5902688,SALES_REP,2026-07-04 13:04:05.601026,{}
evt_c1f1980e,quote_06f964a3,ORDER_CONFIRMED,rep_d5902688,SALES_REP,2026-07-11 13:04:05.601026,{}
evt_692ed5fe,quote_9cb73342,QUOTE_CREATED,rep_76071164,SALES_REP,2026-04-30 11:10:05.601026,{}
evt_5cc7e52f,quote_9cb73342,PRODUCT_ADDED,rep_76071164,SALES_REP,2026-04-30 11:52:05.601026,{}
evt_cb900cb8,quote_9cb73342,DISCOUNT_APPLIED,rep_76071164,SALES_REP,2026-04-30 12:38:05.601026,{}
evt_ccef65ea,quote_9cb73342,QUOTE_SENT,rep_76071164,SALES_REP,2026-04-30 14:38:05.601026,{}
evt_82f5ad3f,quote_9cb73342,CUSTOMER_VIEWED,rep_76071164,SALES_REP,2026-05-02 14:38:05.601026,{}
evt_bcbaba33,quote_9cb73342,COUNTER_OFFER,rep_76071164,SALES_REP,2026-05-03 14:38:05.601026,{}
evt_702b3de9,quote_9cb73342,QUOTE_REVISED,rep_76071164,SALES_REP,2026-05-05 14:38:05.601026,{}
evt_aaa795e7,quote_9cb73342,REJECTED,rep_76071164,SALES_REP,2026-05-12 14:38:05.601026,{}
evt_ece0f64d,quote_21f53b55,QUOTE_CREATED,rep_03d99ec4,SALES_REP,2025-12-25 15:10:05.601026,{}
evt_506c4fa4,quote_21f53b55,PRODUCT_ADDED,rep_03d99ec4,SALES_REP,2025-12-25 15:43:05.601026,{}
evt_550fb86c,quote_21f53b55,DISCOUNT_APPLIED,rep_03d99ec4,SALES_REP,2025-12-25 16:21:05.601026,{}
evt_05c07370,quote_21f53b55,QUOTE_SENT,rep_03d99ec4,SALES_REP,2025-12-26 04:21:05.601026,{}
evt_1ea90346,quote_21f53b55,CUSTOMER_VIEWED,rep_03d99ec4,SALES_REP,2025-12-28 04:21:05.601026,{}
evt_e08743d4,quote_21f53b55,ORDER_CONFIRMED,rep_03d99ec4,SALES_REP,2026-01-01 04:21:05.601026,{}
evt_51dd9e49,quote_a5565cb6,QUOTE_CREATED,rep_71ed5975,SALES_REP,2026-02-14 14:10:05.601026,{}
evt_d1d190fb,quote_a5565cb6,PRODUCT_ADDED,rep_71ed5975,SALES_REP,2026-02-14 14:31:05.601026,{}
evt_6d6dcd27,quote_a5565cb6,DISCOUNT_APPLIED,rep_71ed5975,SALES_REP,2026-02-14 15:17:05.601026,{}
evt_c5f5cf4f,quote_a5565cb6,QUOTE_SENT,rep_71ed5975,SALES_REP,2026-02-14 18:17:05.601026,{}
evt_24074823,quote_a5565cb6,CUSTOMER_VIEWED,rep_71ed5975,SALES_REP,2026-02-17 18:17:05.601026,{}
evt_1759bb79,quote_a5565cb6,REJECTED,rep_71ed5975,SALES_REP,2026-02-20 18:17:05.601026,{}
evt_0190230c,quote_84e41ab8,QUOTE_CREATED,rep_76071164,SALES_REP,2026-06-12 02:10:05.601026,{}
evt_e39dd1f5,quote_84e41ab8,PRODUCT_ADDED,rep_76071164,SALES_REP,2026-06-12 02:22:05.601026,{}
evt_2ce66e81,quote_84e41ab8,DISCOUNT_APPLIED,rep_76071164,SALES_REP,2026-06-12 02:31:05.601026,{}
evt_549c16d1,quote_84e41ab8,QUOTE_SENT,rep_76071164,SALES_REP,2026-06-12 14:31:05.601026,{}
evt_ce6e7a2f,quote_84e41ab8,CUSTOMER_VIEWED,rep_76071164,SALES_REP,2026-06-13 14:31:05.601026,{}
evt_68a1a3af,quote_84e41ab8,REJECTED,rep_76071164,SALES_REP,2026-06-16 14:31:05.601026,{}
evt_9df93035,quote_8acdae71,QUOTE_CREATED,rep_b548fdfc,SALES_REP,2026-01-11 15:10:05.601026,{}
evt_018a4bec,quote_8acdae71,PRODUCT_ADDED,rep_b548fdfc,SALES_REP,2026-01-11 16:00:05.601026,{}
evt_bec2c20f,quote_8acdae71,DISCOUNT_APPLIED,rep_b548fdfc,SALES_REP,2026-01-11 16:43:05.601026,{}
evt_4e768472,quote_8acdae71,QUOTE_SENT,rep_b548fdfc,SALES_REP,2026-01-11 21:43:05.601026,{}
evt_24e015e6,quote_8acdae71,CUSTOMER_VIEWED,rep_b548fdfc,SALES_REP,2026-01-16 21:43:05.601026,{}
evt_31d1bb4a,quote_10708daf,QUOTE_CREATED,rep_e08a1589,SALES_REP,2026-01-27 17:10:05.601026,{}
evt_8dc43dd3,quote_10708daf,PRODUCT_ADDED,rep_e08a1589,SALES_REP,2026-01-27 17:24:05.601026,{}
evt_d065c872,quote_10708daf,DISCOUNT_APPLIED,rep_e08a1589,SALES_REP,2026-01-27 18:24:05.601026,{}
evt_7879d166,quote_10708daf,QUOTE_SENT,rep_e08a1589,SALES_REP,2026-01-28 07:24:05.601026,{}
evt_852294ab,quote_10708daf,CUSTOMER_VIEWED,rep_e08a1589,SALES_REP,2026-01-30 07:24:05.601026,{}
evt_5c411fde,quote_10708daf,COUNTER_OFFER,rep_e08a1589,SALES_REP,2026-02-02 07:24:05.601026,{}
evt_4edadd44,quote_10708daf,QUOTE_REVISED,rep_e08a1589,SALES_REP,2026-02-03 07:24:05.601026,{}
evt_3d2302cc,quote_10708daf,ORDER_CONFIRMED,rep_e08a1589,SALES_REP,2026-02-07 07:24:05.601026,{}
evt_1842685f,quote_9fc684c6,QUOTE_CREATED,rep_71ed5975,SALES_REP,2026-02-26 08:10:05.601026,{}
evt_bfeaea3a,quote_9fc684c6,PRODUCT_ADDED,rep_71ed5975,SALES_REP,2026-02-26 08:59:05.601026,{}
evt_d42f6a9c,quote_9fc684c6,DISCOUNT_APPLIED,rep_71ed5975,SALES_REP,2026-02-26 09:30:05.601026,{}
evt_8cc10773,quote_9fc684c6,QUOTE_SENT,rep_71ed5975,SALES_REP,2026-02-26 16:30:05.601026,{}
evt_eb70941c,quote_9fc684c6,CUSTOMER_VIEWED,rep_71ed5975,SALES_REP,2026-03-02 16:30:05.601026,{}
evt_44339612,quote_9fc684c6,ORDER_CONFIRMED,rep_71ed5975,SALES_REP,2026-03-07 16:30:05.601026,{}
evt_d2a21557,quote_40707fe5,QUOTE_CREATED,rep_f976f2b3,SALES_REP,2026-05-19 03:10:05.601026,{}
evt_d25cf5c1,quote_40707fe5,PRODUCT_ADDED,rep_f976f2b3,SALES_REP,2026-05-19 03:42:05.601026,{}
evt_bdcd7240,quote_40707fe5,DISCOUNT_APPLIED,rep_f976f2b3,SALES_REP,2026-05-19 04:30:05.601026,{}
evt_cd19afac,quote_40707fe5,QUOTE_SENT,rep_f976f2b3,SALES_REP,2026-05-19 17:30:05.601026,{}
evt_e6d68d87,quote_40707fe5,CUSTOMER_VIEWED,rep_f976f2b3,SALES_REP,2026-05-24 17:30:05.601026,{}
evt_89f41b64,quote_40707fe5,COUNTER_OFFER,rep_f976f2b3,SALES_REP,2026-05-27 17:30:05.601026,{}
evt_528373de,quote_40707fe5,QUOTE_REVISED,rep_f976f2b3,SALES_REP,2026-05-28 17:30:05.601026,{}
evt_1869ff3a,quote_40707fe5,ORDER_CONFIRMED,rep_f976f2b3,SALES_REP,2026-06-02 17:30:05.601026,{}
evt_bbb7954c,quote_eabdbfa8,QUOTE_CREATED,rep_26645e7c,SALES_REP,2026-03-24 08:10:05.601026,{}
evt_acfdfed6,quote_eabdbfa8,PRODUCT_ADDED,rep_26645e7c,SALES_REP,2026-03-24 08:36:05.601026,{}
evt_316abb86,quote_eabdbfa8,DISCOUNT_APPLIED,rep_26645e7c,SALES_REP,2026-03-24 09:17:05.601026,{}
evt_91d8d86a,quote_eabdbfa8,QUOTE_SENT,rep_26645e7c,SALES_REP,2026-03-25 00:17:05.601026,{}
evt_acb0f985,quote_eabdbfa8,CUSTOMER_VIEWED,rep_26645e7c,SALES_REP,2026-03-28 00:17:05.601026,{}
evt_7bfee493,quote_eabdbfa8,COUNTER_OFFER,rep_26645e7c,SALES_REP,2026-03-29 00:17:05.601026,{}
evt_3a79992a,quote_eabdbfa8,QUOTE_REVISED,rep_26645e7c,SALES_REP,2026-03-30 00:17:05.601026,{}
evt_f204c4a0,quote_eabdbfa8,REJECTED,rep_26645e7c,SALES_REP,2026-03-31 00:17:05.601026,{}
evt_86585901,quote_e281129d,QUOTE_CREATED,rep_d5902688,SALES_REP,2026-05-13 06:10:05.601026,{}
evt_f73c8962,quote_e281129d,PRODUCT_ADDED,rep_d5902688,SALES_REP,2026-05-13 06:28:05.601026,{}
evt_939c89a9,quote_e281129d,DISCOUNT_APPLIED,rep_d5902688,SALES_REP,2026-05-13 06:47:05.601026,{}
evt_263eb7f3,quote_e281129d,QUOTE_SENT,rep_d5902688,SALES_REP,2026-05-13 16:47:05.601026,{}
evt_f9333a80,quote_e281129d,CUSTOMER_VIEWED,rep_d5902688,SALES_REP,2026-05-18 16:47:05.601026,{}
evt_575c527f,quote_e281129d,COUNTER_OFFER,rep_d5902688,SALES_REP,2026-05-19 16:47:05.601026,{}
evt_862e4719,quote_e281129d,QUOTE_REVISED,rep_d5902688,SALES_REP,2026-05-21 16:47:05.601026,{}
evt_2bfc8cc6,quote_e281129d,REJECTED,rep_d5902688,SALES_REP,2026-05-26 16:47:05.601026,{}
evt_dddd4222,quote_3723d1e1,QUOTE_CREATED,rep_4fd63151,SALES_REP,2026-02-19 19:10:05.601026,{}
evt_4e0512e4,quote_3723d1e1,PRODUCT_ADDED,rep_4fd63151,SALES_REP,2026-02-19 19:41:05.601026,{}
evt_60041e8b,quote_3723d1e1,DISCOUNT_APPLIED,rep_4fd63151,SALES_REP,2026-02-19 20:16:05.601026,{}
evt_ff559b91,quote_3723d1e1,QUOTE_SENT,rep_4fd63151,SALES_REP,2026-02-20 20:16:05.601026,{}
evt_b93335a2,quote_3723d1e1,CUSTOMER_VIEWED,rep_4fd63151,SALES_REP,2026-02-21 20:16:05.601026,{}
evt_2be6a26d,quote_3723d1e1,REJECTED,rep_4fd63151,SALES_REP,2026-02-28 20:16:05.601026,{}
evt_2fb1e4e0,quote_9a1e9ea6,QUOTE_CREATED,rep_4fd63151,SALES_REP,2025-12-19 15:10:05.601026,{}
evt_7403aa88,quote_9a1e9ea6,PRODUCT_ADDED,rep_4fd63151,SALES_REP,2025-12-19 15:53:05.601026,{}
evt_768cf01d,quote_9a1e9ea6,DISCOUNT_APPLIED,rep_4fd63151,SALES_REP,2025-12-19 16:34:05.601026,{}
evt_97a16032,quote_9a1e9ea6,QUOTE_SENT,rep_4fd63151,SALES_REP,2025-12-20 02:34:05.601026,{}
evt_161a711d,quote_9a1e9ea6,CUSTOMER_VIEWED,rep_4fd63151,SALES_REP,2025-12-25 02:34:05.601026,{}
evt_3c9a068e,quote_9a1e9ea6,COUNTER_OFFER,rep_4fd63151,SALES_REP,2025-12-28 02:34:05.601026,{}
evt_fe46882c,quote_9a1e9ea6,QUOTE_REVISED,rep_4fd63151,SALES_REP,2025-12-30 02:34:05.601026,{}
evt_ba96c368,quote_9a1e9ea6,ORDER_CONFIRMED,rep_4fd63151,SALES_REP,2026-01-02 02:34:05.601026,{}
evt_884bd9ff,quote_f4e19a94,QUOTE_CREATED,rep_d5902688,SALES_REP,2026-01-09 22:10:05.601026,{}
evt_da958424,quote_f4e19a94,PRODUCT_ADDED,rep_d5902688,SALES_REP,2026-01-09 22:44:05.601026,{}
evt_5504fc44,quote_f4e19a94,DISCOUNT_APPLIED,rep_d5902688,SALES_REP,2026-01-09 23:25:05.601026,{}
evt_b4756537,quote_f4e19a94,QUOTE_SENT,rep_d5902688,SALES_REP,2026-01-10 01:25:05.601026,{}
evt_9d4ed1a9,quote_f4e19a94,CUSTOMER_VIEWED,rep_d5902688,SALES_REP,2026-01-11 01:25:05.601026,{}
evt_77f111fd,quote_f4e19a94,COUNTER_OFFER,rep_d5902688,SALES_REP,2026-01-13 01:25:05.601026,{}
evt_2508f2ca,quote_f4e19a94,QUOTE_REVISED,rep_d5902688,SALES_REP,2026-01-15 01:25:05.601026,{}
evt_c499bf72,quote_34fbe5ad,QUOTE_CREATED,rep_e08a1589,SALES_REP,2026-03-25 01:10:05.601026,{}
evt_9e61abb3,quote_34fbe5ad,PRODUCT_ADDED,rep_e08a1589,SALES_REP,2026-03-25 01:26:05.601026,{}
evt_9fd0581f,quote_34fbe5ad,DISCOUNT_APPLIED,rep_e08a1589,SALES_REP,2026-03-25 02:10:05.601026,{}
evt_558b938f,quote_34fbe5ad,QUOTE_SENT,rep_e08a1589,SALES_REP,2026-03-26 02:10:05.601026,{}
evt_51ab4e58,quote_34fbe5ad,CUSTOMER_VIEWED,rep_e08a1589,SALES_REP,2026-03-30 02:10:05.601026,{}
evt_ba381046,quote_34fbe5ad,ORDER_CONFIRMED,rep_e08a1589,SALES_REP,2026-04-05 02:10:05.601026,{}
evt_97fd5364,quote_db80d141,QUOTE_CREATED,rep_4fd63151,SALES_REP,2026-01-24 02:10:05.601026,{}
evt_f9d39fbc,quote_db80d141,PRODUCT_ADDED,rep_4fd63151,SALES_REP,2026-01-24 03:01:05.601026,{}
evt_dc028082,quote_db80d141,DISCOUNT_APPLIED,rep_4fd63151,SALES_REP,2026-01-24 03:52:05.601026,{}
evt_d5232419,quote_db80d141,QUOTE_SENT,rep_4fd63151,SALES_REP,2026-01-24 10:52:05.601026,{}
evt_f0e65eaa,quote_db80d141,CUSTOMER_VIEWED,rep_4fd63151,SALES_REP,2026-01-28 10:52:05.601026,{}
evt_ea58dfa5,quote_db80d141,ORDER_CONFIRMED,rep_4fd63151,SALES_REP,2026-02-04 10:52:05.601026,{}
evt_82c13950,quote_782d1a2e,QUOTE_CREATED,rep_b548fdfc,SALES_REP,2026-04-02 20:10:05.601026,{}
evt_b13f540a,quote_782d1a2e,PRODUCT_ADDED,rep_b548fdfc,SALES_REP,2026-04-02 20:44:05.601026,{}
evt_6c23e95f,quote_782d1a2e,DISCOUNT_APPLIED,rep_b548fdfc,SALES_REP,2026-04-02 20:50:05.601026,{}
evt_d3d0ab27,quote_782d1a2e,QUOTE_SENT,rep_b548fdfc,SALES_REP,2026-04-02 23:50:05.601026,{}
evt_231ec27e,quote_782d1a2e,CUSTOMER_VIEWED,rep_b548fdfc,SALES_REP,2026-04-06 23:50:05.601026,{}
evt_a25740dd,quote_9eeca37f,QUOTE_CREATED,rep_26645e7c,SALES_REP,2026-03-27 07:10:05.601026,{}
evt_ad495b40,quote_9eeca37f,PRODUCT_ADDED,rep_26645e7c,SALES_REP,2026-03-27 07:44:05.601026,{}
evt_6c3ad896,quote_9eeca37f,DISCOUNT_APPLIED,rep_26645e7c,SALES_REP,2026-03-27 08:20:05.601026,{}
evt_1e1ba29e,quote_9eeca37f,QUOTE_SENT,rep_26645e7c,SALES_REP,2026-03-27 23:20:05.601026,{}
evt_90933bbf,quote_9eeca37f,CUSTOMER_VIEWED,rep_26645e7c,SALES_REP,2026-03-28 23:20:05.601026,{}
evt_539dd5a9,quote_9eeca37f,COUNTER_OFFER,rep_26645e7c,SALES_REP,2026-03-31 23:20:05.601026,{}
evt_b087c3d0,quote_9eeca37f,QUOTE_REVISED,rep_26645e7c,SALES_REP,2026-04-01 23:20:05.601026,{}
evt_2e0a8097,quote_9eeca37f,APPROVAL_REQUESTED,rep_26645e7c,SALES_REP,2026-04-02 11:20:05.601026,{}
evt_35cb9089,quote_9eeca37f,REJECTED,rep_26645e7c,SALES_REP,2026-04-06 11:20:05.601026,{}
evt_343bd9fb,quote_9eeca37f,REJECTED,rep_26645e7c,SALES_REP,2026-04-08 11:20:05.601026,{}
evt_b56f325f,quote_744b25b0,QUOTE_CREATED,rep_e08a1589,SALES_REP,2025-11-26 11:10:05.601026,{}
evt_3fe5eccf,quote_744b25b0,PRODUCT_ADDED,rep_e08a1589,SALES_REP,2025-11-26 11:33:05.601026,{}
evt_774d9a38,quote_744b25b0,DISCOUNT_APPLIED,rep_e08a1589,SALES_REP,2025-11-26 11:45:05.601026,{}
evt_debf8181,quote_744b25b0,QUOTE_SENT,rep_e08a1589,SALES_REP,2025-11-27 05:45:05.601026,{}
evt_83c3b6cc,quote_744b25b0,CUSTOMER_VIEWED,rep_e08a1589,SALES_REP,2025-12-01 05:45:05.601026,{}
evt_2dd0f2e5,quote_744b25b0,COUNTER_OFFER,rep_e08a1589,SALES_REP,2025-12-04 05:45:05.601026,{}
evt_a68ed2f3,quote_744b25b0,QUOTE_REVISED,rep_e08a1589,SALES_REP,2025-12-05 05:45:05.601026,{}
evt_9ee4c29c,quote_744b25b0,ORDER_CONFIRMED,rep_e08a1589,SALES_REP,2025-12-11 05:45:05.601026,{}
evt_56b59f9e,quote_425d310a,QUOTE_CREATED,rep_f976f2b3,SALES_REP,2026-08-16 23:10:05.601026,{}
evt_a72fd606,quote_425d310a,PRODUCT_ADDED,rep_f976f2b3,SALES_REP,2026-08-16 23:55:05.601026,{}
evt_f952f987,quote_425d310a,DISCOUNT_APPLIED,rep_f976f2b3,SALES_REP,2026-08-17 00:51:05.601026,{}
evt_efaedcce,quote_425d310a,QUOTE_SENT,rep_f976f2b3,SALES_REP,2026-08-17 17:51:05.601026,{}
evt_fe09283d,quote_425d310a,CUSTOMER_VIEWED,rep_f976f2b3,SALES_REP,2026-08-18 17:51:05.601026,{}
evt_3267947f,quote_425d310a,ORDER_CONFIRMED,rep_f976f2b3,SALES_REP,2026-08-21 17:51:05.601026,{}
evt_8ad1ed61,quote_ef6fd6c0,QUOTE_CREATED,rep_26645e7c,SALES_REP,2026-01-10 17:10:05.601026,{}
evt_25055b4b,quote_ef6fd6c0,PRODUCT_ADDED,rep_26645e7c,SALES_REP,2026-01-10 17:41:05.601026,{}
evt_61ddb688,quote_ef6fd6c0,DISCOUNT_APPLIED,rep_26645e7c,SALES_REP,2026-01-10 17:47:05.601026,{}
evt_c5280afa,quote_ef6fd6c0,QUOTE_SENT,rep_26645e7c,SALES_REP,2026-01-10 18:47:05.601026,{}
evt_1507dd0f,quote_ef6fd6c0,CUSTOMER_VIEWED,rep_26645e7c,SALES_REP,2026-01-13 18:47:05.601026,{}
evt_5a3210c9,quote_ef6fd6c0,REJECTED,rep_26645e7c,SALES_REP,2026-01-19 18:47:05.601026,{}
evt_fc9b2367,quote_5a003b4f,QUOTE_CREATED,rep_221b7f39,SALES_REP,2025-12-26 09:10:05.601026,{}
evt_3d87594b,quote_5a003b4f,PRODUCT_ADDED,rep_221b7f39,SALES_REP,2025-12-26 09:25:05.601026,{}
evt_6c6bb393,quote_5a003b4f,DISCOUNT_APPLIED,rep_221b7f39,SALES_REP,2025-12-26 09:32:05.601026,{}
evt_217f3dfa,quote_5a003b4f,QUOTE_SENT,rep_221b7f39,SALES_REP,2025-12-26 23:32:05.601026,{}
evt_fcbd8bbf,quote_5a003b4f,CUSTOMER_VIEWED,rep_221b7f39,SALES_REP,2025-12-31 23:32:05.601026,{}
evt_e8f1f6db,quote_5a003b4f,COUNTER_OFFER,rep_221b7f39,SALES_REP,2026-01-02 23:32:05.601026,{}
evt_5b97af5e,quote_5a003b4f,QUOTE_REVISED,rep_221b7f39,SALES_REP,2026-01-04 23:32:05.601026,{}
evt_ca262be1,quote_5a003b4f,REJECTED,rep_221b7f39,SALES_REP,2026-01-09 23:32:05.601026,{}
evt_20dbd816,quote_dc7d1837,QUOTE_CREATED,rep_26645e7c,SALES_REP,2026-07-21 12:10:05.601026,{}
evt_c1c90b4b,quote_dc7d1837,PRODUCT_ADDED,rep_26645e7c,SALES_REP,2026-07-21 12:39:05.601026,{}
evt_af0af718,quote_dc7d1837,DISCOUNT_APPLIED,rep_26645e7c,SALES_REP,2026-07-21 12:57:05.601026,{}
evt_66de95ec,quote_dc7d1837,QUOTE_SENT,rep_26645e7c,SALES_REP,2026-07-22 03:57:05.601026,{}
evt_a8d9a7e9,quote_dc7d1837,CUSTOMER_VIEWED,rep_26645e7c,SALES_REP,2026-07-24 03:57:05.601026,{}
evt_2e4a21af,quote_dc7d1837,COUNTER_OFFER,rep_26645e7c,SALES_REP,2026-07-26 03:57:05.601026,{}
evt_dbe6ba35,quote_dc7d1837,QUOTE_REVISED,rep_26645e7c,SALES_REP,2026-07-28 03:57:05.601026,{}
evt_77ea4cf6,quote_dc7d1837,ORDER_CONFIRMED,rep_26645e7c,SALES_REP,2026-07-29 03:57:05.601026,{}
evt_92a951f2,quote_408e4f8d,QUOTE_CREATED,rep_76071164,SALES_REP,2026-06-23 11:10:05.601026,{}
evt_a832a30f,quote_408e4f8d,PRODUCT_ADDED,rep_76071164,SALES_REP,2026-06-23 11:45:05.601026,{}
evt_252a675e,quote_408e4f8d,DISCOUNT_APPLIED,rep_76071164,SALES_REP,2026-06-23 11:54:05.601026,{}
evt_331d7b2c,quote_408e4f8d,QUOTE_SENT,rep_76071164,SALES_REP,2026-06-23 22:54:05.601026,{}
evt_38b10ca0,quote_408e4f8d,CUSTOMER_VIEWED,rep_76071164,SALES_REP,2026-06-24 22:54:05.601026,{}
evt_e0e33dd4,quote_408e4f8d,REJECTED,rep_76071164,SALES_REP,2026-06-29 22:54:05.601026,{}
evt_d1782950,quote_46c09d50,QUOTE_CREATED,rep_03d99ec4,SALES_REP,2026-05-25 02:10:05.601026,{}
evt_6ef01973,quote_46c09d50,PRODUCT_ADDED,rep_03d99ec4,SALES_REP,2026-05-25 02:22:05.601026,{}
evt_b0b83dee,quote_46c09d50,DISCOUNT_APPLIED,rep_03d99ec4,SALES_REP,2026-05-25 02:46:05.601026,{}
evt_ce9f02d1,quote_46c09d50,QUOTE_SENT,rep_03d99ec4,SALES_REP,2026-05-25 10:46:05.601026,{}
evt_3858cc1a,quote_46c09d50,CUSTOMER_VIEWED,rep_03d99ec4,SALES_REP,2026-05-29 10:46:05.601026,{}
evt_d27e364e,quote_103fcaf4,QUOTE_CREATED,rep_f976f2b3,SALES_REP,2025-11-14 17:10:05.601026,{}
evt_a5ba0ddc,quote_103fcaf4,PRODUCT_ADDED,rep_f976f2b3,SALES_REP,2025-11-14 17:28:05.601026,{}
evt_f427f050,quote_103fcaf4,DISCOUNT_APPLIED,rep_f976f2b3,SALES_REP,2025-11-14 18:14:05.601026,{}
evt_d65b4b2e,quote_103fcaf4,QUOTE_SENT,rep_f976f2b3,SALES_REP,2025-11-14 20:14:05.601026,{}
evt_5a844127,quote_103fcaf4,CUSTOMER_VIEWED,rep_f976f2b3,SALES_REP,2025-11-16 20:14:05.601026,{}
evt_d34f5f06,quote_68044dde,QUOTE_CREATED,rep_b548fdfc,SALES_REP,2025-11-12 14:10:05.601026,{}
evt_2dfcfcc9,quote_68044dde,PRODUCT_ADDED,rep_b548fdfc,SALES_REP,2025-11-12 15:05:05.601026,{}
evt_41323b94,quote_68044dde,DISCOUNT_APPLIED,rep_b548fdfc,SALES_REP,2025-11-12 15:36:05.601026,{}
evt_2963c2f3,quote_68044dde,QUOTE_SENT,rep_b548fdfc,SALES_REP,2025-11-13 12:36:05.601026,{}
evt_b2d01a40,quote_68044dde,CUSTOMER_VIEWED,rep_b548fdfc,SALES_REP,2025-11-16 12:36:05.601026,{}
evt_11ffc478,quote_68044dde,ORDER_CONFIRMED,rep_b548fdfc,SALES_REP,2025-11-18 12:36:05.601026,{}
evt_e4360f97,quote_f608d1f9,QUOTE_CREATED,rep_26645e7c,SALES_REP,2025-12-28 01:10:05.601026,{}
evt_adce4839,quote_f608d1f9,PRODUCT_ADDED,rep_26645e7c,SALES_REP,2025-12-28 01:43:05.601026,{}
evt_2bcf1193,quote_f608d1f9,DISCOUNT_APPLIED,rep_26645e7c,SALES_REP,2025-12-28 02:28:05.601026,{}
evt_c50ead36,quote_f608d1f9,QUOTE_SENT,rep_26645e7c,SALES_REP,2025-12-28 03:28:05.601026,{}
evt_77ba3fa0,quote_f608d1f9,CUSTOMER_VIEWED,rep_26645e7c,SALES_REP,2025-12-29 03:28:05.601026,{}
evt_bc27a952,quote_f608d1f9,REJECTED,rep_26645e7c,SALES_REP,2025-12-30 03:28:05.601026,{}
evt_b0e046ad,quote_2fcc74d9,QUOTE_CREATED,rep_f976f2b3,SALES_REP,2026-07-26 10:10:05.601026,{}
evt_e4827a5a,quote_2fcc74d9,PRODUCT_ADDED,rep_f976f2b3,SALES_REP,2026-07-26 10:52:05.601026,{}
evt_acad09df,quote_2fcc74d9,DISCOUNT_APPLIED,rep_f976f2b3,SALES_REP,2026-07-26 11:32:05.601026,{}
evt_b43d4240,quote_2fcc74d9,QUOTE_SENT,rep_f976f2b3,SALES_REP,2026-07-26 18:32:05.601026,{}
evt_8f7facf2,quote_2fcc74d9,CUSTOMER_VIEWED,rep_f976f2b3,SALES_REP,2026-07-28 18:32:05.601026,{}
evt_f2ba2306,quote_3bcb7ebb,QUOTE_CREATED,rep_71ed5975,SALES_REP,2026-02-11 11:10:05.601026,{}
evt_8860f6d7,quote_3bcb7ebb,PRODUCT_ADDED,rep_71ed5975,SALES_REP,2026-02-11 11:53:05.601026,{}
evt_7a82b923,quote_3bcb7ebb,DISCOUNT_APPLIED,rep_71ed5975,SALES_REP,2026-02-11 12:13:05.601026,{}
evt_4181d2cd,quote_3bcb7ebb,QUOTE_SENT,rep_71ed5975,SALES_REP,2026-02-11 22:13:05.601026,{}
evt_e63c7d27,quote_3bcb7ebb,CUSTOMER_VIEWED,rep_71ed5975,SALES_REP,2026-02-14 22:13:05.601026,{}
evt_1f3dc200,quote_3bcb7ebb,ORDER_CONFIRMED,rep_71ed5975,SALES_REP,2026-02-20 22:13:05.601026,{}
evt_c1e3d621,quote_d8ecd403,QUOTE_CREATED,rep_03d99ec4,SALES_REP,2026-03-17 11:10:05.601026,{}
evt_5d5c5467,quote_d8ecd403,PRODUCT_ADDED,rep_03d99ec4,SALES_REP,2026-03-17 12:02:05.601026,{}
evt_6cb34281,quote_d8ecd403,DISCOUNT_APPLIED,rep_03d99ec4,SALES_REP,2026-03-17 12:34:05.601026,{}
evt_e3f3154f,quote_d8ecd403,QUOTE_SENT,rep_03d99ec4,SALES_REP,2026-03-17 17:34:05.601026,{}
evt_0d2b167b,quote_d8ecd403,CUSTOMER_VIEWED,rep_03d99ec4,SALES_REP,2026-03-21 17:34:05.601026,{}
evt_39cdcfc7,quote_d8ecd403,COUNTER_OFFER,rep_03d99ec4,SALES_REP,2026-03-23 17:34:05.601026,{}
evt_f562c44f,quote_d8ecd403,QUOTE_REVISED,rep_03d99ec4,SALES_REP,2026-03-25 17:34:05.601026,{}
evt_964dd516,quote_53172a60,QUOTE_CREATED,rep_e08a1589,SALES_REP,2026-07-06 23:10:05.601026,{}
evt_192dd284,quote_53172a60,PRODUCT_ADDED,rep_e08a1589,SALES_REP,2026-07-06 23:39:05.601026,{}
evt_ceabd99f,quote_53172a60,DISCOUNT_APPLIED,rep_e08a1589,SALES_REP,2026-07-07 00:13:05.601026,{}
evt_a9b0fd2f,quote_53172a60,QUOTE_SENT,rep_e08a1589,SALES_REP,2026-07-07 10:13:05.601026,{}
evt_2935fe32,quote_53172a60,CUSTOMER_VIEWED,rep_e08a1589,SALES_REP,2026-07-11 10:13:05.601026,{}
evt_482a2d19,quote_53172a60,COUNTER_OFFER,rep_e08a1589,SALES_REP,2026-07-14 10:13:05.601026,{}
evt_6bff7828,quote_53172a60,QUOTE_REVISED,rep_e08a1589,SALES_REP,2026-07-16 10:13:05.601026,{}
evt_7bdced3d,quote_53172a60,REJECTED,rep_e08a1589,SALES_REP,2026-07-17 10:13:05.601026,{}
evt_407e3583,quote_78a46516,QUOTE_CREATED,rep_4fd63151,SALES_REP,2026-05-03 12:10:05.601026,{}
evt_3e21c382,quote_78a46516,PRODUCT_ADDED,rep_4fd63151,SALES_REP,2026-05-03 13:10:05.601026,{}
evt_ca39862d,quote_78a46516,DISCOUNT_APPLIED,rep_4fd63151,SALES_REP,2026-05-03 13:47:05.601026,{}
evt_ef7b77f4,quote_78a46516,QUOTE_SENT,rep_4fd63151,SALES_REP,2026-05-04 13:47:05.601026,{}
evt_db20211c,quote_78a46516,CUSTOMER_VIEWED,rep_4fd63151,SALES_REP,2026-05-07 13:47:05.601026,{}
evt_b90f6b94,quote_78a46516,REJECTED,rep_4fd63151,SALES_REP,2026-05-11 13:47:05.601026,{}
evt_873ee340,quote_9861e8d5,QUOTE_CREATED,rep_b548fdfc,SALES_REP,2026-03-20 21:10:05.601026,{}
evt_c944d5a4,quote_9861e8d5,PRODUCT_ADDED,rep_b548fdfc,SALES_REP,2026-03-20 21:17:05.601026,{}
evt_9fa18918,quote_9861e8d5,DISCOUNT_APPLIED,rep_b548fdfc,SALES_REP,2026-03-20 21:29:05.601026,{}
evt_4a816b2c,quote_9861e8d5,QUOTE_SENT,rep_b548fdfc,SALES_REP,2026-03-21 10:29:05.601026,{}
evt_9c66ba69,quote_9861e8d5,CUSTOMER_VIEWED,rep_b548fdfc,SALES_REP,2026-03-26 10:29:05.601026,{}
evt_5fe58fe8,quote_9861e8d5,COUNTER_OFFER,rep_b548fdfc,SALES_REP,2026-03-28 10:29:05.601026,{}
evt_fb2c43e5,quote_9861e8d5,QUOTE_REVISED,rep_b548fdfc,SALES_REP,2026-03-30 10:29:05.601026,{}
evt_b12e6619,quote_9861e8d5,ORDER_CONFIRMED,rep_b548fdfc,SALES_REP,2026-04-06 10:29:05.601026,{}
evt_fb7c1aba,quote_eea6d222,QUOTE_CREATED,rep_f976f2b3,SALES_REP,2026-08-04 18:10:05.601026,{}
evt_59dad041,quote_eea6d222,PRODUCT_ADDED,rep_f976f2b3,SALES_REP,2026-08-04 18:57:05.601026,{}
evt_eb65a31b,quote_eea6d222,DISCOUNT_APPLIED,rep_f976f2b3,SALES_REP,2026-08-04 19:43:05.601026,{}
evt_db95435c,quote_eea6d222,QUOTE_SENT,rep_f976f2b3,SALES_REP,2026-08-05 00:43:05.601026,{}
evt_ca3b7f49,quote_eea6d222,CUSTOMER_VIEWED,rep_f976f2b3,SALES_REP,2026-08-08 00:43:05.601026,{}
evt_a832e3b4,quote_eea6d222,REJECTED,rep_f976f2b3,SALES_REP,2026-08-14 00:43:05.601026,{}
evt_0ee4b311,quote_7f65f31a,QUOTE_CREATED,rep_e08a1589,SALES_REP,2026-01-10 01:10:05.601026,{}
evt_d04da6df,quote_7f65f31a,PRODUCT_ADDED,rep_e08a1589,SALES_REP,2026-01-10 01:22:05.601026,{}
evt_bcbcc436,quote_7f65f31a,DISCOUNT_APPLIED,rep_e08a1589,SALES_REP,2026-01-10 02:16:05.601026,{}
evt_0b4b7bc0,quote_7f65f31a,QUOTE_SENT,rep_e08a1589,SALES_REP,2026-01-10 05:16:05.601026,{}
evt_95d1f95b,quote_7f65f31a,CUSTOMER_VIEWED,rep_e08a1589,SALES_REP,2026-01-14 05:16:05.601026,{}
evt_27d96d96,quote_f7f2d86f,QUOTE_CREATED,rep_76071164,SALES_REP,2025-12-10 19:10:05.601026,{}
evt_7ee758d1,quote_f7f2d86f,PRODUCT_ADDED,rep_76071164,SALES_REP,2025-12-10 19:34:05.601026,{}
evt_113e32dc,quote_f7f2d86f,DISCOUNT_APPLIED,rep_76071164,SALES_REP,2025-12-10 20:11:05.601026,{}
evt_33f90b78,quote_f7f2d86f,QUOTE_SENT,rep_76071164,SALES_REP,2025-12-11 14:11:05.601026,{}
evt_fc174bdf,quote_f7f2d86f,CUSTOMER_VIEWED,rep_76071164,SALES_REP,2025-12-15 14:11:05.601026,{}
evt_d978effb,quote_f7f2d86f,ORDER_CONFIRMED,rep_76071164,SALES_REP,2025-12-21 14:11:05.601026,{}
evt_50e29f09,quote_ab12cc81,QUOTE_CREATED,rep_e08a1589,SALES_REP,2025-12-22 05:10:05.601026,{}
evt_0b1bb6dd,quote_ab12cc81,PRODUCT_ADDED,rep_e08a1589,SALES_REP,2025-12-22 05:59:05.601026,{}
evt_0abd5e28,quote_ab12cc81,DISCOUNT_APPLIED,rep_e08a1589,SALES_REP,2025-12-22 06:30:05.601026,{}
evt_659007b3,quote_ab12cc81,QUOTE_SENT,rep_e08a1589,SALES_REP,2025-12-22 23:30:05.601026,{}
evt_74c567dd,quote_ab12cc81,CUSTOMER_VIEWED,rep_e08a1589,SALES_REP,2025-12-26 23:30:05.601026,{}
evt_6346041f,quote_ab12cc81,REJECTED,rep_e08a1589,SALES_REP,2026-01-01 23:30:05.601026,{}
evt_9e14d54a,quote_b286f5d2,QUOTE_CREATED,rep_4fd63151,SALES_REP,2025-12-04 17:10:05.601026,{}
evt_30a40936,quote_b286f5d2,PRODUCT_ADDED,rep_4fd63151,SALES_REP,2025-12-04 17:26:05.601026,{}
evt_ac8fe3cf,quote_b286f5d2,DISCOUNT_APPLIED,rep_4fd63151,SALES_REP,2025-12-04 18:03:05.601026,{}
evt_42c57437,quote_b286f5d2,QUOTE_SENT,rep_4fd63151,SALES_REP,2025-12-04 22:03:05.601026,{}
evt_fcc0950a,quote_b286f5d2,CUSTOMER_VIEWED,rep_4fd63151,SALES_REP,2025-12-08 22:03:05.601026,{}
evt_c34dd5db,quote_b286f5d2,ORDER_CONFIRMED,rep_4fd63151,SALES_REP,2025-12-10 22:03:05.601026,{}
evt_f98ff220,quote_189801ee,QUOTE_CREATED,rep_03d99ec4,SALES_REP,2026-04-19 02:10:05.601026,{}
evt_b3a28367,quote_189801ee,PRODUCT_ADDED,rep_03d99ec4,SALES_REP,2026-04-19 02:30:05.601026,{}
evt_5306c349,quote_189801ee,DISCOUNT_APPLIED,rep_03d99ec4,SALES_REP,2026-04-19 03:05:05.601026,{}
evt_8ef49478,quote_189801ee,QUOTE_SENT,rep_03d99ec4,SALES_REP,2026-04-19 19:05:05.601026,{}
evt_072244fd,quote_189801ee,CUSTOMER_VIEWED,rep_03d99ec4,SALES_REP,2026-04-20 19:05:05.601026,{}
evt_4aea3b00,quote_189801ee,COUNTER_OFFER,rep_03d99ec4,SALES_REP,2026-04-22 19:05:05.601026,{}
evt_e75913b2,quote_189801ee,QUOTE_REVISED,rep_03d99ec4,SALES_REP,2026-04-23 19:05:05.601026,{}
evt_e558e012,quote_189801ee,ORDER_CONFIRMED,rep_03d99ec4,SALES_REP,2026-04-29 19:05:05.601026,{}
evt_d69f1772,quote_12d1a9b8,QUOTE_CREATED,rep_76071164,SALES_REP,2026-01-19 21:10:05.601026,{}
evt_561145a0,quote_12d1a9b8,PRODUCT_ADDED,rep_76071164,SALES_REP,2026-01-19 21:36:05.601026,{}
evt_3f35bce6,quote_12d1a9b8,DISCOUNT_APPLIED,rep_76071164,SALES_REP,2026-01-19 22:04:05.601026,{}
evt_f94c4ca9,quote_12d1a9b8,QUOTE_SENT,rep_76071164,SALES_REP,2026-01-20 20:04:05.601026,{}
evt_218dea28,quote_12d1a9b8,CUSTOMER_VIEWED,rep_76071164,SALES_REP,2026-01-23 20:04:05.601026,{}
evt_f63d2812,quote_12d1a9b8,REJECTED,rep_76071164,SALES_REP,2026-01-30 20:04:05.601026,{}
evt_056d1581,quote_ed97274b,QUOTE_CREATED,rep_b548fdfc,SALES_REP,2026-08-11 18:10:05.601026,{}
evt_e91afc89,quote_ed97274b,PRODUCT_ADDED,rep_b548fdfc,SALES_REP,2026-08-11 19:08:05.601026,{}
evt_8d139156,quote_ed97274b,DISCOUNT_APPLIED,rep_b548fdfc,SALES_REP,2026-08-11 19:21:05.601026,{}
evt_6a106bbe,quote_ed97274b,QUOTE_SENT,rep_b548fdfc,SALES_REP,2026-08-11 20:21:05.601026,{}
evt_b260f1a5,quote_ed97274b,CUSTOMER_VIEWED,rep_b548fdfc,SALES_REP,2026-08-16 20:21:05.601026,{}
evt_4896c0fb,quote_ed97274b,COUNTER_OFFER,rep_b548fdfc,SALES_REP,2026-08-19 20:21:05.601026,{}
evt_c5206f0d,quote_ed97274b,QUOTE_REVISED,rep_b548fdfc,SALES_REP,2026-08-21 20:21:05.601026,{}
evt_17ae6f59,quote_ed97274b,REJECTED,rep_b548fdfc,SALES_REP,2026-08-27 20:21:05.601026,{}
evt_12996053,quote_e015954d,QUOTE_CREATED,rep_26645e7c,SALES_REP,2026-03-12 20:10:05.601026,{}
evt_470b050a,quote_e015954d,PRODUCT_ADDED,rep_26645e7c,SALES_REP,2026-03-12 20:41:05.601026,{}
evt_76490321,quote_e015954d,DISCOUNT_APPLIED,rep_26645e7c,SALES_REP,2026-03-12 21:28:05.601026,{}
evt_f280ac03,quote_e015954d,QUOTE_SENT,rep_26645e7c,SALES_REP,2026-03-13 04:28:05.601026,{}
evt_6f887b82,quote_e015954d,CUSTOMER_VIEWED,rep_26645e7c,SALES_REP,2026-03-14 04:28:05.601026,{}
evt_ab9ee0be,quote_e015954d,ORDER_CONFIRMED,rep_26645e7c,SALES_REP,2026-03-21 04:28:05.601026,{}
evt_cbe4adc8,quote_4b827117,QUOTE_CREATED,rep_71ed5975,SALES_REP,2026-01-03 01:10:05.601026,{}
evt_a153868f,quote_4b827117,PRODUCT_ADDED,rep_71ed5975,SALES_REP,2026-01-03 01:59:05.601026,{}
evt_6e7f00bb,quote_4b827117,DISCOUNT_APPLIED,rep_71ed5975,SALES_REP,2026-01-03 02:10:05.601026,{}
evt_f0b68215,quote_4b827117,QUOTE_SENT,rep_71ed5975,SALES_REP,2026-01-04 02:10:05.601026,{}
evt_0bdfba2f,quote_4b827117,CUSTOMER_VIEWED,rep_71ed5975,SALES_REP,2026-01-08 02:10:05.601026,{}
evt_d41aceb2,quote_4b827117,COUNTER_OFFER,rep_71ed5975,SALES_REP,2026-01-09 02:10:05.601026,{}
evt_5d005522,quote_4b827117,QUOTE_REVISED,rep_71ed5975,SALES_REP,2026-01-10 02:10:05.601026,{}
evt_3c837dd2,quote_4b827117,ORDER_CONFIRMED,rep_71ed5975,SALES_REP,2026-01-17 02:10:05.601026,{}
evt_1bb9b0db,quote_8d60a373,QUOTE_CREATED,rep_76071164,SALES_REP,2026-05-02 11:10:05.601026,{}
evt_9eb8b262,quote_8d60a373,PRODUCT_ADDED,rep_76071164,SALES_REP,2026-05-02 11:49:05.601026,{}
evt_dc91b937,quote_8d60a373,DISCOUNT_APPLIED,rep_76071164,SALES_REP,2026-05-02 12:09:05.601026,{}
evt_eb0ed855,quote_8d60a373,QUOTE_SENT,rep_76071164,SALES_REP,2026-05-02 20:09:05.601026,{}
evt_003e13e6,quote_8d60a373,CUSTOMER_VIEWED,rep_76071164,SALES_REP,2026-05-04 20:09:05.601026,{}
evt_a79005c4,quote_8d60a373,COUNTER_OFFER,rep_76071164,SALES_REP,2026-05-07 20:09:05.601026,{}
evt_b7ff870a,quote_8d60a373,QUOTE_REVISED,rep_76071164,SALES_REP,2026-05-08 20:09:05.601026,{}
evt_38b51952,quote_8d60a373,ORDER_CONFIRMED,rep_76071164,SALES_REP,2026-05-09 20:09:05.601026,{}
evt_2ac087d8,quote_0cc0856c,QUOTE_CREATED,rep_e08a1589,SALES_REP,2025-12-27 05:10:05.601026,{}
evt_b4180295,quote_0cc0856c,PRODUCT_ADDED,rep_e08a1589,SALES_REP,2025-12-27 05:23:05.601026,{}
evt_1728d2f4,quote_0cc0856c,DISCOUNT_APPLIED,rep_e08a1589,SALES_REP,2025-12-27 06:02:05.601026,{}
evt_612360a5,quote_0cc0856c,QUOTE_SENT,rep_e08a1589,SALES_REP,2025-12-28 03:02:05.601026,{}
evt_21038262,quote_0cc0856c,CUSTOMER_VIEWED,rep_e08a1589,SALES_REP,2026-01-01 03:02:05.601026,{}
evt_dbe8f525,quote_0cc0856c,COUNTER_OFFER,rep_e08a1589,SALES_REP,2026-01-04 03:02:05.601026,{}
evt_f66f42ac,quote_0cc0856c,QUOTE_REVISED,rep_e08a1589,SALES_REP,2026-01-06 03:02:05.601026,{}
evt_826399fd,quote_ad319770,QUOTE_CREATED,rep_d5902688,SALES_REP,2026-07-09 08:10:05.601026,{}
evt_4d406771,quote_ad319770,PRODUCT_ADDED,rep_d5902688,SALES_REP,2026-07-09 08:20:05.601026,{}
evt_38b9a5fd,quote_ad319770,DISCOUNT_APPLIED,rep_d5902688,SALES_REP,2026-07-09 08:32:05.601026,{}
evt_c80c4680,quote_ad319770,QUOTE_SENT,rep_d5902688,SALES_REP,2026-07-09 11:32:05.601026,{}
evt_2804a740,quote_ad319770,CUSTOMER_VIEWED,rep_d5902688,SALES_REP,2026-07-12 11:32:05.601026,{}
evt_d986686f,quote_05927af7,QUOTE_CREATED,rep_221b7f39,SALES_REP,2026-06-25 17:10:05.601026,{}
evt_79056f9f,quote_05927af7,PRODUCT_ADDED,rep_221b7f39,SALES_REP,2026-06-25 18:02:05.601026,{}
evt_e3239e3a,quote_05927af7,DISCOUNT_APPLIED,rep_221b7f39,SALES_REP,2026-06-25 18:07:05.601026,{}
evt_8ea5b5b6,quote_05927af7,QUOTE_SENT,rep_221b7f39,SALES_REP,2026-06-26 04:07:05.601026,{}
evt_ff4a7701,quote_05927af7,CUSTOMER_VIEWED,rep_221b7f39,SALES_REP,2026-06-27 04:07:05.601026,{}
evt_b9a78a9a,quote_05927af7,ORDER_CONFIRMED,rep_221b7f39,SALES_REP,2026-06-29 04:07:05.601026,{}
evt_780c793a,quote_fb26afcc,QUOTE_CREATED,rep_d5902688,SALES_REP,2026-07-04 13:10:05.601026,{}
evt_4888de3f,quote_fb26afcc,PRODUCT_ADDED,rep_d5902688,SALES_REP,2026-07-04 13:44:05.601026,{}
evt_d71b72d6,quote_fb26afcc,DISCOUNT_APPLIED,rep_d5902688,SALES_REP,2026-07-04 14:09:05.601026,{}
evt_db7221cf,quote_fb26afcc,QUOTE_SENT,rep_d5902688,SALES_REP,2026-07-04 19:09:05.601026,{}
evt_c6835756,quote_fb26afcc,CUSTOMER_VIEWED,rep_d5902688,SALES_REP,2026-07-07 19:09:05.601026,{}
evt_881ece23,quote_fb26afcc,ORDER_CONFIRMED,rep_d5902688,SALES_REP,2026-07-11 19:09:05.601026,{}
evt_9bc05ad0,quote_ebe26416,QUOTE_CREATED,rep_b548fdfc,SALES_REP,2026-02-10 22:10:05.601026,{}
evt_0445f768,quote_ebe26416,PRODUCT_ADDED,rep_b548fdfc,SALES_REP,2026-02-10 23:00:05.601026,{}
evt_05b64cc2,quote_ebe26416,DISCOUNT_APPLIED,rep_b548fdfc,SALES_REP,2026-02-10 23:41:05.601026,{}
evt_babeddb9,quote_ebe26416,QUOTE_SENT,rep_b548fdfc,SALES_REP,2026-02-11 15:41:05.601026,{}
evt_f99e9d78,quote_ebe26416,CUSTOMER_VIEWED,rep_b548fdfc,SALES_REP,2026-02-13 15:41:05.601026,{}
evt_9211ba1b,quote_ebe26416,REJECTED,rep_b548fdfc,SALES_REP,2026-02-19 15:41:05.601026,{}
evt_06989cef,quote_7454410b,QUOTE_CREATED,rep_f976f2b3,SALES_REP,2026-02-22 10:10:05.601026,{}
evt_66723698,quote_7454410b,PRODUCT_ADDED,rep_f976f2b3,SALES_REP,2026-02-22 11:02:05.601026,{}
evt_d3789860,quote_7454410b,DISCOUNT_APPLIED,rep_f976f2b3,SALES_REP,2026-02-22 11:10:05.601026,{}
evt_30a81bb8,quote_7454410b,QUOTE_SENT,rep_f976f2b3,SALES_REP,2026-02-22 17:10:05.601026,{}
evt_150798a6,quote_7454410b,CUSTOMER_VIEWED,rep_f976f2b3,SALES_REP,2026-02-26 17:10:05.601026,{}
evt_e8198634,quote_7454410b,REJECTED,rep_f976f2b3,SALES_REP,2026-03-01 17:10:05.601026,{}
evt_270d7a75,quote_e6a1542f,QUOTE_CREATED,rep_4fd63151,SALES_REP,2025-09-16 23:10:05.601026,{}
evt_59dbef51,quote_e6a1542f,PRODUCT_ADDED,rep_4fd63151,SALES_REP,2025-09-17 00:03:05.601026,{}
evt_43db4d78,quote_e6a1542f,DISCOUNT_APPLIED,rep_4fd63151,SALES_REP,2025-09-17 00:33:05.601026,{}
evt_d9b5fa6a,quote_e6a1542f,QUOTE_SENT,rep_4fd63151,SALES_REP,2025-09-17 13:33:05.601026,{}
evt_0fe0e526,quote_e6a1542f,CUSTOMER_VIEWED,rep_4fd63151,SALES_REP,2025-09-18 13:33:05.601026,{}
evt_52bf6cb6,quote_9f370157,QUOTE_CREATED,rep_26645e7c,SALES_REP,2026-06-12 18:10:05.601026,{}
evt_392a3d75,quote_9f370157,PRODUCT_ADDED,rep_26645e7c,SALES_REP,2026-06-12 19:06:05.601026,{}
evt_784d6822,quote_9f370157,DISCOUNT_APPLIED,rep_26645e7c,SALES_REP,2026-06-12 19:14:05.601026,{}
evt_53d1ef6a,quote_9f370157,QUOTE_SENT,rep_26645e7c,SALES_REP,2026-06-13 18:14:05.601026,{}
evt_7583e33e,quote_9f370157,CUSTOMER_VIEWED,rep_26645e7c,SALES_REP,2026-06-16 18:14:05.601026,{}
evt_9772ebea,quote_9f370157,ORDER_CONFIRMED,rep_26645e7c,SALES_REP,2026-06-18 18:14:05.601026,{}
evt_964e867b,quote_df4b650f,QUOTE_CREATED,rep_26645e7c,SALES_REP,2025-12-15 05:10:05.601026,{}
evt_6ca8c0fc,quote_df4b650f,PRODUCT_ADDED,rep_26645e7c,SALES_REP,2025-12-15 05:25:05.601026,{}
evt_b4921859,quote_df4b650f,DISCOUNT_APPLIED,rep_26645e7c,SALES_REP,2025-12-15 05:33:05.601026,{}
evt_c81d7100,quote_df4b650f,QUOTE_SENT,rep_26645e7c,SALES_REP,2025-12-15 09:33:05.601026,{}
evt_41eeeefb,quote_df4b650f,CUSTOMER_VIEWED,rep_26645e7c,SALES_REP,2025-12-18 09:33:05.601026,{}
evt_c720d298,quote_df4b650f,REJECTED,rep_26645e7c,SALES_REP,2025-12-20 09:33:05.601026,{}
evt_c8758d46,quote_338718f5,QUOTE_CREATED,rep_221b7f39,SALES_REP,2026-05-27 02:10:05.601026,{}
evt_4c092394,quote_338718f5,PRODUCT_ADDED,rep_221b7f39,SALES_REP,2026-05-27 03:01:05.601026,{}
evt_4b3c6253,quote_338718f5,DISCOUNT_APPLIED,rep_221b7f39,SALES_REP,2026-05-27 03:31:05.601026,{}
evt_ab4aedb0,quote_338718f5,QUOTE_SENT,rep_221b7f39,SALES_REP,2026-05-27 11:31:05.601026,{}
evt_aaf80b18,quote_338718f5,CUSTOMER_VIEWED,rep_221b7f39,SALES_REP,2026-05-28 11:31:05.601026,{}
evt_b427188c,quote_338718f5,COUNTER_OFFER,rep_221b7f39,SALES_REP,2026-05-30 11:31:05.601026,{}
evt_1971808d,quote_338718f5,QUOTE_REVISED,rep_221b7f39,SALES_REP,2026-06-01 11:31:05.601026,{}
evt_f411596e,quote_338718f5,REJECTED,rep_221b7f39,SALES_REP,2026-06-04 11:31:05.601026,{}
evt_0d35d90f,quote_becf1417,QUOTE_CREATED,rep_d5902688,SALES_REP,2025-12-03 02:10:05.601026,{}
evt_a83fa41e,quote_becf1417,PRODUCT_ADDED,rep_d5902688,SALES_REP,2025-12-03 02:44:05.601026,{}
evt_a8fbe23e,quote_becf1417,DISCOUNT_APPLIED,rep_d5902688,SALES_REP,2025-12-03 03:44:05.601026,{}
evt_1a2f8a50,quote_becf1417,QUOTE_SENT,rep_d5902688,SALES_REP,2025-12-04 00:44:05.601026,{}
evt_3a525598,quote_becf1417,CUSTOMER_VIEWED,rep_d5902688,SALES_REP,2025-12-08 00:44:05.601026,{}
evt_431a48c9,quote_becf1417,COUNTER_OFFER,rep_d5902688,SALES_REP,2025-12-11 00:44:05.601026,{}
evt_0d96f399,quote_becf1417,QUOTE_REVISED,rep_d5902688,SALES_REP,2025-12-13 00:44:05.601026,{}
evt_ce3116f9,quote_becf1417,ORDER_CONFIRMED,rep_d5902688,SALES_REP,2025-12-16 00:44:05.601026,{}
evt_a55e2784,quote_b850ace4,QUOTE_CREATED,rep_76071164,SALES_REP,2025-12-29 06:10:05.601026,{}
evt_5e5e2306,quote_b850ace4,PRODUCT_ADDED,rep_76071164,SALES_REP,2025-12-29 06:59:05.601026,{}
evt_acdf623c,quote_b850ace4,DISCOUNT_APPLIED,rep_76071164,SALES_REP,2025-12-29 07:51:05.601026,{}
evt_c35d6a8a,quote_b850ace4,QUOTE_SENT,rep_76071164,SALES_REP,2025-12-29 11:51:05.601026,{}
evt_eaf614a9,quote_b850ace4,CUSTOMER_VIEWED,rep_76071164,SALES_REP,2026-01-03 11:51:05.601026,{}
evt_18a0431c,quote_b850ace4,COUNTER_OFFER,rep_76071164,SALES_REP,2026-01-05 11:51:05.601026,{}
evt_5051a4f0,quote_b850ace4,QUOTE_REVISED,rep_76071164,SALES_REP,2026-01-07 11:51:05.601026,{}
evt_46f41ae1,quote_4295ade0,QUOTE_CREATED,rep_4fd63151,SALES_REP,2025-10-25 16:10:05.601026,{}
evt_e2ce81be,quote_4295ade0,PRODUCT_ADDED,rep_4fd63151,SALES_REP,2025-10-25 17:07:05.601026,{}
evt_4e94d363,quote_4295ade0,DISCOUNT_APPLIED,rep_4fd63151,SALES_REP,2025-10-25 17:56:05.601026,{}
evt_b3ad6b72,quote_4295ade0,QUOTE_SENT,rep_4fd63151,SALES_REP,2025-10-25 18:56:05.601026,{}
evt_1c07fa9a,quote_4295ade0,CUSTOMER_VIEWED,rep_4fd63151,SALES_REP,2025-10-29 18:56:05.601026,{}
evt_4eb5f91e,quote_4295ade0,ORDER_CONFIRMED,rep_4fd63151,SALES_REP,2025-11-03 18:56:05.601026,{}
evt_885aff42,quote_6fae0ce3,QUOTE_CREATED,rep_26645e7c,SALES_REP,2026-08-08 09:10:05.601026,{}
evt_6b28d87f,quote_6fae0ce3,PRODUCT_ADDED,rep_26645e7c,SALES_REP,2026-08-08 09:50:05.601026,{}
evt_5ab4449f,quote_6fae0ce3,DISCOUNT_APPLIED,rep_26645e7c,SALES_REP,2026-08-08 10:23:05.601026,{}
evt_0005ac81,quote_6fae0ce3,QUOTE_SENT,rep_26645e7c,SALES_REP,2026-08-08 21:23:05.601026,{}
evt_f6c887ed,quote_6fae0ce3,CUSTOMER_VIEWED,rep_26645e7c,SALES_REP,2026-08-09 21:23:05.601026,{}
evt_c3cbb441,quote_6fae0ce3,COUNTER_OFFER,rep_26645e7c,SALES_REP,2026-08-12 21:23:05.601026,{}
evt_c11ff8fb,quote_6fae0ce3,QUOTE_REVISED,rep_26645e7c,SALES_REP,2026-08-13 21:23:05.601026,{}
evt_59a8284c,quote_0ff7447b,QUOTE_CREATED,rep_221b7f39,SALES_REP,2026-06-19 14:10:05.601026,{}
evt_a934af0f,quote_0ff7447b,PRODUCT_ADDED,rep_221b7f39,SALES_REP,2026-06-19 14:25:05.601026,{}
evt_751ceefa,quote_0ff7447b,DISCOUNT_APPLIED,rep_221b7f39,SALES_REP,2026-06-19 14:57:05.601026,{}
evt_91a7a517,quote_0ff7447b,QUOTE_SENT,rep_221b7f39,SALES_REP,2026-06-20 12:57:05.601026,{}
evt_13b7f28e,quote_0ff7447b,CUSTOMER_VIEWED,rep_221b7f39,SALES_REP,2026-06-21 12:57:05.601026,{}
evt_2e05ebd6,quote_0ff7447b,COUNTER_OFFER,rep_221b7f39,SALES_REP,2026-06-22 12:57:05.601026,{}
evt_a1c34ec1,quote_0ff7447b,QUOTE_REVISED,rep_221b7f39,SALES_REP,2026-06-24 12:57:05.601026,{}
evt_fdc8a31a,quote_9b6ca935,QUOTE_CREATED,rep_71ed5975,SALES_REP,2025-11-16 00:10:05.601026,{}
evt_1e7c30ab,quote_9b6ca935,PRODUCT_ADDED,rep_71ed5975,SALES_REP,2025-11-16 00:37:05.601026,{}
evt_00e98618,quote_9b6ca935,DISCOUNT_APPLIED,rep_71ed5975,SALES_REP,2025-11-16 01:20:05.601026,{}
evt_7b986b52,quote_9b6ca935,QUOTE_SENT,rep_71ed5975,SALES_REP,2025-11-16 19:20:05.601026,{}
evt_0c8dfe3d,quote_9b6ca935,CUSTOMER_VIEWED,rep_71ed5975,SALES_REP,2025-11-21 19:20:05.601026,{}
evt_8e3bd2ce,quote_9b6ca935,COUNTER_OFFER,rep_71ed5975,SALES_REP,2025-11-22 19:20:05.601026,{}
evt_d24aa2e6,quote_9b6ca935,QUOTE_REVISED,rep_71ed5975,SALES_REP,2025-11-23 19:20:05.601026,{}
evt_53a490ce,quote_9b6ca935,REJECTED,rep_71ed5975,SALES_REP,2025-11-25 19:20:05.601026,{}
evt_3eb70df2,quote_60e5319d,QUOTE_CREATED,rep_26645e7c,SALES_REP,2025-11-16 15:10:05.601026,{}
evt_e70ee203,quote_60e5319d,PRODUCT_ADDED,rep_26645e7c,SALES_REP,2025-11-16 15:50:05.601026,{}
evt_f37f69f8,quote_60e5319d,DISCOUNT_APPLIED,rep_26645e7c,SALES_REP,2025-11-16 16:08:05.601026,{}
evt_7692da68,quote_60e5319d,QUOTE_SENT,rep_26645e7c,SALES_REP,2025-11-17 11:08:05.601026,{}
evt_835bf39d,quote_60e5319d,CUSTOMER_VIEWED,rep_26645e7c,SALES_REP,2025-11-20 11:08:05.601026,{}
evt_685b7ccc,quote_60e5319d,COUNTER_OFFER,rep_26645e7c,SALES_REP,2025-11-23 11:08:05.601026,{}
evt_294ecb6f,quote_60e5319d,QUOTE_REVISED,rep_26645e7c,SALES_REP,2025-11-25 11:08:05.601026,{}
evt_f8d0d6a1,quote_60e5319d,REJECTED,rep_26645e7c,SALES_REP,2025-11-26 11:08:05.601026,{}
evt_5c30d1e0,quote_e07fc762,QUOTE_CREATED,rep_e08a1589,SALES_REP,2026-01-16 18:10:05.601026,{}
evt_dcc7c223,quote_e07fc762,PRODUCT_ADDED,rep_e08a1589,SALES_REP,2026-01-16 18:20:05.601026,{}
evt_03b416c4,quote_e07fc762,DISCOUNT_APPLIED,rep_e08a1589,SALES_REP,2026-01-16 18:41:05.601026,{}
evt_5ad690c7,quote_e07fc762,QUOTE_SENT,rep_e08a1589,SALES_REP,2026-01-17 16:41:05.601026,{}
evt_33dcf62b,quote_e07fc762,CUSTOMER_VIEWED,rep_e08a1589,SALES_REP,2026-01-21 16:41:05.601026,{}
evt_0d77e779,quote_e07fc762,ORDER_CONFIRMED,rep_e08a1589,SALES_REP,2026-01-23 16:41:05.601026,{}
evt_8adcf240,quote_33c1e51c,QUOTE_CREATED,rep_b548fdfc,SALES_REP,2026-06-21 03:10:05.601026,{}
evt_56f9da11,quote_33c1e51c,PRODUCT_ADDED,rep_b548fdfc,SALES_REP,2026-06-21 03:53:05.601026,{}
evt_f4ccadd6,quote_33c1e51c,DISCOUNT_APPLIED,rep_b548fdfc,SALES_REP,2026-06-21 04:13:05.601026,{}
evt_3b82bea3,quote_33c1e51c,QUOTE_SENT,rep_b548fdfc,SALES_REP,2026-06-21 07:13:05.601026,{}
evt_9b114480,quote_33c1e51c,CUSTOMER_VIEWED,rep_b548fdfc,SALES_REP,2026-06-24 07:13:05.601026,{}
evt_df91765d,quote_33c1e51c,COUNTER_OFFER,rep_b548fdfc,SALES_REP,2026-06-25 07:13:05.601026,{}
evt_a81c1303,quote_33c1e51c,QUOTE_REVISED,rep_b548fdfc,SALES_REP,2026-06-27 07:13:05.601026,{}
evt_b072e63f,quote_33c1e51c,REJECTED,rep_b548fdfc,SALES_REP,2026-06-28 07:13:05.601026,{}
evt_d9c5cced,quote_a9b71477,QUOTE_CREATED,rep_221b7f39,SALES_REP,2026-03-09 16:10:05.601026,{}
evt_0de67464,quote_a9b71477,PRODUCT_ADDED,rep_221b7f39,SALES_REP,2026-03-09 16:22:05.601026,{}
evt_e23b43ff,quote_a9b71477,DISCOUNT_APPLIED,rep_221b7f39,SALES_REP,2026-03-09 16:38:05.601026,{}
evt_89bb0608,quote_a9b71477,QUOTE_SENT,rep_221b7f39,SALES_REP,2026-03-10 09:38:05.601026,{}
evt_3f7ccd54,quote_a9b71477,CUSTOMER_VIEWED,rep_221b7f39,SALES_REP,2026-03-13 09:38:05.601026,{}
evt_9fb994b1,quote_a9b71477,ORDER_CONFIRMED,rep_221b7f39,SALES_REP,2026-03-20 09:38:05.601026,{}
evt_866e4e3b,quote_f811d936,QUOTE_CREATED,rep_e08a1589,SALES_REP,2026-07-13 09:10:05.601026,{}
evt_6bf7743c,quote_f811d936,PRODUCT_ADDED,rep_e08a1589,SALES_REP,2026-07-13 09:39:05.601026,{}
evt_758e7220,quote_f811d936,DISCOUNT_APPLIED,rep_e08a1589,SALES_REP,2026-07-13 09:55:05.601026,{}
evt_e94126d3,quote_f811d936,QUOTE_SENT,rep_e08a1589,SALES_REP,2026-07-13 21:55:05.601026,{}
evt_5e3cc081,quote_f811d936,CUSTOMER_VIEWED,rep_e08a1589,SALES_REP,2026-07-18 21:55:05.601026,{}
evt_4baf311d,quote_f811d936,ORDER_CONFIRMED,rep_e08a1589,SALES_REP,2026-07-25 21:55:05.601026,{}
evt_ee2639c1,quote_5d92f670,QUOTE_CREATED,rep_76071164,SALES_REP,2025-11-24 03:10:05.601026,{}
evt_58e9823b,quote_5d92f670,PRODUCT_ADDED,rep_76071164,SALES_REP,2025-11-24 03:58:05.601026,{}
evt_108c3a51,quote_5d92f670,DISCOUNT_APPLIED,rep_76071164,SALES_REP,2025-11-24 04:41:05.601026,{}
evt_7d35ad18,quote_5d92f670,QUOTE_SENT,rep_76071164,SALES_REP,2025-11-24 18:41:05.601026,{}
evt_a32c951a,quote_5d92f670,CUSTOMER_VIEWED,rep_76071164,SALES_REP,2025-11-28 18:41:05.601026,{}
evt_68dec421,quote_5d92f670,COUNTER_OFFER,rep_76071164,SALES_REP,2025-11-30 18:41:05.601026,{}
evt_8f37f041,quote_5d92f670,QUOTE_REVISED,rep_76071164,SALES_REP,2025-12-02 18:41:05.601026,{}
evt_a97c547a,quote_5d92f670,REJECTED,rep_76071164,SALES_REP,2025-12-07 18:41:05.601026,{}
evt_ac7c933e,quote_341222fb,QUOTE_CREATED,rep_e08a1589,SALES_REP,2026-04-12 22:10:05.601026,{}
evt_d881babd,quote_341222fb,PRODUCT_ADDED,rep_e08a1589,SALES_REP,2026-04-12 23:09:05.601026,{}
evt_d213a61b,quote_341222fb,DISCOUNT_APPLIED,rep_e08a1589,SALES_REP,2026-04-12 23:19:05.601026,{}
evt_9b91e0e5,quote_341222fb,QUOTE_SENT,rep_e08a1589,SALES_REP,2026-04-13 09:19:05.601026,{}
evt_b29c0b08,quote_341222fb,CUSTOMER_VIEWED,rep_e08a1589,SALES_REP,2026-04-17 09:19:05.601026,{}
evt_ccb3f588,quote_341222fb,REJECTED,rep_e08a1589,SALES_REP,2026-04-24 09:19:05.601026,{}
evt_c5ca5bcc,quote_aa988f46,QUOTE_CREATED,rep_221b7f39,SALES_REP,2025-10-15 05:10:05.601026,{}
evt_4d545180,quote_aa988f46,PRODUCT_ADDED,rep_221b7f39,SALES_REP,2025-10-15 05:18:05.601026,{}
evt_e2d5ee37,quote_aa988f46,DISCOUNT_APPLIED,rep_221b7f39,SALES_REP,2025-10-15 05:28:05.601026,{}
evt_10ca38f0,quote_aa988f46,QUOTE_SENT,rep_221b7f39,SALES_REP,2025-10-16 05:28:05.601026,{}
evt_4268540c,quote_aa988f46,CUSTOMER_VIEWED,rep_221b7f39,SALES_REP,2025-10-19 05:28:05.601026,{}
evt_8d53ccf1,quote_85ed7f39,QUOTE_CREATED,rep_03d99ec4,SALES_REP,2026-08-17 22:10:05.601026,{}
evt_163a41f5,quote_85ed7f39,PRODUCT_ADDED,rep_03d99ec4,SALES_REP,2026-08-17 22:47:05.601026,{}
evt_4b61c5e1,quote_85ed7f39,DISCOUNT_APPLIED,rep_03d99ec4,SALES_REP,2026-08-17 23:35:05.601026,{}
evt_c086a41b,quote_85ed7f39,QUOTE_SENT,rep_03d99ec4,SALES_REP,2026-08-18 21:35:05.601026,{}
evt_1412ae66,quote_85ed7f39,CUSTOMER_VIEWED,rep_03d99ec4,SALES_REP,2026-08-23 21:35:05.601026,{}
evt_f895d080,quote_00db0398,QUOTE_CREATED,rep_d5902688,SALES_REP,2025-12-12 05:10:05.601026,{}
evt_b56396c1,quote_00db0398,PRODUCT_ADDED,rep_d5902688,SALES_REP,2025-12-12 06:02:05.601026,{}
evt_5fa06a60,quote_00db0398,DISCOUNT_APPLIED,rep_d5902688,SALES_REP,2025-12-12 06:49:05.601026,{}
evt_86193de3,quote_00db0398,QUOTE_SENT,rep_d5902688,SALES_REP,2025-12-12 23:49:05.601026,{}
evt_924ca80c,quote_00db0398,CUSTOMER_VIEWED,rep_d5902688,SALES_REP,2025-12-17 23:49:05.601026,{}
evt_e18ab60b,quote_00db0398,COUNTER_OFFER,rep_d5902688,SALES_REP,2025-12-19 23:49:05.601026,{}
evt_531bd4f1,quote_00db0398,QUOTE_REVISED,rep_d5902688,SALES_REP,2025-12-20 23:49:05.601026,{}
evt_f6f707fb,quote_00db0398,APPROVAL_REQUESTED,rep_d5902688,SALES_REP,2025-12-21 10:49:05.601026,{}
evt_56836517,quote_00db0398,APPROVED,rep_d5902688,SALES_REP,2025-12-26 10:49:05.601026,{}
evt_9a2a330f,quote_00db0398,ORDER_CONFIRMED,rep_d5902688,SALES_REP,2025-12-28 10:49:05.601026,{}
evt_f2d4244c,quote_31297624,QUOTE_CREATED,rep_03d99ec4,SALES_REP,2026-05-16 18:10:05.601026,{}
evt_6f05c04b,quote_31297624,PRODUCT_ADDED,rep_03d99ec4,SALES_REP,2026-05-16 18:58:05.601026,{}
evt_59919e10,quote_31297624,DISCOUNT_APPLIED,rep_03d99ec4,SALES_REP,2026-05-16 19:18:05.601026,{}
evt_84d35a67,quote_31297624,QUOTE_SENT,rep_03d99ec4,SALES_REP,2026-05-17 13:18:05.601026,{}
evt_512c3068,quote_31297624,CUSTOMER_VIEWED,rep_03d99ec4,SALES_REP,2026-05-18 13:18:05.601026,{}
evt_477d64a2,quote_31297624,COUNTER_OFFER,rep_03d99ec4,SALES_REP,2026-05-20 13:18:05.601026,{}
evt_12ae17ab,quote_31297624,QUOTE_REVISED,rep_03d99ec4,SALES_REP,2026-05-22 13:18:05.601026,{}
evt_1bf41c74,quote_43846fdb,QUOTE_CREATED,rep_f976f2b3,SALES_REP,2026-07-26 00:10:05.601026,{}
evt_6b50e663,quote_43846fdb,PRODUCT_ADDED,rep_f976f2b3,SALES_REP,2026-07-26 00:46:05.601026,{}
evt_caeccb3e,quote_43846fdb,DISCOUNT_APPLIED,rep_f976f2b3,SALES_REP,2026-07-26 00:54:05.601026,{}
evt_a857cf43,quote_43846fdb,QUOTE_SENT,rep_f976f2b3,SALES_REP,2026-07-26 12:54:05.601026,{}
evt_ae158336,quote_43846fdb,CUSTOMER_VIEWED,rep_f976f2b3,SALES_REP,2026-07-27 12:54:05.601026,{}
evt_355899a8,quote_67a67a89,QUOTE_CREATED,rep_b548fdfc,SALES_REP,2025-10-29 06:10:05.601026,{}
evt_cc638f8a,quote_67a67a89,PRODUCT_ADDED,rep_b548fdfc,SALES_REP,2025-10-29 06:37:05.601026,{}
evt_f313a3d2,quote_67a67a89,DISCOUNT_APPLIED,rep_b548fdfc,SALES_REP,2025-10-29 06:42:05.601026,{}
evt_b55e7ce0,quote_67a67a89,QUOTE_SENT,rep_b548fdfc,SALES_REP,2025-10-29 10:42:05.601026,{}
evt_87860e50,quote_67a67a89,CUSTOMER_VIEWED,rep_b548fdfc,SALES_REP,2025-11-02 10:42:05.601026,{}
evt_16070459,quote_67a67a89,ORDER_CONFIRMED,rep_b548fdfc,SALES_REP,2025-11-03 10:42:05.601026,{}
evt_bb8c3ba6,quote_a6eb87a4,QUOTE_CREATED,rep_e08a1589,SALES_REP,2025-12-29 21:10:05.601026,{}
evt_4cc70750,quote_a6eb87a4,PRODUCT_ADDED,rep_e08a1589,SALES_REP,2025-12-29 22:08:05.601026,{}
evt_2a2eda4c,quote_a6eb87a4,DISCOUNT_APPLIED,rep_e08a1589,SALES_REP,2025-12-29 22:41:05.601026,{}
evt_933ac9b2,quote_a6eb87a4,QUOTE_SENT,rep_e08a1589,SALES_REP,2025-12-30 04:41:05.601026,{}
evt_b777659f,quote_a6eb87a4,CUSTOMER_VIEWED,rep_e08a1589,SALES_REP,2026-01-01 04:41:05.601026,{}
evt_4c18d75e,quote_a6eb87a4,ORDER_CONFIRMED,rep_e08a1589,SALES_REP,2026-01-05 04:41:05.601026,{}
evt_463ff826,quote_518c22b6,QUOTE_CREATED,rep_26645e7c,SALES_REP,2026-01-28 07:10:05.601026,{}
evt_f79b6641,quote_518c22b6,PRODUCT_ADDED,rep_26645e7c,SALES_REP,2026-01-28 07:17:05.601026,{}
evt_beec9b0c,quote_518c22b6,DISCOUNT_APPLIED,rep_26645e7c,SALES_REP,2026-01-28 07:32:05.601026,{}
evt_6e70bab3,quote_518c22b6,QUOTE_SENT,rep_26645e7c,SALES_REP,2026-01-29 05:32:05.601026,{}
evt_7c5a2c31,quote_518c22b6,CUSTOMER_VIEWED,rep_26645e7c,SALES_REP,2026-01-31 05:32:05.601026,{}
evt_c0817d32,quote_22493896,QUOTE_CREATED,rep_221b7f39,SALES_REP,2026-04-08 21:10:05.601026,{}
evt_7f724338,quote_22493896,PRODUCT_ADDED,rep_221b7f39,SALES_REP,2026-04-08 21:39:05.601026,{}
evt_992152fb,quote_22493896,DISCOUNT_APPLIED,rep_221b7f39,SALES_REP,2026-04-08 21:52:05.601026,{}
evt_2ab916c7,quote_22493896,QUOTE_SENT,rep_221b7f39,SALES_REP,2026-04-09 01:52:05.601026,{}
evt_3c6e40bb,quote_22493896,CUSTOMER_VIEWED,rep_221b7f39,SALES_REP,2026-04-10 01:52:05.601026,{}
evt_dd3fb4ae,quote_22493896,ORDER_CONFIRMED,rep_221b7f39,SALES_REP,2026-04-12 01:52:05.601026,{}
evt_b803bd0b,quote_baffe0d9,QUOTE_CREATED,rep_b548fdfc,SALES_REP,2026-04-13 01:10:05.601026,{}
evt_377d681e,quote_baffe0d9,PRODUCT_ADDED,rep_b548fdfc,SALES_REP,2026-04-13 01:33:05.601026,{}
evt_41e95a77,quote_baffe0d9,DISCOUNT_APPLIED,rep_b548fdfc,SALES_REP,2026-04-13 02:09:05.601026,{}
evt_a8d03874,quote_baffe0d9,QUOTE_SENT,rep_b548fdfc,SALES_REP,2026-04-13 05:09:05.601026,{}
evt_6c7d1794,quote_baffe0d9,CUSTOMER_VIEWED,rep_b548fdfc,SALES_REP,2026-04-17 05:09:05.601026,{}
evt_9867eb77,quote_baffe0d9,COUNTER_OFFER,rep_b548fdfc,SALES_REP,2026-04-18 05:09:05.601026,{}
evt_ebd35017,quote_baffe0d9,QUOTE_REVISED,rep_b548fdfc,SALES_REP,2026-04-19 05:09:05.601026,{}
evt_1e54c7a2,quote_8f03b27e,QUOTE_CREATED,rep_221b7f39,SALES_REP,2026-01-18 04:10:05.601026,{}
evt_812d71ef,quote_8f03b27e,PRODUCT_ADDED,rep_221b7f39,SALES_REP,2026-01-18 05:00:05.601026,{}
evt_9fc738a5,quote_8f03b27e,DISCOUNT_APPLIED,rep_221b7f39,SALES_REP,2026-01-18 05:55:05.601026,{}
evt_f3c523c3,quote_8f03b27e,QUOTE_SENT,rep_221b7f39,SALES_REP,2026-01-18 09:55:05.601026,{}
evt_854bcdfc,quote_8f03b27e,CUSTOMER_VIEWED,rep_221b7f39,SALES_REP,2026-01-23 09:55:05.601026,{}
evt_3ddc8137,quote_8f03b27e,ORDER_CONFIRMED,rep_221b7f39,SALES_REP,2026-01-25 09:55:05.601026,{}
evt_e071e4dc,quote_5b23193f,QUOTE_CREATED,rep_26645e7c,SALES_REP,2025-11-18 19:10:05.601026,{}
evt_1365d49c,quote_5b23193f,PRODUCT_ADDED,rep_26645e7c,SALES_REP,2025-11-18 19:41:05.601026,{}
evt_20f43085,quote_5b23193f,DISCOUNT_APPLIED,rep_26645e7c,SALES_REP,2025-11-18 20:19:05.601026,{}
evt_9d45441d,quote_5b23193f,QUOTE_SENT,rep_26645e7c,SALES_REP,2025-11-19 06:19:05.601026,{}
evt_ad5e0d59,quote_5b23193f,CUSTOMER_VIEWED,rep_26645e7c,SALES_REP,2025-11-21 06:19:05.601026,{}
evt_d48c3864,quote_5b23193f,COUNTER_OFFER,rep_26645e7c,SALES_REP,2025-11-23 06:19:05.601026,{}
evt_2d8a6981,quote_5b23193f,QUOTE_REVISED,rep_26645e7c,SALES_REP,2025-11-25 06:19:05.601026,{}
evt_fba33767,quote_5b23193f,APPROVAL_REQUESTED,rep_26645e7c,SALES_REP,2025-11-25 07:19:05.601026,{}
evt_7001c989,quote_5b23193f,REJECTED,rep_26645e7c,SALES_REP,2025-11-30 07:19:05.601026,{}
evt_8f1f562c,quote_5b23193f,REJECTED,rep_26645e7c,SALES_REP,2025-12-04 07:19:05.601026,{}
evt_1451d5fd,quote_d649296c,QUOTE_CREATED,rep_f976f2b3,SALES_REP,2026-02-07 09:10:05.601026,{}
evt_1f02760d,quote_d649296c,PRODUCT_ADDED,rep_f976f2b3,SALES_REP,2026-02-07 09:41:05.601026,{}
evt_7587f1df,quote_d649296c,DISCOUNT_APPLIED,rep_f976f2b3,SALES_REP,2026-02-07 10:01:05.601026,{}
evt_6851a254,quote_d649296c,QUOTE_SENT,rep_f976f2b3,SALES_REP,2026-02-07 21:01:05.601026,{}
evt_178f40fd,quote_d649296c,CUSTOMER_VIEWED,rep_f976f2b3,SALES_REP,2026-02-08 21:01:05.601026,{}
evt_aeafcf44,quote_d649296c,COUNTER_OFFER,rep_f976f2b3,SALES_REP,2026-02-09 21:01:05.601026,{}
evt_c6a8b7fe,quote_d649296c,QUOTE_REVISED,rep_f976f2b3,SALES_REP,2026-02-10 21:01:05.601026,{}
evt_801ef7d4,quote_d649296c,ORDER_CONFIRMED,rep_f976f2b3,SALES_REP,2026-02-16 21:01:05.601026,{}
evt_79d0a38c,quote_1c7647da,QUOTE_CREATED,rep_4fd63151,SALES_REP,2026-01-12 21:10:05.601026,{}
evt_82fcbd4b,quote_1c7647da,PRODUCT_ADDED,rep_4fd63151,SALES_REP,2026-01-12 22:06:05.601026,{}
evt_eb4f49ab,quote_1c7647da,DISCOUNT_APPLIED,rep_4fd63151,SALES_REP,2026-01-12 22:34:05.601026,{}
evt_06be13ee,quote_1c7647da,QUOTE_SENT,rep_4fd63151,SALES_REP,2026-01-13 22:34:05.601026,{}
evt_975dedb6,quote_1c7647da,CUSTOMER_VIEWED,rep_4fd63151,SALES_REP,2026-01-18 22:34:05.601026,{}
evt_a3495002,quote_1c7647da,ORDER_CONFIRMED,rep_4fd63151,SALES_REP,2026-01-21 22:34:05.601026,{}
evt_f6352d92,quote_61bc19f4,QUOTE_CREATED,rep_4fd63151,SALES_REP,2026-07-25 05:10:05.601026,{}
evt_d760ae29,quote_61bc19f4,PRODUCT_ADDED,rep_4fd63151,SALES_REP,2026-07-25 06:00:05.601026,{}
evt_ce70560b,quote_61bc19f4,DISCOUNT_APPLIED,rep_4fd63151,SALES_REP,2026-07-25 06:33:05.601026,{}
evt_652ad7c2,quote_61bc19f4,QUOTE_SENT,rep_4fd63151,SALES_REP,2026-07-25 10:33:05.601026,{}
evt_13dc614e,quote_61bc19f4,CUSTOMER_VIEWED,rep_4fd63151,SALES_REP,2026-07-26 10:33:05.601026,{}
evt_96fa26ff,quote_61bc19f4,REJECTED,rep_4fd63151,SALES_REP,2026-07-31 10:33:05.601026,{}
evt_3263b53d,quote_dda3c57c,QUOTE_CREATED,rep_e08a1589,SALES_REP,2026-05-05 12:10:05.601026,{}
evt_b27b8fd1,quote_dda3c57c,PRODUCT_ADDED,rep_e08a1589,SALES_REP,2026-05-05 13:09:05.601026,{}
evt_16c83d93,quote_dda3c57c,DISCOUNT_APPLIED,rep_e08a1589,SALES_REP,2026-05-05 14:08:05.601026,{}
evt_ab48848f,quote_dda3c57c,QUOTE_SENT,rep_e08a1589,SALES_REP,2026-05-06 08:08:05.601026,{}
evt_df3cd697,quote_dda3c57c,CUSTOMER_VIEWED,rep_e08a1589,SALES_REP,2026-05-09 08:08:05.601026,{}
evt_c17f05ed,quote_dda3c57c,ORDER_CONFIRMED,rep_e08a1589,SALES_REP,2026-05-13 08:08:05.601026,{}
evt_cb2e6d97,quote_7477d1f1,QUOTE_CREATED,rep_f976f2b3,SALES_REP,2025-11-30 01:10:05.601026,{}
evt_566900c3,quote_7477d1f1,PRODUCT_ADDED,rep_f976f2b3,SALES_REP,2025-11-30 01:51:05.601026,{}
evt_fb678804,quote_7477d1f1,DISCOUNT_APPLIED,rep_f976f2b3,SALES_REP,2025-11-30 01:59:05.601026,{}
evt_4921d6ba,quote_7477d1f1,QUOTE_SENT,rep_f976f2b3,SALES_REP,2025-12-01 00:59:05.601026,{}
evt_2dd74b27,quote_7477d1f1,CUSTOMER_VIEWED,rep_f976f2b3,SALES_REP,2025-12-03 00:59:05.601026,{}
evt_bd3b98db,quote_7477d1f1,REJECTED,rep_f976f2b3,SALES_REP,2025-12-07 00:59:05.601026,{}
evt_a41bdb8c,quote_cf217ad9,QUOTE_CREATED,rep_76071164,SALES_REP,2026-05-25 08:10:05.601026,{}
evt_f4f45056,quote_cf217ad9,PRODUCT_ADDED,rep_76071164,SALES_REP,2026-05-25 08:50:05.601026,{}
evt_5d32513e,quote_cf217ad9,DISCOUNT_APPLIED,rep_76071164,SALES_REP,2026-05-25 09:44:05.601026,{}
evt_c0eff24f,quote_cf217ad9,QUOTE_SENT,rep_76071164,SALES_REP,2026-05-25 22:44:05.601026,{}
evt_5d545b8c,quote_cf217ad9,CUSTOMER_VIEWED,rep_76071164,SALES_REP,2026-05-29 22:44:05.601026,{}
evt_472f3291,quote_cf217ad9,ORDER_CONFIRMED,rep_76071164,SALES_REP,2026-05-31 22:44:05.601026,{}
evt_5d831244,quote_c417be00,QUOTE_CREATED,rep_71ed5975,SALES_REP,2026-05-21 04:10:05.601026,{}
evt_ef8ad841,quote_c417be00,PRODUCT_ADDED,rep_71ed5975,SALES_REP,2026-05-21 04:29:05.601026,{}
evt_29bcbf9f,quote_c417be00,DISCOUNT_APPLIED,rep_71ed5975,SALES_REP,2026-05-21 04:52:05.601026,{}
evt_b788e7ff,quote_c417be00,QUOTE_SENT,rep_71ed5975,SALES_REP,2026-05-22 03:52:05.601026,{}
evt_06921408,quote_c417be00,CUSTOMER_VIEWED,rep_71ed5975,SALES_REP,2026-05-25 03:52:05.601026,{}
evt_a171030c,quote_4772e6de,QUOTE_CREATED,rep_f976f2b3,SALES_REP,2026-06-05 13:10:05.601026,{}
evt_4160b794,quote_4772e6de,PRODUCT_ADDED,rep_f976f2b3,SALES_REP,2026-06-05 13:23:05.601026,{}
evt_ee68fb97,quote_4772e6de,DISCOUNT_APPLIED,rep_f976f2b3,SALES_REP,2026-06-05 13:45:05.601026,{}
evt_d495b09a,quote_4772e6de,QUOTE_SENT,rep_f976f2b3,SALES_REP,2026-06-05 15:45:05.601026,{}
evt_00124a78,quote_4772e6de,CUSTOMER_VIEWED,rep_f976f2b3,SALES_REP,2026-06-07 15:45:05.601026,{}
evt_294d1259,quote_baaf55a4,QUOTE_CREATED,rep_221b7f39,SALES_REP,2025-09-06 02:10:05.601026,{}
evt_0efe7a2c,quote_baaf55a4,PRODUCT_ADDED,rep_221b7f39,SALES_REP,2025-09-06 02:20:05.601026,{}
evt_577d6026,quote_baaf55a4,DISCOUNT_APPLIED,rep_221b7f39,SALES_REP,2025-09-06 03:10:05.601026,{}
evt_d0918527,quote_baaf55a4,QUOTE_SENT,rep_221b7f39,SALES_REP,2025-09-06 21:10:05.601026,{}
evt_dc7ad090,quote_baaf55a4,CUSTOMER_VIEWED,rep_221b7f39,SALES_REP,2025-09-09 21:10:05.601026,{}
evt_0ddfd467,quote_baaf55a4,ORDER_CONFIRMED,rep_221b7f39,SALES_REP,2025-09-13 21:10:05.601026,{}
evt_d132ff49,quote_7f99589e,QUOTE_CREATED,rep_26645e7c,SALES_REP,2026-01-26 11:10:05.601026,{}
evt_a5a2cae6,quote_7f99589e,PRODUCT_ADDED,rep_26645e7c,SALES_REP,2026-01-26 12:02:05.601026,{}
evt_33b25b6a,quote_7f99589e,DISCOUNT_APPLIED,rep_26645e7c,SALES_REP,2026-01-26 12:51:05.601026,{}
evt_c2dd0c21,quote_7f99589e,QUOTE_SENT,rep_26645e7c,SALES_REP,2026-01-27 01:51:05.601026,{}
evt_4a519841,quote_7f99589e,CUSTOMER_VIEWED,rep_26645e7c,SALES_REP,2026-01-30 01:51:05.601026,{}
evt_7cb5fc7e,quote_7f99589e,ORDER_CONFIRMED,rep_26645e7c,SALES_REP,2026-02-05 01:51:05.601026,{}
evt_b98a14fc,quote_975cddd4,QUOTE_CREATED,rep_03d99ec4,SALES_REP,2025-11-23 20:10:05.601026,{}
evt_f89689e3,quote_975cddd4,PRODUCT_ADDED,rep_03d99ec4,SALES_REP,2025-11-23 20:24:05.601026,{}
evt_02e62b3f,quote_975cddd4,DISCOUNT_APPLIED,rep_03d99ec4,SALES_REP,2025-11-23 20:59:05.601026,{}
evt_78d6ec67,quote_975cddd4,QUOTE_SENT,rep_03d99ec4,SALES_REP,2025-11-23 23:59:05.601026,{}
evt_2c63e5c1,quote_975cddd4,CUSTOMER_VIEWED,rep_03d99ec4,SALES_REP,2025-11-27 23:59:05.601026,{}
evt_012ca4e3,quote_975cddd4,COUNTER_OFFER,rep_03d99ec4,SALES_REP,2025-11-28 23:59:05.601026,{}
evt_8860bb22,quote_975cddd4,QUOTE_REVISED,rep_03d99ec4,SALES_REP,2025-11-29 23:59:05.601026,{}
evt_dc958cc9,quote_975cddd4,REJECTED,rep_03d99ec4,SALES_REP,2025-12-01 23:59:05.601026,{}
evt_d63d81f4,quote_64569220,QUOTE_CREATED,rep_71ed5975,SALES_REP,2025-12-07 02:10:05.601026,{}
evt_37b4fc6c,quote_64569220,PRODUCT_ADDED,rep_71ed5975,SALES_REP,2025-12-07 02:19:05.601026,{}
evt_203d66a2,quote_64569220,DISCOUNT_APPLIED,rep_71ed5975,SALES_REP,2025-12-07 02:33:05.601026,{}
evt_bf4dd873,quote_64569220,QUOTE_SENT,rep_71ed5975,SALES_REP,2025-12-07 05:33:05.601026,{}
evt_bd6e16f3,quote_64569220,CUSTOMER_VIEWED,rep_71ed5975,SALES_REP,2025-12-11 05:33:05.601026,{}
evt_16bb8933,quote_64569220,COUNTER_OFFER,rep_71ed5975,SALES_REP,2025-12-14 05:33:05.601026,{}
evt_727f6513,quote_64569220,QUOTE_REVISED,rep_71ed5975,SALES_REP,2025-12-16 05:33:05.601026,{}
evt_c735497c,quote_64569220,ORDER_CONFIRMED,rep_71ed5975,SALES_REP,2025-12-17 05:33:05.601026,{}
evt_bdf73c9b,quote_e8b5cec9,QUOTE_CREATED,rep_221b7f39,SALES_REP,2025-09-12 02:10:05.601026,{}
evt_4d2c8889,quote_e8b5cec9,PRODUCT_ADDED,rep_221b7f39,SALES_REP,2025-09-12 02:20:05.601026,{}
evt_a5993feb,quote_e8b5cec9,DISCOUNT_APPLIED,rep_221b7f39,SALES_REP,2025-09-12 02:42:05.601026,{}
evt_53151d47,quote_e8b5cec9,QUOTE_SENT,rep_221b7f39,SALES_REP,2025-09-12 07:42:05.601026,{}
evt_e63736e4,quote_e8b5cec9,CUSTOMER_VIEWED,rep_221b7f39,SALES_REP,2025-09-17 07:42:05.601026,{}
evt_f9137353,quote_e8b5cec9,COUNTER_OFFER,rep_221b7f39,SALES_REP,2025-09-18 07:42:05.601026,{}
evt_f4ced85f,quote_e8b5cec9,QUOTE_REVISED,rep_221b7f39,SALES_REP,2025-09-19 07:42:05.601026,{}
evt_0ceb629d,quote_e8b5cec9,REJECTED,rep_221b7f39,SALES_REP,2025-09-24 07:42:05.601026,{}
evt_3eefbc32,quote_ac046219,QUOTE_CREATED,rep_b548fdfc,SALES_REP,2025-10-18 12:10:05.601026,{}
evt_f0730a08,quote_ac046219,PRODUCT_ADDED,rep_b548fdfc,SALES_REP,2025-10-18 12:43:05.601026,{}
evt_27247a1c,quote_ac046219,DISCOUNT_APPLIED,rep_b548fdfc,SALES_REP,2025-10-18 13:40:05.601026,{}
evt_bcb0d93e,quote_ac046219,QUOTE_SENT,rep_b548fdfc,SALES_REP,2025-10-18 19:40:05.601026,{}
evt_03f5aca3,quote_ac046219,CUSTOMER_VIEWED,rep_b548fdfc,SALES_REP,2025-10-21 19:40:05.601026,{}
evt_3f4b8a05,quote_ac046219,REJECTED,rep_b548fdfc,SALES_REP,2025-10-23 19:40:05.601026,{}
evt_3c563f68,quote_02f38785,QUOTE_CREATED,rep_f976f2b3,SALES_REP,2026-06-11 04:10:05.601026,{}
evt_00b228aa,quote_02f38785,PRODUCT_ADDED,rep_f976f2b3,SALES_REP,2026-06-11 05:07:05.601026,{}
evt_5d251560,quote_02f38785,DISCOUNT_APPLIED,rep_f976f2b3,SALES_REP,2026-06-11 05:14:05.601026,{}
evt_eb324b2e,quote_02f38785,QUOTE_SENT,rep_f976f2b3,SALES_REP,2026-06-11 09:14:05.601026,{}
evt_2513ce18,quote_02f38785,CUSTOMER_VIEWED,rep_f976f2b3,SALES_REP,2026-06-16 09:14:05.601026,{}
evt_0da3e098,quote_02f38785,COUNTER_OFFER,rep_f976f2b3,SALES_REP,2026-06-19 09:14:05.601026,{}
evt_1c415412,quote_02f38785,QUOTE_REVISED,rep_f976f2b3,SALES_REP,2026-06-21 09:14:05.601026,{}
evt_9f3351fd,quote_02f38785,REJECTED,rep_f976f2b3,SALES_REP,2026-06-23 09:14:05.601026,{}
evt_4f877f79,quote_598c84c0,QUOTE_CREATED,rep_26645e7c,SALES_REP,2025-09-17 13:10:05.601026,{}
evt_43d467f0,quote_598c84c0,PRODUCT_ADDED,rep_26645e7c,SALES_REP,2025-09-17 13:22:05.601026,{}
evt_76e24fc4,quote_598c84c0,DISCOUNT_APPLIED,rep_26645e7c,SALES_REP,2025-09-17 13:58:05.601026,{}
evt_529a2f44,quote_598c84c0,QUOTE_SENT,rep_26645e7c,SALES_REP,2025-09-17 19:58:05.601026,{}
evt_27c75e2b,quote_598c84c0,CUSTOMER_VIEWED,rep_26645e7c,SALES_REP,2025-09-18 19:58:05.601026,{}
evt_c8dc7d33,quote_598c84c0,COUNTER_OFFER,rep_26645e7c,SALES_REP,2025-09-20 19:58:05.601026,{}
evt_c9585a69,quote_598c84c0,QUOTE_REVISED,rep_26645e7c,SALES_REP,2025-09-22 19:58:05.601026,{}
evt_b7ccacdf,quote_9b6476c1,QUOTE_CREATED,rep_b548fdfc,SALES_REP,2025-11-04 17:10:05.601026,{}
evt_a1fdcb62,quote_9b6476c1,PRODUCT_ADDED,rep_b548fdfc,SALES_REP,2025-11-04 17:24:05.601026,{}
evt_4deb18ab,quote_9b6476c1,DISCOUNT_APPLIED,rep_b548fdfc,SALES_REP,2025-11-04 17:40:05.601026,{}
evt_5b778ff2,quote_9b6476c1,QUOTE_SENT,rep_b548fdfc,SALES_REP,2025-11-05 07:40:05.601026,{}
evt_bcb2ccb1,quote_9b6476c1,CUSTOMER_VIEWED,rep_b548fdfc,SALES_REP,2025-11-10 07:40:05.601026,{}
evt_1bab79fb,quote_9b6476c1,REJECTED,rep_b548fdfc,SALES_REP,2025-11-12 07:40:05.601026,{}
evt_86405cd3,quote_714124d5,QUOTE_CREATED,rep_03d99ec4,SALES_REP,2025-11-21 03:10:05.601026,{}
evt_11e04a38,quote_714124d5,PRODUCT_ADDED,rep_03d99ec4,SALES_REP,2025-11-21 03:31:05.601026,{}
evt_22ce20de,quote_714124d5,DISCOUNT_APPLIED,rep_03d99ec4,SALES_REP,2025-11-21 04:27:05.601026,{}
evt_5046a188,quote_714124d5,QUOTE_SENT,rep_03d99ec4,SALES_REP,2025-11-22 03:27:05.601026,{}
evt_19c69816,quote_714124d5,CUSTOMER_VIEWED,rep_03d99ec4,SALES_REP,2025-11-23 03:27:05.601026,{}
evt_6621177c,quote_714124d5,ORDER_CONFIRMED,rep_03d99ec4,SALES_REP,2025-11-30 03:27:05.601026,{}
evt_ae6bce79,quote_fb10fa8b,QUOTE_CREATED,rep_71ed5975,SALES_REP,2025-10-09 09:10:05.601026,{}
evt_8e0c9265,quote_fb10fa8b,PRODUCT_ADDED,rep_71ed5975,SALES_REP,2025-10-09 09:20:05.601026,{}
evt_b204dfcb,quote_fb10fa8b,DISCOUNT_APPLIED,rep_71ed5975,SALES_REP,2025-10-09 09:45:05.601026,{}
evt_52caf6bb,quote_fb10fa8b,QUOTE_SENT,rep_71ed5975,SALES_REP,2025-10-09 14:45:05.601026,{}
evt_7154393b,quote_fb10fa8b,CUSTOMER_VIEWED,rep_71ed5975,SALES_REP,2025-10-11 14:45:05.601026,{}
evt_b75c9258,quote_fb10fa8b,REJECTED,rep_71ed5975,SALES_REP,2025-10-14 14:45:05.601026,{}
evt_af314e58,quote_25fa548d,QUOTE_CREATED,rep_71ed5975,SALES_REP,2026-04-10 21:10:05.601026,{}
evt_8bc21b64,quote_25fa548d,PRODUCT_ADDED,rep_71ed5975,SALES_REP,2026-04-10 21:55:05.601026,{}
evt_c18ef885,quote_25fa548d,DISCOUNT_APPLIED,rep_71ed5975,SALES_REP,2026-04-10 22:21:05.601026,{}
evt_90ea988f,quote_25fa548d,QUOTE_SENT,rep_71ed5975,SALES_REP,2026-04-11 03:21:05.601026,{}
evt_137586fc,quote_25fa548d,CUSTOMER_VIEWED,rep_71ed5975,SALES_REP,2026-04-13 03:21:05.601026,{}
evt_f5d61a3c,quote_25fa548d,ORDER_CONFIRMED,rep_71ed5975,SALES_REP,2026-04-18 03:21:05.601026,{}
evt_e68ead14,quote_13f20077,QUOTE_CREATED,rep_221b7f39,SALES_REP,2026-06-30 04:10:05.601026,{}
evt_bc2c4929,quote_13f20077,PRODUCT_ADDED,rep_221b7f39,SALES_REP,2026-06-30 04:20:05.601026,{}
evt_b5b3c837,quote_13f20077,DISCOUNT_APPLIED,rep_221b7f39,SALES_REP,2026-06-30 04:40:05.601026,{}
evt_9feffcb8,quote_13f20077,QUOTE_SENT,rep_221b7f39,SALES_REP,2026-06-30 16:40:05.601026,{}
evt_83650f1a,quote_13f20077,CUSTOMER_VIEWED,rep_221b7f39,SALES_REP,2026-07-01 16:40:05.601026,{}
evt_19e7da1b,quote_13f20077,COUNTER_OFFER,rep_221b7f39,SALES_REP,2026-07-02 16:40:05.601026,{}
evt_a8c45662,quote_13f20077,QUOTE_REVISED,rep_221b7f39,SALES_REP,2026-07-04 16:40:05.601026,{}
evt_d9a69367,quote_13f20077,ORDER_CONFIRMED,rep_221b7f39,SALES_REP,2026-07-09 16:40:05.601026,{}
evt_abd6f711,quote_4a457a94,QUOTE_CREATED,rep_4fd63151,SALES_REP,2026-02-02 20:10:05.601026,{}
evt_f6b05d1c,quote_4a457a94,PRODUCT_ADDED,rep_4fd63151,SALES_REP,2026-02-02 20:28:05.601026,{}
evt_cc02b873,quote_4a457a94,DISCOUNT_APPLIED,rep_4fd63151,SALES_REP,2026-02-02 21:25:05.601026,{}
evt_9deed182,quote_4a457a94,QUOTE_SENT,rep_4fd63151,SALES_REP,2026-02-03 05:25:05.601026,{}
evt_06198eb2,quote_4a457a94,CUSTOMER_VIEWED,rep_4fd63151,SALES_REP,2026-02-04 05:25:05.601026,{}
evt_b6005a39,quote_4a457a94,ORDER_CONFIRMED,rep_4fd63151,SALES_REP,2026-02-05 05:25:05.601026,{}
evt_a6bca4f4,quote_0f5d1f7b,QUOTE_CREATED,rep_f976f2b3,SALES_REP,2025-10-30 03:10:05.601026,{}
evt_bbe39a9f,quote_0f5d1f7b,PRODUCT_ADDED,rep_f976f2b3,SALES_REP,2025-10-30 03:25:05.601026,{}
evt_a1a452ea,quote_0f5d1f7b,DISCOUNT_APPLIED,rep_f976f2b3,SALES_REP,2025-10-30 03:31:05.601026,{}
evt_a892957e,quote_0f5d1f7b,QUOTE_SENT,rep_f976f2b3,SALES_REP,2025-10-30 08:31:05.601026,{}
evt_68d66045,quote_0f5d1f7b,CUSTOMER_VIEWED,rep_f976f2b3,SALES_REP,2025-11-02 08:31:05.601026,{}
evt_a6569f67,quote_0f5d1f7b,COUNTER_OFFER,rep_f976f2b3,SALES_REP,2025-11-03 08:31:05.601026,{}
evt_5f22efb8,quote_0f5d1f7b,QUOTE_REVISED,rep_f976f2b3,SALES_REP,2025-11-04 08:31:05.601026,{}
evt_ddcb4efd,quote_0f5d1f7b,REJECTED,rep_f976f2b3,SALES_REP,2025-11-05 08:31:05.601026,{}
evt_dfc2a6cc,quote_02f924a5,QUOTE_CREATED,rep_03d99ec4,SALES_REP,2025-11-20 11:10:05.601026,{}
evt_11858beb,quote_02f924a5,PRODUCT_ADDED,rep_03d99ec4,SALES_REP,2025-11-20 11:34:05.601026,{}
evt_a2427bef,quote_02f924a5,DISCOUNT_APPLIED,rep_03d99ec4,SALES_REP,2025-11-20 12:09:05.601026,{}
evt_90cb2e38,quote_02f924a5,QUOTE_SENT,rep_03d99ec4,SALES_REP,2025-11-21 02:09:05.601026,{}
evt_7c9625f1,quote_02f924a5,CUSTOMER_VIEWED,rep_03d99ec4,SALES_REP,2025-11-24 02:09:05.601026,{}
evt_2e47cc1d,quote_02f924a5,ORDER_CONFIRMED,rep_03d99ec4,SALES_REP,2025-11-30 02:09:05.601026,{}
evt_f5440386,quote_81529af2,QUOTE_CREATED,rep_4fd63151,SALES_REP,2026-05-20 11:10:05.601026,{}
evt_6e299ee0,quote_81529af2,PRODUCT_ADDED,rep_4fd63151,SALES_REP,2026-05-20 11:31:05.601026,{}
evt_0706ee3c,quote_81529af2,DISCOUNT_APPLIED,rep_4fd63151,SALES_REP,2026-05-20 12:12:05.601026,{}
evt_8dda3dc8,quote_81529af2,QUOTE_SENT,rep_4fd63151,SALES_REP,2026-05-21 05:12:05.601026,{}
evt_1bd7f610,quote_81529af2,CUSTOMER_VIEWED,rep_4fd63151,SALES_REP,2026-05-24 05:12:05.601026,{}
evt_a808f56d,quote_81529af2,APPROVAL_REQUESTED,rep_4fd63151,SALES_REP,2026-05-24 12:12:05.601026,{}
evt_27f30ea5,quote_81529af2,APPROVED,rep_4fd63151,SALES_REP,2026-05-26 12:12:05.601026,{}
evt_423f6700,quote_81529af2,ORDER_CONFIRMED,rep_4fd63151,SALES_REP,2026-05-29 12:12:05.601026,{}
evt_d2fb07aa,quote_3e53d78a,QUOTE_CREATED,rep_d5902688,SALES_REP,2025-10-03 13:10:05.601026,{}
evt_56a79ec8,quote_3e53d78a,PRODUCT_ADDED,rep_d5902688,SALES_REP,2025-10-03 14:07:05.601026,{}
evt_a6aeb7fe,quote_3e53d78a,DISCOUNT_APPLIED,rep_d5902688,SALES_REP,2025-10-03 14:36:05.601026,{}
evt_094e50ca,quote_3e53d78a,QUOTE_SENT,rep_d5902688,SALES_REP,2025-10-03 20:36:05.601026,{}
evt_1b66b30f,quote_3e53d78a,CUSTOMER_VIEWED,rep_d5902688,SALES_REP,2025-10-04 20:36:05.601026,{}
evt_e45f1123,quote_3e53d78a,ORDER_CONFIRMED,rep_d5902688,SALES_REP,2025-10-10 20:36:05.601026,{}
evt_2a7e64bf,quote_3d28b1f2,QUOTE_CREATED,rep_d5902688,SALES_REP,2026-02-23 06:10:05.601026,{}
evt_08c384dc,quote_3d28b1f2,PRODUCT_ADDED,rep_d5902688,SALES_REP,2026-02-23 06:19:05.601026,{}
evt_c33a52ce,quote_3d28b1f2,DISCOUNT_APPLIED,rep_d5902688,SALES_REP,2026-02-23 06:37:05.601026,{}
evt_2a010d48,quote_3d28b1f2,QUOTE_SENT,rep_d5902688,SALES_REP,2026-02-24 02:37:05.601026,{}
evt_3f16193a,quote_3d28b1f2,CUSTOMER_VIEWED,rep_d5902688,SALES_REP,2026-02-25 02:37:05.601026,{}
evt_f880ee77,quote_3d28b1f2,ORDER_CONFIRMED,rep_d5902688,SALES_REP,2026-02-28 02:37:05.601026,{}
evt_a9656f59,quote_803e2dc2,QUOTE_CREATED,rep_221b7f39,SALES_REP,2026-06-24 00:10:05.601026,{}
evt_5d54f3d5,quote_803e2dc2,PRODUCT_ADDED,rep_221b7f39,SALES_REP,2026-06-24 00:35:05.601026,{}
evt_7c161868,quote_803e2dc2,DISCOUNT_APPLIED,rep_221b7f39,SALES_REP,2026-06-24 00:45:05.601026,{}
evt_4e8d7d1d,quote_803e2dc2,QUOTE_SENT,rep_221b7f39,SALES_REP,2026-06-24 10:45:05.601026,{}
evt_86484cca,quote_803e2dc2,CUSTOMER_VIEWED,rep_221b7f39,SALES_REP,2026-06-25 10:45:05.601026,{}
evt_a99ebdd5,quote_803e2dc2,ORDER_CONFIRMED,rep_221b7f39,SALES_REP,2026-07-02 10:45:05.601026,{}
evt_99a314e6,quote_6f0b4525,QUOTE_CREATED,rep_b548fdfc,SALES_REP,2025-11-11 04:10:05.601026,{}
evt_c5303de8,quote_6f0b4525,PRODUCT_ADDED,rep_b548fdfc,SALES_REP,2025-11-11 05:02:05.601026,{}
evt_cef8c1c1,quote_6f0b4525,DISCOUNT_APPLIED,rep_b548fdfc,SALES_REP,2025-11-11 05:39:05.601026,{}
evt_0f180f6b,quote_6f0b4525,QUOTE_SENT,rep_b548fdfc,SALES_REP,2025-11-11 09:39:05.601026,{}
evt_4f40a469,quote_6f0b4525,CUSTOMER_VIEWED,rep_b548fdfc,SALES_REP,2025-11-16 09:39:05.601026,{}
evt_34f45f31,quote_6f0b4525,REJECTED,rep_b548fdfc,SALES_REP,2025-11-18 09:39:05.601026,{}
evt_735aa7da,quote_419cd260,QUOTE_CREATED,rep_d5902688,SALES_REP,2026-03-19 21:10:05.601026,{}
evt_74c5aa81,quote_419cd260,PRODUCT_ADDED,rep_d5902688,SALES_REP,2026-03-19 21:28:05.601026,{}
evt_e145496a,quote_419cd260,DISCOUNT_APPLIED,rep_d5902688,SALES_REP,2026-03-19 22:24:05.601026,{}
evt_415d15a8,quote_419cd260,QUOTE_SENT,rep_d5902688,SALES_REP,2026-03-20 20:24:05.601026,{}
evt_c98131bc,quote_419cd260,CUSTOMER_VIEWED,rep_d5902688,SALES_REP,2026-03-22 20:24:05.601026,{}
evt_f551c56b,quote_419cd260,ORDER_CONFIRMED,rep_d5902688,SALES_REP,2026-03-24 20:24:05.601026,{}
evt_0c5ad336,quote_6c5dfb49,QUOTE_CREATED,rep_d5902688,SALES_REP,2026-04-13 07:10:05.601026,{}
evt_d54e1ed1,quote_6c5dfb49,PRODUCT_ADDED,rep_d5902688,SALES_REP,2026-04-13 07:28:05.601026,{}
evt_32f68fff,quote_6c5dfb49,DISCOUNT_APPLIED,rep_d5902688,SALES_REP,2026-04-13 08:12:05.601026,{}
evt_f5544e79,quote_6c5dfb49,QUOTE_SENT,rep_d5902688,SALES_REP,2026-04-14 04:12:05.601026,{}
evt_b8fa30e0,quote_6c5dfb49,CUSTOMER_VIEWED,rep_d5902688,SALES_REP,2026-04-15 04:12:05.601026,{}
evt_1e32daaa,quote_540e2a1b,QUOTE_CREATED,rep_71ed5975,SALES_REP,2025-10-24 06:10:05.601026,{}
evt_c18b795f,quote_540e2a1b,PRODUCT_ADDED,rep_71ed5975,SALES_REP,2025-10-24 06:21:05.601026,{}
evt_8c68538d,quote_540e2a1b,DISCOUNT_APPLIED,rep_71ed5975,SALES_REP,2025-10-24 06:55:05.601026,{}
evt_e6ce2de0,quote_540e2a1b,QUOTE_SENT,rep_71ed5975,SALES_REP,2025-10-24 17:55:05.601026,{}
evt_16967830,quote_540e2a1b,CUSTOMER_VIEWED,rep_71ed5975,SALES_REP,2025-10-26 17:55:05.601026,{}
evt_90d9a77b,quote_91734e1a,QUOTE_CREATED,rep_e08a1589,SALES_REP,2026-06-27 17:10:05.601026,{}
evt_e20ae0fc,quote_91734e1a,PRODUCT_ADDED,rep_e08a1589,SALES_REP,2026-06-27 18:04:05.601026,{}
evt_f1dc1089,quote_91734e1a,DISCOUNT_APPLIED,rep_e08a1589,SALES_REP,2026-06-27 18:38:05.601026,{}
evt_85eadf49,quote_91734e1a,QUOTE_SENT,rep_e08a1589,SALES_REP,2026-06-28 03:38:05.601026,{}
evt_dfc966c9,quote_91734e1a,CUSTOMER_VIEWED,rep_e08a1589,SALES_REP,2026-07-02 03:38:05.601026,{}
evt_3c1052fc,quote_91734e1a,REJECTED,rep_e08a1589,SALES_REP,2026-07-09 03:38:05.601026,{}
evt_2f5b71e3,quote_e29295c2,QUOTE_CREATED,rep_4fd63151,SALES_REP,2025-11-08 00:10:05.601026,{}
evt_82f26525,quote_e29295c2,PRODUCT_ADDED,rep_4fd63151,SALES_REP,2025-11-08 00:41:05.601026,{}
evt_91154cd7,quote_e29295c2,DISCOUNT_APPLIED,rep_4fd63151,SALES_REP,2025-11-08 01:18:05.601026,{}
evt_49f395d3,quote_e29295c2,QUOTE_SENT,rep_4fd63151,SALES_REP,2025-11-08 16:18:05.601026,{}
evt_0f9b6d3b,quote_e29295c2,CUSTOMER_VIEWED,rep_4fd63151,SALES_REP,2025-11-11 16:18:05.601026,{}
evt_03745322,quote_39bf4aa0,QUOTE_CREATED,rep_d5902688,SALES_REP,2026-07-31 07:10:05.601026,{}
evt_5accfeda,quote_39bf4aa0,PRODUCT_ADDED,rep_d5902688,SALES_REP,2026-07-31 07:24:05.601026,{}
evt_162ffc0d,quote_39bf4aa0,DISCOUNT_APPLIED,rep_d5902688,SALES_REP,2026-07-31 08:23:05.601026,{}
evt_887e4b78,quote_39bf4aa0,QUOTE_SENT,rep_d5902688,SALES_REP,2026-07-31 12:23:05.601026,{}
evt_c876daff,quote_39bf4aa0,CUSTOMER_VIEWED,rep_d5902688,SALES_REP,2026-08-03 12:23:05.601026,{}
evt_e8a6ad4a,quote_39bf4aa0,REJECTED,rep_d5902688,SALES_REP,2026-08-08 12:23:05.601026,{}
evt_a0777ae8,quote_e9a1af6f,QUOTE_CREATED,rep_221b7f39,SALES_REP,2025-12-28 18:10:05.601026,{}
evt_7eefed5e,quote_e9a1af6f,PRODUCT_ADDED,rep_221b7f39,SALES_REP,2025-12-28 18:44:05.601026,{}
evt_ba48bf78,quote_e9a1af6f,DISCOUNT_APPLIED,rep_221b7f39,SALES_REP,2025-12-28 19:18:05.601026,{}
evt_8f8435bd,quote_e9a1af6f,QUOTE_SENT,rep_221b7f39,SALES_REP,2025-12-29 16:18:05.601026,{}
evt_82a9310f,quote_e9a1af6f,CUSTOMER_VIEWED,rep_221b7f39,SALES_REP,2026-01-03 16:18:05.601026,{}
evt_fb778809,quote_472b2298,QUOTE_CREATED,rep_221b7f39,SALES_REP,2025-12-07 05:10:05.601026,{}
evt_dd291595,quote_472b2298,PRODUCT_ADDED,rep_221b7f39,SALES_REP,2025-12-07 05:32:05.601026,{}
evt_f7c2daf8,quote_472b2298,DISCOUNT_APPLIED,rep_221b7f39,SALES_REP,2025-12-07 06:06:05.601026,{}
evt_c0345587,quote_472b2298,QUOTE_SENT,rep_221b7f39,SALES_REP,2025-12-07 08:06:05.601026,{}
evt_2bea132b,quote_472b2298,CUSTOMER_VIEWED,rep_221b7f39,SALES_REP,2025-12-12 08:06:05.601026,{}
evt_fbb3175d,quote_472b2298,COUNTER_OFFER,rep_221b7f39,SALES_REP,2025-12-14 08:06:05.601026,{}
evt_9c107e3d,quote_472b2298,QUOTE_REVISED,rep_221b7f39,SALES_REP,2025-12-15 08:06:05.601026,{}
evt_ccce7ac9,quote_472b2298,ORDER_CONFIRMED,rep_221b7f39,SALES_REP,2025-12-21 08:06:05.601026,{}
evt_0e88ca1e,quote_c2155cb1,QUOTE_CREATED,rep_b548fdfc,SALES_REP,2026-04-13 21:10:05.601026,{}
evt_3462a6e1,quote_c2155cb1,PRODUCT_ADDED,rep_b548fdfc,SALES_REP,2026-04-13 21:58:05.601026,{}
evt_6ac1abd7,quote_c2155cb1,DISCOUNT_APPLIED,rep_b548fdfc,SALES_REP,2026-04-13 22:30:05.601026,{}
evt_736dc18d,quote_c2155cb1,QUOTE_SENT,rep_b548fdfc,SALES_REP,2026-04-14 07:30:05.601026,{}
evt_80d724f0,quote_c2155cb1,CUSTOMER_VIEWED,rep_b548fdfc,SALES_REP,2026-04-17 07:30:05.601026,{}
evt_f4140298,quote_c2155cb1,REJECTED,rep_b548fdfc,SALES_REP,2026-04-18 07:30:05.601026,{}
evt_7d3d99c6,quote_102ceb7e,QUOTE_CREATED,rep_221b7f39,SALES_REP,2026-01-23 18:10:05.601026,{}
evt_175c40fe,quote_102ceb7e,PRODUCT_ADDED,rep_221b7f39,SALES_REP,2026-01-23 18:41:05.601026,{}
evt_15490200,quote_102ceb7e,DISCOUNT_APPLIED,rep_221b7f39,SALES_REP,2026-01-23 19:19:05.601026,{}
evt_203010a5,quote_102ceb7e,QUOTE_SENT,rep_221b7f39,SALES_REP,2026-01-24 02:19:05.601026,{}
evt_cd0371b6,quote_102ceb7e,CUSTOMER_VIEWED,rep_221b7f39,SALES_REP,2026-01-27 02:19:05.601026,{}
evt_557ba6ae,quote_102ceb7e,COUNTER_OFFER,rep_221b7f39,SALES_REP,2026-01-28 02:19:05.601026,{}
evt_21ffe2d4,quote_102ceb7e,QUOTE_REVISED,rep_221b7f39,SALES_REP,2026-01-29 02:19:05.601026,{}
evt_d2d80637,quote_102ceb7e,ORDER_CONFIRMED,rep_221b7f39,SALES_REP,2026-02-02 02:19:05.601026,{}
evt_c19334e6,quote_882d43ab,QUOTE_CREATED,rep_71ed5975,SALES_REP,2026-06-07 04:10:05.601026,{}
evt_3bfd03b4,quote_882d43ab,PRODUCT_ADDED,rep_71ed5975,SALES_REP,2026-06-07 04:59:05.601026,{}
evt_08dc5d16,quote_882d43ab,DISCOUNT_APPLIED,rep_71ed5975,SALES_REP,2026-06-07 05:40:05.601026,{}
evt_d6384739,quote_882d43ab,QUOTE_SENT,rep_71ed5975,SALES_REP,2026-06-07 18:40:05.601026,{}
evt_08da8a75,quote_882d43ab,CUSTOMER_VIEWED,rep_71ed5975,SALES_REP,2026-06-08 18:40:05.601026,{}
evt_dd2c82de,quote_882d43ab,ORDER_CONFIRMED,rep_71ed5975,SALES_REP,2026-06-13 18:40:05.601026,{}
evt_b4c59ea6,quote_2cd83def,QUOTE_CREATED,rep_b548fdfc,SALES_REP,2025-09-12 10:10:05.601026,{}
evt_ef7bd127,quote_2cd83def,PRODUCT_ADDED,rep_b548fdfc,SALES_REP,2025-09-12 11:08:05.601026,{}
evt_38107c8a,quote_2cd83def,DISCOUNT_APPLIED,rep_b548fdfc,SALES_REP,2025-09-12 12:07:05.601026,{}
evt_eb87f0ec,quote_2cd83def,QUOTE_SENT,rep_b548fdfc,SALES_REP,2025-09-12 17:07:05.601026,{}
evt_0d4fa057,quote_2cd83def,CUSTOMER_VIEWED,rep_b548fdfc,SALES_REP,2025-09-16 17:07:05.601026,{}
evt_db58c41b,quote_2cd83def,ORDER_CONFIRMED,rep_b548fdfc,SALES_REP,2025-09-21 17:07:05.601026,{}
evt_751c0524,quote_7bc105aa,QUOTE_CREATED,rep_76071164,SALES_REP,2025-11-30 01:10:05.601026,{}
evt_32a91d8d,quote_7bc105aa,PRODUCT_ADDED,rep_76071164,SALES_REP,2025-11-30 01:58:05.601026,{}
evt_1fb52b5e,quote_7bc105aa,DISCOUNT_APPLIED,rep_76071164,SALES_REP,2025-11-30 02:39:05.601026,{}
evt_55085336,quote_7bc105aa,QUOTE_SENT,rep_76071164,SALES_REP,2025-11-30 03:39:05.601026,{}
evt_bcc4cd75,quote_7bc105aa,CUSTOMER_VIEWED,rep_76071164,SALES_REP,2025-12-03 03:39:05.601026,{}
evt_c3c452d1,quote_7bc105aa,ORDER_CONFIRMED,rep_76071164,SALES_REP,2025-12-04 03:39:05.601026,{}
evt_abf6b8d1,quote_1f984186,QUOTE_CREATED,rep_71ed5975,SALES_REP,2026-04-04 19:10:05.601026,{}
evt_bd6c3149,quote_1f984186,PRODUCT_ADDED,rep_71ed5975,SALES_REP,2026-04-04 20:03:05.601026,{}
evt_15ea1918,quote_1f984186,DISCOUNT_APPLIED,rep_71ed5975,SALES_REP,2026-04-04 20:29:05.601026,{}
evt_55a302c3,quote_1f984186,QUOTE_SENT,rep_71ed5975,SALES_REP,2026-04-05 00:29:05.601026,{}
evt_4a17958b,quote_1f984186,CUSTOMER_VIEWED,rep_71ed5975,SALES_REP,2026-04-07 00:29:05.601026,{}
evt_646d0fc9,quote_1f984186,ORDER_CONFIRMED,rep_71ed5975,SALES_REP,2026-04-10 00:29:05.601026,{}
evt_767cac15,quote_6ec79e91,QUOTE_CREATED,rep_e08a1589,SALES_REP,2026-08-09 04:10:05.601026,{}
evt_198aaa32,quote_6ec79e91,PRODUCT_ADDED,rep_e08a1589,SALES_REP,2026-08-09 05:08:05.601026,{}
evt_e1665bfe,quote_6ec79e91,DISCOUNT_APPLIED,rep_e08a1589,SALES_REP,2026-08-09 05:19:05.601026,{}
evt_e9dc217a,quote_6ec79e91,QUOTE_SENT,rep_e08a1589,SALES_REP,2026-08-09 08:19:05.601026,{}
evt_d3401c33,quote_6ec79e91,CUSTOMER_VIEWED,rep_e08a1589,SALES_REP,2026-08-10 08:19:05.601026,{}
evt_0fbe04c6,quote_929d2d68,QUOTE_CREATED,rep_71ed5975,SALES_REP,2026-07-21 23:10:05.601026,{}
evt_9805387c,quote_929d2d68,PRODUCT_ADDED,rep_71ed5975,SALES_REP,2026-07-21 23:39:05.601026,{}
evt_37eaa0f6,quote_929d2d68,DISCOUNT_APPLIED,rep_71ed5975,SALES_REP,2026-07-21 23:51:05.601026,{}
evt_8205b496,quote_929d2d68,QUOTE_SENT,rep_71ed5975,SALES_REP,2026-07-22 06:51:05.601026,{}
evt_e990c9c2,quote_929d2d68,CUSTOMER_VIEWED,rep_71ed5975,SALES_REP,2026-07-26 06:51:05.601026,{}
evt_67c7d905,quote_929d2d68,ORDER_CONFIRMED,rep_71ed5975,SALES_REP,2026-07-29 06:51:05.601026,{}
evt_327de99d,quote_c8e9aa53,QUOTE_CREATED,rep_b548fdfc,SALES_REP,2025-12-28 22:10:05.601026,{}
evt_f9ccabb7,quote_c8e9aa53,PRODUCT_ADDED,rep_b548fdfc,SALES_REP,2025-12-28 23:08:05.601026,{}
evt_2779697f,quote_c8e9aa53,DISCOUNT_APPLIED,rep_b548fdfc,SALES_REP,2025-12-29 00:03:05.601026,{}
evt_ff1910ca,quote_c8e9aa53,QUOTE_SENT,rep_b548fdfc,SALES_REP,2025-12-29 14:03:05.601026,{}
evt_ed137dd0,quote_c8e9aa53,CUSTOMER_VIEWED,rep_b548fdfc,SALES_REP,2025-12-31 14:03:05.601026,{}
evt_f15fbbad,quote_c8e9aa53,COUNTER_OFFER,rep_b548fdfc,SALES_REP,2026-01-02 14:03:05.601026,{}
evt_e62e8245,quote_c8e9aa53,QUOTE_REVISED,rep_b548fdfc,SALES_REP,2026-01-03 14:03:05.601026,{}
evt_c314dc60,quote_c8e9aa53,ORDER_CONFIRMED,rep_b548fdfc,SALES_REP,2026-01-04 14:03:05.601026,{}
evt_b0c95326,quote_0a3f9ec0,QUOTE_CREATED,rep_4fd63151,SALES_REP,2026-06-24 19:10:05.601026,{}
evt_7117ff59,quote_0a3f9ec0,PRODUCT_ADDED,rep_4fd63151,SALES_REP,2026-06-24 19:55:05.601026,{}
evt_4d6a3310,quote_0a3f9ec0,DISCOUNT_APPLIED,rep_4fd63151,SALES_REP,2026-06-24 20:24:05.601026,{}
evt_c44e4ddd,quote_0a3f9ec0,QUOTE_SENT,rep_4fd63151,SALES_REP,2026-06-25 20:24:05.601026,{}
evt_3b0fe259,quote_0a3f9ec0,CUSTOMER_VIEWED,rep_4fd63151,SALES_REP,2026-06-27 20:24:05.601026,{}
evt_77e17996,quote_0a3f9ec0,REJECTED,rep_4fd63151,SALES_REP,2026-06-30 20:24:05.601026,{}
evt_e86b58f8,quote_973045c5,QUOTE_CREATED,rep_4fd63151,SALES_REP,2026-04-16 13:10:05.601026,{}
evt_4498f9fb,quote_973045c5,PRODUCT_ADDED,rep_4fd63151,SALES_REP,2026-04-16 13:55:05.601026,{}
evt_6b8cb2aa,quote_973045c5,DISCOUNT_APPLIED,rep_4fd63151,SALES_REP,2026-04-16 14:36:05.601026,{}
evt_69bfa082,quote_973045c5,QUOTE_SENT,rep_4fd63151,SALES_REP,2026-04-17 03:36:05.601026,{}
evt_d8a83a01,quote_973045c5,CUSTOMER_VIEWED,rep_4fd63151,SALES_REP,2026-04-20 03:36:05.601026,{}
evt_68e27fe6,quote_3a4f2a95,QUOTE_CREATED,rep_26645e7c,SALES_REP,2025-10-22 08:10:05.601026,{}
evt_829d0856,quote_3a4f2a95,PRODUCT_ADDED,rep_26645e7c,SALES_REP,2025-10-22 09:00:05.601026,{}
evt_b9af5d6a,quote_3a4f2a95,DISCOUNT_APPLIED,rep_26645e7c,SALES_REP,2025-10-22 09:39:05.601026,{}
evt_38cf24f9,quote_3a4f2a95,QUOTE_SENT,rep_26645e7c,SALES_REP,2025-10-22 12:39:05.601026,{}
evt_5406bc1c,quote_3a4f2a95,CUSTOMER_VIEWED,rep_26645e7c,SALES_REP,2025-10-27 12:39:05.601026,{}
evt_d6ea1e1f,quote_3a4f2a95,APPROVAL_REQUESTED,rep_26645e7c,SALES_REP,2025-10-28 00:39:05.601026,{}
evt_80afb838,quote_3a4f2a95,REJECTED,rep_26645e7c,SALES_REP,2025-10-30 00:39:05.601026,{}
evt_548f2e9f,quote_9f9dfad4,QUOTE_CREATED,rep_b548fdfc,SALES_REP,2025-12-09 13:10:05.601026,{}
evt_1ca67762,quote_9f9dfad4,PRODUCT_ADDED,rep_b548fdfc,SALES_REP,2025-12-09 13:49:05.601026,{}
evt_c215f293,quote_9f9dfad4,DISCOUNT_APPLIED,rep_b548fdfc,SALES_REP,2025-12-09 14:47:05.601026,{}
evt_31e219cd,quote_9f9dfad4,QUOTE_SENT,rep_b548fdfc,SALES_REP,2025-12-09 22:47:05.601026,{}
evt_b8c162cb,quote_9f9dfad4,CUSTOMER_VIEWED,rep_b548fdfc,SALES_REP,2025-12-13 22:47:05.601026,{}
evt_8abe13f8,quote_9f9dfad4,ORDER_CONFIRMED,rep_b548fdfc,SALES_REP,2025-12-19 22:47:05.601026,{}
evt_72e20c43,quote_4c3a2c66,QUOTE_CREATED,rep_d5902688,SALES_REP,2025-10-27 09:10:05.601026,{}
evt_bc2e0405,quote_4c3a2c66,PRODUCT_ADDED,rep_d5902688,SALES_REP,2025-10-27 09:24:05.601026,{}
evt_96d9f197,quote_4c3a2c66,DISCOUNT_APPLIED,rep_d5902688,SALES_REP,2025-10-27 09:47:05.601026,{}
evt_77c2d7fa,quote_4c3a2c66,QUOTE_SENT,rep_d5902688,SALES_REP,2025-10-27 18:47:05.601026,{}
evt_53963b7e,quote_4c3a2c66,CUSTOMER_VIEWED,rep_d5902688,SALES_REP,2025-10-29 18:47:05.601026,{}
evt_282f8944,quote_4c3a2c66,COUNTER_OFFER,rep_d5902688,SALES_REP,2025-10-31 18:47:05.601026,{}
evt_1d93ef2e,quote_4c3a2c66,QUOTE_REVISED,rep_d5902688,SALES_REP,2025-11-02 18:47:05.601026,{}
evt_9614018f,quote_4c3a2c66,REJECTED,rep_d5902688,SALES_REP,2025-11-09 18:47:05.601026,{}
evt_009a61c4,quote_e5740e51,QUOTE_CREATED,rep_03d99ec4,SALES_REP,2025-10-26 21:10:05.601026,{}
evt_37f75751,quote_e5740e51,PRODUCT_ADDED,rep_03d99ec4,SALES_REP,2025-10-26 21:55:05.601026,{}
evt_594b270d,quote_e5740e51,DISCOUNT_APPLIED,rep_03d99ec4,SALES_REP,2025-10-26 22:04:05.601026,{}
evt_4eff8599,quote_e5740e51,QUOTE_SENT,rep_03d99ec4,SALES_REP,2025-10-27 05:04:05.601026,{}
evt_b931a3fa,quote_e5740e51,CUSTOMER_VIEWED,rep_03d99ec4,SALES_REP,2025-10-31 05:04:05.601026,{}
evt_a966d0bc,quote_e5740e51,REJECTED,rep_03d99ec4,SALES_REP,2025-11-03 05:04:05.601026,{}
evt_971497df,quote_791b8f51,QUOTE_CREATED,rep_71ed5975,SALES_REP,2025-11-26 11:10:05.601026,{}
evt_f59d3b14,quote_791b8f51,PRODUCT_ADDED,rep_71ed5975,SALES_REP,2025-11-26 11:53:05.601026,{}
evt_a247486a,quote_791b8f51,DISCOUNT_APPLIED,rep_71ed5975,SALES_REP,2025-11-26 12:52:05.601026,{}
evt_18b9a9be,quote_791b8f51,QUOTE_SENT,rep_71ed5975,SALES_REP,2025-11-26 14:52:05.601026,{}
evt_88a0f9bc,quote_791b8f51,CUSTOMER_VIEWED,rep_71ed5975,SALES_REP,2025-11-27 14:52:05.601026,{}
evt_27408c37,quote_791b8f51,ORDER_CONFIRMED,rep_71ed5975,SALES_REP,2025-11-30 14:52:05.601026,{}
evt_cbde3b6e,quote_4dfbd274,QUOTE_CREATED,rep_e08a1589,SALES_REP,2025-11-06 12:10:05.601026,{}
evt_9f70250a,quote_4dfbd274,PRODUCT_ADDED,rep_e08a1589,SALES_REP,2025-11-06 12:47:05.601026,{}
evt_1a0d2848,quote_4dfbd274,DISCOUNT_APPLIED,rep_e08a1589,SALES_REP,2025-11-06 13:40:05.601026,{}
evt_7ab09559,quote_4dfbd274,QUOTE_SENT,rep_e08a1589,SALES_REP,2025-11-06 18:40:05.601026,{}
evt_750717ca,quote_4dfbd274,CUSTOMER_VIEWED,rep_e08a1589,SALES_REP,2025-11-08 18:40:05.601026,{}
evt_ea0eaa8e,quote_4dfbd274,ORDER_CONFIRMED,rep_e08a1589,SALES_REP,2025-11-09 18:40:05.601026,{}
evt_48e56211,quote_a1fdf5ab,QUOTE_CREATED,rep_4fd63151,SALES_REP,2026-01-20 14:10:05.601026,{}
evt_6e436695,quote_a1fdf5ab,PRODUCT_ADDED,rep_4fd63151,SALES_REP,2026-01-20 14:50:05.601026,{}
evt_20c59fc1,quote_a1fdf5ab,DISCOUNT_APPLIED,rep_4fd63151,SALES_REP,2026-01-20 15:36:05.601026,{}
evt_9f302169,quote_a1fdf5ab,QUOTE_SENT,rep_4fd63151,SALES_REP,2026-01-21 01:36:05.601026,{}
evt_b93aaa9e,quote_a1fdf5ab,CUSTOMER_VIEWED,rep_4fd63151,SALES_REP,2026-01-25 01:36:05.601026,{}
evt_4adc3558,quote_a1fdf5ab,REJECTED,rep_4fd63151,SALES_REP,2026-01-29 01:36:05.601026,{}
evt_a64feaa9,quote_82d14f2c,QUOTE_CREATED,rep_76071164,SALES_REP,2026-03-28 12:10:05.601026,{}
evt_e1335d20,quote_82d14f2c,PRODUCT_ADDED,rep_76071164,SALES_REP,2026-03-28 12:21:05.601026,{}
evt_433f109e,quote_82d14f2c,DISCOUNT_APPLIED,rep_76071164,SALES_REP,2026-03-28 13:03:05.601026,{}
evt_53ce8092,quote_82d14f2c,QUOTE_SENT,rep_76071164,SALES_REP,2026-03-29 08:03:05.601026,{}
evt_dccd0bfa,quote_82d14f2c,CUSTOMER_VIEWED,rep_76071164,SALES_REP,2026-04-01 08:03:05.601026,{}
evt_cbb43722,quote_82d14f2c,COUNTER_OFFER,rep_76071164,SALES_REP,2026-04-02 08:03:05.601026,{}
evt_435c6fe2,quote_82d14f2c,QUOTE_REVISED,rep_76071164,SALES_REP,2026-04-04 08:03:05.601026,{}
evt_267ccd61,quote_82d14f2c,REJECTED,rep_76071164,SALES_REP,2026-04-08 08:03:05.601026,{}
evt_6a3192ee,quote_a31b66ae,QUOTE_CREATED,rep_03d99ec4,SALES_REP,2026-07-08 05:10:05.601026,{}
evt_2826318c,quote_a31b66ae,PRODUCT_ADDED,rep_03d99ec4,SALES_REP,2026-07-08 05:53:05.601026,{}
evt_b5fe0dc1,quote_a31b66ae,DISCOUNT_APPLIED,rep_03d99ec4,SALES_REP,2026-07-08 06:22:05.601026,{}
evt_2d4ffa2c,quote_a31b66ae,QUOTE_SENT,rep_03d99ec4,SALES_REP,2026-07-08 20:22:05.601026,{}
evt_81ff5ac6,quote_a31b66ae,CUSTOMER_VIEWED,rep_03d99ec4,SALES_REP,2026-07-10 20:22:05.601026,{}
evt_cf1dc88e,quote_2d5e4244,QUOTE_CREATED,rep_221b7f39,SALES_REP,2026-04-23 11:10:05.601026,{}
evt_c354801c,quote_2d5e4244,PRODUCT_ADDED,rep_221b7f39,SALES_REP,2026-04-23 11:37:05.601026,{}
evt_c6233fe2,quote_2d5e4244,DISCOUNT_APPLIED,rep_221b7f39,SALES_REP,2026-04-23 12:07:05.601026,{}
evt_4929152f,quote_2d5e4244,QUOTE_SENT,rep_221b7f39,SALES_REP,2026-04-23 13:07:05.601026,{}
evt_d570213e,quote_2d5e4244,CUSTOMER_VIEWED,rep_221b7f39,SALES_REP,2026-04-24 13:07:05.601026,{}
evt_ea3d64da,quote_2d5e4244,COUNTER_OFFER,rep_221b7f39,SALES_REP,2026-04-26 13:07:05.601026,{}
evt_33633a12,quote_2d5e4244,QUOTE_REVISED,rep_221b7f39,SALES_REP,2026-04-28 13:07:05.601026,{}
evt_8f6f6e3b,quote_2d5e4244,REJECTED,rep_221b7f39,SALES_REP,2026-05-05 13:07:05.601026,{}
evt_e6778c3c,quote_239e49e0,QUOTE_CREATED,rep_b548fdfc,SALES_REP,2026-01-08 08:10:05.601026,{}
evt_701d2ee6,quote_239e49e0,PRODUCT_ADDED,rep_b548fdfc,SALES_REP,2026-01-08 08:44:05.601026,{}
evt_c5777abc,quote_239e49e0,DISCOUNT_APPLIED,rep_b548fdfc,SALES_REP,2026-01-08 09:25:05.601026,{}
evt_1e6d1b98,quote_239e49e0,QUOTE_SENT,rep_b548fdfc,SALES_REP,2026-01-08 20:25:05.601026,{}
evt_192e1ee7,quote_239e49e0,CUSTOMER_VIEWED,rep_b548fdfc,SALES_REP,2026-01-10 20:25:05.601026,{}
evt_ddc753a9,quote_239e49e0,REJECTED,rep_b548fdfc,SALES_REP,2026-01-14 20:25:05.601026,{}
evt_c8481a9a,quote_441af291,QUOTE_CREATED,rep_d5902688,SALES_REP,2025-12-22 22:10:05.601026,{}
evt_2165800a,quote_441af291,PRODUCT_ADDED,rep_d5902688,SALES_REP,2025-12-22 22:53:05.601026,{}
evt_7c92bed8,quote_441af291,DISCOUNT_APPLIED,rep_d5902688,SALES_REP,2025-12-22 23:49:05.601026,{}
evt_c24361b0,quote_441af291,QUOTE_SENT,rep_d5902688,SALES_REP,2025-12-23 21:49:05.601026,{}
evt_84320879,quote_441af291,CUSTOMER_VIEWED,rep_d5902688,SALES_REP,2025-12-24 21:49:05.601026,{}
evt_ccdf8b80,quote_441af291,REJECTED,rep_d5902688,SALES_REP,2025-12-30 21:49:05.601026,{}
evt_55451107,quote_77bc6c31,QUOTE_CREATED,rep_03d99ec4,SALES_REP,2026-02-14 16:10:05.601026,{}
evt_577f63b8,quote_77bc6c31,PRODUCT_ADDED,rep_03d99ec4,SALES_REP,2026-02-14 16:39:05.601026,{}
evt_6337ece3,quote_77bc6c31,DISCOUNT_APPLIED,rep_03d99ec4,SALES_REP,2026-02-14 16:59:05.601026,{}
evt_e6b140ce,quote_77bc6c31,QUOTE_SENT,rep_03d99ec4,SALES_REP,2026-02-15 11:59:05.601026,{}
evt_c4c55d13,quote_77bc6c31,CUSTOMER_VIEWED,rep_03d99ec4,SALES_REP,2026-02-16 11:59:05.601026,{}
evt_d7aa23e4,quote_77bc6c31,COUNTER_OFFER,rep_03d99ec4,SALES_REP,2026-02-19 11:59:05.601026,{}
evt_10b06809,quote_77bc6c31,QUOTE_REVISED,rep_03d99ec4,SALES_REP,2026-02-20 11:59:05.601026,{}
evt_814d0f60,quote_f58be0e1,QUOTE_CREATED,rep_4fd63151,SALES_REP,2026-03-30 07:10:05.601026,{}
evt_cc406d61,quote_f58be0e1,PRODUCT_ADDED,rep_4fd63151,SALES_REP,2026-03-30 07:56:05.601026,{}
evt_3c2f2bae,quote_f58be0e1,DISCOUNT_APPLIED,rep_4fd63151,SALES_REP,2026-03-30 08:02:05.601026,{}
evt_0953a918,quote_f58be0e1,QUOTE_SENT,rep_4fd63151,SALES_REP,2026-03-30 11:02:05.601026,{}
evt_58b2da0c,quote_f58be0e1,CUSTOMER_VIEWED,rep_4fd63151,SALES_REP,2026-04-03 11:02:05.601026,{}
evt_5ea91404,quote_f58be0e1,COUNTER_OFFER,rep_4fd63151,SALES_REP,2026-04-05 11:02:05.601026,{}
evt_8897bbef,quote_f58be0e1,QUOTE_REVISED,rep_4fd63151,SALES_REP,2026-04-07 11:02:05.601026,{}
evt_adcb91e2,quote_05b7129c,QUOTE_CREATED,rep_b548fdfc,SALES_REP,2026-03-28 08:10:05.601026,{}
evt_d989a759,quote_05b7129c,PRODUCT_ADDED,rep_b548fdfc,SALES_REP,2026-03-28 08:18:05.601026,{}
evt_52a76e23,quote_05b7129c,DISCOUNT_APPLIED,rep_b548fdfc,SALES_REP,2026-03-28 08:48:05.601026,{}
evt_e3120332,quote_05b7129c,QUOTE_SENT,rep_b548fdfc,SALES_REP,2026-03-28 18:48:05.601026,{}
evt_f7b3af07,quote_05b7129c,CUSTOMER_VIEWED,rep_b548fdfc,SALES_REP,2026-04-01 18:48:05.601026,{}
evt_2f68f65f,quote_43b2cc06,QUOTE_CREATED,rep_b548fdfc,SALES_REP,2026-07-18 09:10:05.601026,{}
evt_1f22865d,quote_43b2cc06,PRODUCT_ADDED,rep_b548fdfc,SALES_REP,2026-07-18 09:31:05.601026,{}
evt_a710341d,quote_43b2cc06,DISCOUNT_APPLIED,rep_b548fdfc,SALES_REP,2026-07-18 10:26:05.601026,{}
evt_9720398e,quote_43b2cc06,QUOTE_SENT,rep_b548fdfc,SALES_REP,2026-07-18 12:26:05.601026,{}
evt_51a08167,quote_43b2cc06,CUSTOMER_VIEWED,rep_b548fdfc,SALES_REP,2026-07-19 12:26:05.601026,{}
evt_87c61163,quote_43b2cc06,COUNTER_OFFER,rep_b548fdfc,SALES_REP,2026-07-21 12:26:05.601026,{}
evt_a1c78278,quote_43b2cc06,QUOTE_REVISED,rep_b548fdfc,SALES_REP,2026-07-22 12:26:05.601026,{}
evt_c1c237ff,quote_43b2cc06,APPROVAL_REQUESTED,rep_b548fdfc,SALES_REP,2026-07-22 17:26:05.601026,{}
evt_fcbe804c,quote_43b2cc06,APPROVED,rep_b548fdfc,SALES_REP,2026-07-25 17:26:05.601026,{}
evt_74549965,quote_43b2cc06,ORDER_CONFIRMED,rep_b548fdfc,SALES_REP,2026-07-31 17:26:05.601026,{}
evt_19c1c31e,quote_869c94bf,QUOTE_CREATED,rep_4fd63151,SALES_REP,2026-02-15 10:10:05.601026,{}
evt_84bbf4df,quote_869c94bf,PRODUCT_ADDED,rep_4fd63151,SALES_REP,2026-02-15 10:22:05.601026,{}
evt_34b04b7b,quote_869c94bf,DISCOUNT_APPLIED,rep_4fd63151,SALES_REP,2026-02-15 11:00:05.601026,{}
evt_23ee3861,quote_869c94bf,QUOTE_SENT,rep_4fd63151,SALES_REP,2026-02-16 04:00:05.601026,{}
evt_01a33084,quote_869c94bf,CUSTOMER_VIEWED,rep_4fd63151,SALES_REP,2026-02-18 04:00:05.601026,{}
evt_ae155970,quote_869c94bf,REJECTED,rep_4fd63151,SALES_REP,2026-02-24 04:00:05.601026,{}
evt_b31c9a69,quote_2f4006c8,QUOTE_CREATED,rep_e08a1589,SALES_REP,2026-02-17 05:10:05.601026,{}
evt_cd0d3c9c,quote_2f4006c8,PRODUCT_ADDED,rep_e08a1589,SALES_REP,2026-02-17 05:33:05.601026,{}
evt_2d56eaea,quote_2f4006c8,DISCOUNT_APPLIED,rep_e08a1589,SALES_REP,2026-02-17 06:23:05.601026,{}
evt_8bf78c0b,quote_2f4006c8,QUOTE_SENT,rep_e08a1589,SALES_REP,2026-02-17 09:23:05.601026,{}
evt_5b54b8a8,quote_2f4006c8,CUSTOMER_VIEWED,rep_e08a1589,SALES_REP,2026-02-20 09:23:05.601026,{}
evt_df28327b,quote_2f4006c8,ORDER_CONFIRMED,rep_e08a1589,SALES_REP,2026-02-27 09:23:05.601026,{}
evt_f0dfbea8,quote_d954234e,QUOTE_CREATED,rep_26645e7c,SALES_REP,2025-09-12 03:10:05.601026,{}
evt_457fc9c7,quote_d954234e,PRODUCT_ADDED,rep_26645e7c,SALES_REP,2025-09-12 04:09:05.601026,{}
evt_db58ca71,quote_d954234e,DISCOUNT_APPLIED,rep_26645e7c,SALES_REP,2025-09-12 04:34:05.601026,{}
evt_99c74fcb,quote_d954234e,QUOTE_SENT,rep_26645e7c,SALES_REP,2025-09-12 14:34:05.601026,{}
evt_890e6155,quote_d954234e,CUSTOMER_VIEWED,rep_26645e7c,SALES_REP,2025-09-16 14:34:05.601026,{}
evt_8d4015fa,quote_d954234e,ORDER_CONFIRMED,rep_26645e7c,SALES_REP,2025-09-23 14:34:05.601026,{}
evt_ade99b6b,quote_828c3f98,QUOTE_CREATED,rep_d5902688,SALES_REP,2026-05-25 12:10:05.601026,{}
evt_4000ce41,quote_828c3f98,PRODUCT_ADDED,rep_d5902688,SALES_REP,2026-05-25 12:42:05.601026,{}
evt_bdcbd908,quote_828c3f98,DISCOUNT_APPLIED,rep_d5902688,SALES_REP,2026-05-25 12:57:05.601026,{}
evt_925b4426,quote_828c3f98,QUOTE_SENT,rep_d5902688,SALES_REP,2026-05-26 10:57:05.601026,{}
evt_3df1fbad,quote_828c3f98,CUSTOMER_VIEWED,rep_d5902688,SALES_REP,2026-05-29 10:57:05.601026,{}
evt_5ba0f8de,quote_828c3f98,REJECTED,rep_d5902688,SALES_REP,2026-06-03 10:57:05.601026,{}
evt_ec1d2f05,quote_7c757b95,QUOTE_CREATED,rep_221b7f39,SALES_REP,2025-11-19 20:10:05.601026,{}
evt_9085bf50,quote_7c757b95,PRODUCT_ADDED,rep_221b7f39,SALES_REP,2025-11-19 20:37:05.601026,{}
evt_82495b29,quote_7c757b95,DISCOUNT_APPLIED,rep_221b7f39,SALES_REP,2025-11-19 20:58:05.601026,{}
evt_c9581274,quote_7c757b95,QUOTE_SENT,rep_221b7f39,SALES_REP,2025-11-20 00:58:05.601026,{}
evt_047c8d58,quote_7c757b95,CUSTOMER_VIEWED,rep_221b7f39,SALES_REP,2025-11-25 00:58:05.601026,{}
evt_926063d3,quote_7c757b95,COUNTER_OFFER,rep_221b7f39,SALES_REP,2025-11-27 00:58:05.601026,{}
evt_3b30894d,quote_7c757b95,QUOTE_REVISED,rep_221b7f39,SALES_REP,2025-11-28 00:58:05.601026,{}
evt_b359cd2e,quote_7c757b95,ORDER_CONFIRMED,rep_221b7f39,SALES_REP,2025-11-30 00:58:05.601026,{}
evt_b40e4da6,quote_900b93d4,QUOTE_CREATED,rep_e08a1589,SALES_REP,2026-03-13 09:10:05.601026,{}
evt_a163dd66,quote_900b93d4,PRODUCT_ADDED,rep_e08a1589,SALES_REP,2026-03-13 09:48:05.601026,{}
evt_fc596fa8,quote_900b93d4,DISCOUNT_APPLIED,rep_e08a1589,SALES_REP,2026-03-13 10:20:05.601026,{}
evt_65ad780b,quote_900b93d4,QUOTE_SENT,rep_e08a1589,SALES_REP,2026-03-13 14:20:05.601026,{}
evt_7114a2d4,quote_900b93d4,CUSTOMER_VIEWED,rep_e08a1589,SALES_REP,2026-03-14 14:20:05.601026,{}
evt_781b2267,quote_900b93d4,ORDER_CONFIRMED,rep_e08a1589,SALES_REP,2026-03-15 14:20:05.601026,{}
evt_d13427f9,quote_ea95d959,QUOTE_CREATED,rep_26645e7c,SALES_REP,2025-10-08 23:10:05.601026,{}
evt_58bc1d1f,quote_ea95d959,PRODUCT_ADDED,rep_26645e7c,SALES_REP,2025-10-09 00:00:05.601026,{}
evt_139f4607,quote_ea95d959,DISCOUNT_APPLIED,rep_26645e7c,SALES_REP,2025-10-09 00:30:05.601026,{}
evt_8fd4740a,quote_ea95d959,QUOTE_SENT,rep_26645e7c,SALES_REP,2025-10-09 13:30:05.601026,{}
evt_a4210736,quote_ea95d959,CUSTOMER_VIEWED,rep_26645e7c,SALES_REP,2025-10-13 13:30:05.601026,{}
evt_377c897d,quote_ea95d959,COUNTER_OFFER,rep_26645e7c,SALES_REP,2025-10-16 13:30:05.601026,{}
evt_9c799535,quote_ea95d959,QUOTE_REVISED,rep_26645e7c,SALES_REP,2025-10-18 13:30:05.601026,{}
evt_9eb5b336,quote_ea95d959,REJECTED,rep_26645e7c,SALES_REP,2025-10-22 13:30:05.601026,{}
evt_c22bd5a0,quote_4ebf720f,QUOTE_CREATED,rep_4fd63151,SALES_REP,2025-12-18 17:10:05.601026,{}
evt_f7f6ef37,quote_4ebf720f,PRODUCT_ADDED,rep_4fd63151,SALES_REP,2025-12-18 18:01:05.601026,{}
evt_96c77ec7,quote_4ebf720f,DISCOUNT_APPLIED,rep_4fd63151,SALES_REP,2025-12-18 18:06:05.601026,{}
evt_8ea3630e,quote_4ebf720f,QUOTE_SENT,rep_4fd63151,SALES_REP,2025-12-18 22:06:05.601026,{}
evt_1c9f2b86,quote_4ebf720f,CUSTOMER_VIEWED,rep_4fd63151,SALES_REP,2025-12-20 22:06:05.601026,{}
evt_b0fd7443,quote_4ebf720f,ORDER_CONFIRMED,rep_4fd63151,SALES_REP,2025-12-26 22:06:05.601026,{}
evt_8968a8aa,quote_6a9213c4,QUOTE_CREATED,rep_b548fdfc,SALES_REP,2026-08-19 08:10:05.601026,{}
evt_9c3528f7,quote_6a9213c4,PRODUCT_ADDED,rep_b548fdfc,SALES_REP,2026-08-19 08:15:05.601026,{}
evt_04e65bb8,quote_6a9213c4,DISCOUNT_APPLIED,rep_b548fdfc,SALES_REP,2026-08-19 09:02:05.601026,{}
evt_b414d721,quote_6a9213c4,QUOTE_SENT,rep_b548fdfc,SALES_REP,2026-08-20 01:02:05.601026,{}
evt_46a45d9b,quote_6a9213c4,CUSTOMER_VIEWED,rep_b548fdfc,SALES_REP,2026-08-24 01:02:05.601026,{}
evt_04e21876,quote_6a9213c4,REJECTED,rep_b548fdfc,SALES_REP,2026-08-26 01:02:05.601026,{}
evt_12f9941b,quote_497e2e4f,QUOTE_CREATED,rep_221b7f39,SALES_REP,2025-12-02 03:10:05.601026,{}
evt_caab7615,quote_497e2e4f,PRODUCT_ADDED,rep_221b7f39,SALES_REP,2025-12-02 03:45:05.601026,{}
evt_f5bebfef,quote_497e2e4f,DISCOUNT_APPLIED,rep_221b7f39,SALES_REP,2025-12-02 04:27:05.601026,{}
evt_6efa9ee9,quote_497e2e4f,QUOTE_SENT,rep_221b7f39,SALES_REP,2025-12-02 05:27:05.601026,{}
evt_3000142e,quote_497e2e4f,CUSTOMER_VIEWED,rep_221b7f39,SALES_REP,2025-12-06 05:27:05.601026,{}
evt_0f269296,quote_497e2e4f,ORDER_CONFIRMED,rep_221b7f39,SALES_REP,2025-12-10 05:27:05.601026,{}
evt_146b5c09,quote_4a52d543,QUOTE_CREATED,rep_76071164,SALES_REP,2026-05-20 11:10:05.601026,{}
evt_81642425,quote_4a52d543,PRODUCT_ADDED,rep_76071164,SALES_REP,2026-05-20 11:34:05.601026,{}
evt_c38330e5,quote_4a52d543,DISCOUNT_APPLIED,rep_76071164,SALES_REP,2026-05-20 12:30:05.601026,{}
evt_7f26a69f,quote_4a52d543,QUOTE_SENT,rep_76071164,SALES_REP,2026-05-21 12:30:05.601026,{}
evt_3ce95497,quote_4a52d543,CUSTOMER_VIEWED,rep_76071164,SALES_REP,2026-05-24 12:30:05.601026,{}
evt_bd6e52d8,quote_4a52d543,REJECTED,rep_76071164,SALES_REP,2026-05-30 12:30:05.601026,{}
evt_8baa9c10,quote_59503394,QUOTE_CREATED,rep_76071164,SALES_REP,2026-01-15 03:10:05.601026,{}
evt_4a1be385,quote_59503394,PRODUCT_ADDED,rep_76071164,SALES_REP,2026-01-15 03:57:05.601026,{}
evt_19d6824c,quote_59503394,DISCOUNT_APPLIED,rep_76071164,SALES_REP,2026-01-15 04:56:05.601026,{}
evt_5384c2f6,quote_59503394,QUOTE_SENT,rep_76071164,SALES_REP,2026-01-16 00:56:05.601026,{}
evt_4e1d414f,quote_59503394,CUSTOMER_VIEWED,rep_76071164,SALES_REP,2026-01-20 00:56:05.601026,{}
evt_81852f56,quote_59503394,COUNTER_OFFER,rep_76071164,SALES_REP,2026-01-23 00:56:05.601026,{}
evt_5b32b447,quote_59503394,QUOTE_REVISED,rep_76071164,SALES_REP,2026-01-24 00:56:05.601026,{}
evt_fd76dc5c,quote_59503394,ORDER_CONFIRMED,rep_76071164,SALES_REP,2026-01-26 00:56:05.601026,{}
evt_62a51886,quote_0edf563c,QUOTE_CREATED,rep_f976f2b3,SALES_REP,2026-01-09 00:10:05.601026,{}
evt_a6ec4374,quote_0edf563c,PRODUCT_ADDED,rep_f976f2b3,SALES_REP,2026-01-09 01:02:05.601026,{}
evt_7b090440,quote_0edf563c,DISCOUNT_APPLIED,rep_f976f2b3,SALES_REP,2026-01-09 01:12:05.601026,{}
evt_65e7dd06,quote_0edf563c,QUOTE_SENT,rep_f976f2b3,SALES_REP,2026-01-09 08:12:05.601026,{}
evt_8fb9c93e,quote_0edf563c,CUSTOMER_VIEWED,rep_f976f2b3,SALES_REP,2026-01-13 08:12:05.601026,{}
evt_720da12f,quote_0edf563c,ORDER_CONFIRMED,rep_f976f2b3,SALES_REP,2026-01-16 08:12:05.601026,{}
evt_69d5c97b,quote_7c3c9733,QUOTE_CREATED,rep_03d99ec4,SALES_REP,2026-07-03 19:10:05.601026,{}
evt_23acb67b,quote_7c3c9733,PRODUCT_ADDED,rep_03d99ec4,SALES_REP,2026-07-03 19:17:05.601026,{}
evt_d35bbd8d,quote_7c3c9733,DISCOUNT_APPLIED,rep_03d99ec4,SALES_REP,2026-07-03 19:59:05.601026,{}
evt_1d6659d0,quote_7c3c9733,QUOTE_SENT,rep_03d99ec4,SALES_REP,2026-07-04 12:59:05.601026,{}
evt_1fd86aae,quote_7c3c9733,CUSTOMER_VIEWED,rep_03d99ec4,SALES_REP,2026-07-07 12:59:05.601026,{}
evt_b1b78aea,quote_7c3c9733,REJECTED,rep_03d99ec4,SALES_REP,2026-07-08 12:59:05.601026,{}
evt_0cd883ec,quote_5bb7ad9b,QUOTE_CREATED,rep_71ed5975,SALES_REP,2026-06-22 17:10:05.601026,{}
evt_5f92e549,quote_5bb7ad9b,PRODUCT_ADDED,rep_71ed5975,SALES_REP,2026-06-22 17:58:05.601026,{}
evt_5ef16eea,quote_5bb7ad9b,DISCOUNT_APPLIED,rep_71ed5975,SALES_REP,2026-06-22 18:12:05.601026,{}
evt_7513126d,quote_5bb7ad9b,QUOTE_SENT,rep_71ed5975,SALES_REP,2026-06-23 09:12:05.601026,{}
evt_54f3f1c8,quote_5bb7ad9b,CUSTOMER_VIEWED,rep_71ed5975,SALES_REP,2026-06-25 09:12:05.601026,{}
evt_5391ba12,quote_559d25f7,QUOTE_CREATED,rep_76071164,SALES_REP,2026-08-11 11:10:05.601026,{}
evt_93364443,quote_559d25f7,PRODUCT_ADDED,rep_76071164,SALES_REP,2026-08-11 11:46:05.601026,{}
evt_1e8eaa61,quote_559d25f7,DISCOUNT_APPLIED,rep_76071164,SALES_REP,2026-08-11 12:10:05.601026,{}
evt_286bfd97,quote_559d25f7,QUOTE_SENT,rep_76071164,SALES_REP,2026-08-11 13:10:05.601026,{}
evt_9a802898,quote_559d25f7,CUSTOMER_VIEWED,rep_76071164,SALES_REP,2026-08-15 13:10:05.601026,{}
evt_a2d0d365,quote_559d25f7,ORDER_CONFIRMED,rep_76071164,SALES_REP,2026-08-22 13:10:05.601026,{}
evt_6e748b89,quote_56ad5ca4,QUOTE_CREATED,rep_76071164,SALES_REP,2025-11-23 08:10:05.601026,{}
evt_60629cf0,quote_56ad5ca4,PRODUCT_ADDED,rep_76071164,SALES_REP,2025-11-23 09:06:05.601026,{}
evt_555842ce,quote_56ad5ca4,DISCOUNT_APPLIED,rep_76071164,SALES_REP,2025-11-23 09:54:05.601026,{}
evt_ad6a6ca5,quote_56ad5ca4,QUOTE_SENT,rep_76071164,SALES_REP,2025-11-24 06:54:05.601026,{}
evt_40cb667d,quote_56ad5ca4,CUSTOMER_VIEWED,rep_76071164,SALES_REP,2025-11-28 06:54:05.601026,{}
evt_28032dca,quote_cc61fa60,QUOTE_CREATED,rep_e08a1589,SALES_REP,2026-07-07 15:10:05.601026,{}
evt_18277375,quote_cc61fa60,PRODUCT_ADDED,rep_e08a1589,SALES_REP,2026-07-07 15:52:05.601026,{}
evt_a5eb3f99,quote_cc61fa60,DISCOUNT_APPLIED,rep_e08a1589,SALES_REP,2026-07-07 16:05:05.601026,{}
evt_a14313e8,quote_cc61fa60,QUOTE_SENT,rep_e08a1589,SALES_REP,2026-07-08 14:05:05.601026,{}
evt_25bcc86c,quote_cc61fa60,CUSTOMER_VIEWED,rep_e08a1589,SALES_REP,2026-07-10 14:05:05.601026,{}
evt_68098cf1,quote_cc61fa60,COUNTER_OFFER,rep_e08a1589,SALES_REP,2026-07-12 14:05:05.601026,{}
evt_c89b1ab6,quote_cc61fa60,QUOTE_REVISED,rep_e08a1589,SALES_REP,2026-07-13 14:05:05.601026,{}
evt_c36ea446,quote_cc61fa60,ORDER_CONFIRMED,rep_e08a1589,SALES_REP,2026-07-16 14:05:05.601026,{}
evt_fb86f1d2,quote_ad17ba98,QUOTE_CREATED,rep_4fd63151,SALES_REP,2026-03-16 19:10:05.601026,{}
evt_e12894cd,quote_ad17ba98,PRODUCT_ADDED,rep_4fd63151,SALES_REP,2026-03-16 19:35:05.601026,{}
evt_5f6130cd,quote_ad17ba98,DISCOUNT_APPLIED,rep_4fd63151,SALES_REP,2026-03-16 20:12:05.601026,{}
evt_9045da6d,quote_ad17ba98,QUOTE_SENT,rep_4fd63151,SALES_REP,2026-03-17 18:12:05.601026,{}
evt_a66f8d1e,quote_ad17ba98,CUSTOMER_VIEWED,rep_4fd63151,SALES_REP,2026-03-20 18:12:05.601026,{}
evt_84c5b41c,quote_ad17ba98,REJECTED,rep_4fd63151,SALES_REP,2026-03-24 18:12:05.601026,{}
evt_f0053379,quote_9d925589,QUOTE_CREATED,rep_03d99ec4,SALES_REP,2026-04-03 20:10:05.601026,{}
evt_502b0ee9,quote_9d925589,PRODUCT_ADDED,rep_03d99ec4,SALES_REP,2026-04-03 20:20:05.601026,{}
evt_2e7259fb,quote_9d925589,DISCOUNT_APPLIED,rep_03d99ec4,SALES_REP,2026-04-03 21:13:05.601026,{}
evt_9dcfbbb1,quote_9d925589,QUOTE_SENT,rep_03d99ec4,SALES_REP,2026-04-04 02:13:05.601026,{}
evt_3636a7a5,quote_9d925589,CUSTOMER_VIEWED,rep_03d99ec4,SALES_REP,2026-04-09 02:13:05.601026,{}
evt_88eff6a4,quote_9d925589,APPROVAL_REQUESTED,rep_03d99ec4,SALES_REP,2026-04-09 06:13:05.601026,{}
evt_5d368ae0,quote_9d925589,APPROVED,rep_03d99ec4,SALES_REP,2026-04-14 06:13:05.601026,{}
evt_d157e2d3,quote_9d925589,ORDER_CONFIRMED,rep_03d99ec4,SALES_REP,2026-04-19 06:13:05.601026,{}
evt_2008d0c0,quote_163398d9,QUOTE_CREATED,rep_03d99ec4,SALES_REP,2025-11-08 18:10:05.601026,{}
evt_88c96ac6,quote_163398d9,PRODUCT_ADDED,rep_03d99ec4,SALES_REP,2025-11-08 19:07:05.601026,{}
evt_a827894e,quote_163398d9,DISCOUNT_APPLIED,rep_03d99ec4,SALES_REP,2025-11-08 19:30:05.601026,{}
evt_284182dc,quote_163398d9,QUOTE_SENT,rep_03d99ec4,SALES_REP,2025-11-09 14:30:05.601026,{}
evt_e5561d6c,quote_163398d9,CUSTOMER_VIEWED,rep_03d99ec4,SALES_REP,2025-11-13 14:30:05.601026,{}
evt_6d59a90d,quote_163398d9,REJECTED,rep_03d99ec4,SALES_REP,2025-11-20 14:30:05.601026,{}
evt_292dc69a,quote_d06096b1,QUOTE_CREATED,rep_221b7f39,SALES_REP,2026-07-02 03:10:05.601026,{}
evt_75d4dd05,quote_d06096b1,PRODUCT_ADDED,rep_221b7f39,SALES_REP,2026-07-02 03:28:05.601026,{}
evt_f08657d8,quote_d06096b1,DISCOUNT_APPLIED,rep_221b7f39,SALES_REP,2026-07-02 04:06:05.601026,{}
evt_6c537301,quote_d06096b1,QUOTE_SENT,rep_221b7f39,SALES_REP,2026-07-02 09:06:05.601026,{}
evt_e0f5eeb9,quote_d06096b1,CUSTOMER_VIEWED,rep_221b7f39,SALES_REP,2026-07-07 09:06:05.601026,{}
evt_44c7f2dd,quote_d06096b1,REJECTED,rep_221b7f39,SALES_REP,2026-07-11 09:06:05.601026,{}
evt_3862c9fc,quote_9f87e7f3,QUOTE_CREATED,rep_26645e7c,SALES_REP,2026-08-17 02:10:05.601026,{}
evt_b9de0810,quote_9f87e7f3,PRODUCT_ADDED,rep_26645e7c,SALES_REP,2026-08-17 02:59:05.601026,{}
evt_b351d25c,quote_9f87e7f3,DISCOUNT_APPLIED,rep_26645e7c,SALES_REP,2026-08-17 03:16:05.601026,{}
evt_345ef23c,quote_9f87e7f3,QUOTE_SENT,rep_26645e7c,SALES_REP,2026-08-17 07:16:05.601026,{}
evt_c0cfe0d3,quote_9f87e7f3,CUSTOMER_VIEWED,rep_26645e7c,SALES_REP,2026-08-18 07:16:05.601026,{}
evt_37f545a8,quote_9f87e7f3,COUNTER_OFFER,rep_26645e7c,SALES_REP,2026-08-21 07:16:05.601026,{}
evt_5ccb470f,quote_9f87e7f3,QUOTE_REVISED,rep_26645e7c,SALES_REP,2026-08-22 07:16:05.601026,{}
evt_b53cd581,quote_9f87e7f3,REJECTED,rep_26645e7c,SALES_REP,2026-08-27 07:16:05.601026,{}
evt_f047a370,quote_c22455fa,QUOTE_CREATED,rep_26645e7c,SALES_REP,2025-12-18 09:10:05.601026,{}
evt_0b6ca103,quote_c22455fa,PRODUCT_ADDED,rep_26645e7c,SALES_REP,2025-12-18 10:09:05.601026,{}
evt_75324c0f,quote_c22455fa,DISCOUNT_APPLIED,rep_26645e7c,SALES_REP,2025-12-18 10:48:05.601026,{}
evt_59e64aa1,quote_c22455fa,QUOTE_SENT,rep_26645e7c,SALES_REP,2025-12-18 19:48:05.601026,{}
evt_50c191b6,quote_c22455fa,CUSTOMER_VIEWED,rep_26645e7c,SALES_REP,2025-12-23 19:48:05.601026,{}
evt_32222f82,quote_c22455fa,REJECTED,rep_26645e7c,SALES_REP,2025-12-30 19:48:05.601026,{}
evt_a8f181ab,quote_5ac89431,QUOTE_CREATED,rep_d5902688,SALES_REP,2025-11-07 19:10:05.601026,{}
evt_6daa4f8b,quote_5ac89431,PRODUCT_ADDED,rep_d5902688,SALES_REP,2025-11-07 20:02:05.601026,{}
evt_e2ca3b04,quote_5ac89431,DISCOUNT_APPLIED,rep_d5902688,SALES_REP,2025-11-07 20:51:05.601026,{}
evt_719f0b0d,quote_5ac89431,QUOTE_SENT,rep_d5902688,SALES_REP,2025-11-08 14:51:05.601026,{}
evt_058b4ec4,quote_5ac89431,CUSTOMER_VIEWED,rep_d5902688,SALES_REP,2025-11-10 14:51:05.601026,{}
evt_95deefe6,quote_5ac89431,REJECTED,rep_d5902688,SALES_REP,2025-11-13 14:51:05.601026,{}
evt_9b414052,quote_3dd58f3d,QUOTE_CREATED,rep_221b7f39,SALES_REP,2026-07-03 21:10:05.601026,{}
evt_8771ad11,quote_3dd58f3d,PRODUCT_ADDED,rep_221b7f39,SALES_REP,2026-07-03 21:59:05.601026,{}
evt_146bd96d,quote_3dd58f3d,DISCOUNT_APPLIED,rep_221b7f39,SALES_REP,2026-07-03 22:55:05.601026,{}
evt_089d2aa7,quote_3dd58f3d,QUOTE_SENT,rep_221b7f39,SALES_REP,2026-07-04 02:55:05.601026,{}
evt_7aa51cec,quote_3dd58f3d,CUSTOMER_VIEWED,rep_221b7f39,SALES_REP,2026-07-08 02:55:05.601026,{}
evt_9999eb8b,quote_3dd58f3d,REJECTED,rep_221b7f39,SALES_REP,2026-07-12 02:55:05.601026,{}
evt_9096bb94,quote_b3c8d50f,QUOTE_CREATED,rep_f976f2b3,SALES_REP,2026-01-28 20:10:05.601026,{}
evt_b390e376,quote_b3c8d50f,PRODUCT_ADDED,rep_f976f2b3,SALES_REP,2026-01-28 21:01:05.601026,{}
evt_c21198d0,quote_b3c8d50f,DISCOUNT_APPLIED,rep_f976f2b3,SALES_REP,2026-01-28 21:35:05.601026,{}
evt_93c820d4,quote_b3c8d50f,QUOTE_SENT,rep_f976f2b3,SALES_REP,2026-01-29 06:35:05.601026,{}
evt_fbd1bed1,quote_b3c8d50f,CUSTOMER_VIEWED,rep_f976f2b3,SALES_REP,2026-01-30 06:35:05.601026,{}
evt_1079ea9b,quote_b3c8d50f,REJECTED,rep_f976f2b3,SALES_REP,2026-02-02 06:35:05.601026,{}
evt_f6566901,quote_97aef64c,QUOTE_CREATED,rep_76071164,SALES_REP,2025-12-21 17:10:05.601026,{}
evt_9ffe5390,quote_97aef64c,PRODUCT_ADDED,rep_76071164,SALES_REP,2025-12-21 17:19:05.601026,{}
evt_3fda3ab6,quote_97aef64c,DISCOUNT_APPLIED,rep_76071164,SALES_REP,2025-12-21 17:35:05.601026,{}
evt_d1edf471,quote_97aef64c,QUOTE_SENT,rep_76071164,SALES_REP,2025-12-22 14:35:05.601026,{}
evt_2594b2c3,quote_97aef64c,CUSTOMER_VIEWED,rep_76071164,SALES_REP,2025-12-24 14:35:05.601026,{}
evt_7ca6e7de,quote_97aef64c,REJECTED,rep_76071164,SALES_REP,2025-12-30 14:35:05.601026,{}
evt_7bbebb9a,quote_c5757d26,QUOTE_CREATED,rep_b548fdfc,SALES_REP,2026-04-29 04:10:05.601026,{}
evt_dd8d59bd,quote_c5757d26,PRODUCT_ADDED,rep_b548fdfc,SALES_REP,2026-04-29 05:03:05.601026,{}
evt_1a6bf17d,quote_c5757d26,DISCOUNT_APPLIED,rep_b548fdfc,SALES_REP,2026-04-29 05:50:05.601026,{}
evt_fd502a4b,quote_c5757d26,QUOTE_SENT,rep_b548fdfc,SALES_REP,2026-04-29 15:50:05.601026,{}
evt_fa426e17,quote_c5757d26,CUSTOMER_VIEWED,rep_b548fdfc,SALES_REP,2026-05-03 15:50:05.601026,{}
evt_f1009fee,quote_c5757d26,COUNTER_OFFER,rep_b548fdfc,SALES_REP,2026-05-06 15:50:05.601026,{}
evt_544ecf22,quote_c5757d26,QUOTE_REVISED,rep_b548fdfc,SALES_REP,2026-05-08 15:50:05.601026,{}
evt_546d1965,quote_c5757d26,REJECTED,rep_b548fdfc,SALES_REP,2026-05-12 15:50:05.601026,{}
evt_ddb17df0,quote_2b4b85e5,QUOTE_CREATED,rep_d5902688,SALES_REP,2026-08-08 11:10:05.601026,{}
evt_e8abfe1a,quote_2b4b85e5,PRODUCT_ADDED,rep_d5902688,SALES_REP,2026-08-08 12:08:05.601026,{}
evt_84c22775,quote_2b4b85e5,DISCOUNT_APPLIED,rep_d5902688,SALES_REP,2026-08-08 12:38:05.601026,{}
evt_eda78a1b,quote_2b4b85e5,QUOTE_SENT,rep_d5902688,SALES_REP,2026-08-08 15:38:05.601026,{}
evt_f8ff7f44,quote_2b4b85e5,CUSTOMER_VIEWED,rep_d5902688,SALES_REP,2026-08-09 15:38:05.601026,{}
evt_0a3c2721,quote_2b4b85e5,COUNTER_OFFER,rep_d5902688,SALES_REP,2026-08-12 15:38:05.601026,{}
evt_d0b029f4,quote_2b4b85e5,QUOTE_REVISED,rep_d5902688,SALES_REP,2026-08-13 15:38:05.601026,{}
evt_d4466e86,quote_2b4b85e5,REJECTED,rep_d5902688,SALES_REP,2026-08-15 15:38:05.601026,{}
evt_15e3cf4f,quote_ae9d0626,QUOTE_CREATED,rep_221b7f39,SALES_REP,2026-05-19 03:10:05.601026,{}
evt_7359110c,quote_ae9d0626,PRODUCT_ADDED,rep_221b7f39,SALES_REP,2026-05-19 04:06:05.601026,{}
evt_03f86d17,quote_ae9d0626,DISCOUNT_APPLIED,rep_221b7f39,SALES_REP,2026-05-19 04:57:05.601026,{}
evt_5406c38b,quote_ae9d0626,QUOTE_SENT,rep_221b7f39,SALES_REP,2026-05-19 12:57:05.601026,{}
evt_3eb8e84d,quote_ae9d0626,CUSTOMER_VIEWED,rep_221b7f39,SALES_REP,2026-05-20 12:57:05.601026,{}
evt_0f0a9ed1,quote_ae9d0626,ORDER_CONFIRMED,rep_221b7f39,SALES_REP,2026-05-22 12:57:05.601026,{}
evt_14586c92,quote_ff9a4a56,QUOTE_CREATED,rep_f976f2b3,SALES_REP,2025-10-12 20:10:05.601026,{}
evt_b2ef3028,quote_ff9a4a56,PRODUCT_ADDED,rep_f976f2b3,SALES_REP,2025-10-12 20:26:05.601026,{}
evt_4dd0ee62,quote_ff9a4a56,DISCOUNT_APPLIED,rep_f976f2b3,SALES_REP,2025-10-12 20:51:05.601026,{}
evt_65ff01cc,quote_ff9a4a56,QUOTE_SENT,rep_f976f2b3,SALES_REP,2025-10-13 00:51:05.601026,{}
evt_8e67a1e9,quote_ff9a4a56,CUSTOMER_VIEWED,rep_f976f2b3,SALES_REP,2025-10-17 00:51:05.601026,{}
evt_a6086a05,quote_ff9a4a56,REJECTED,rep_f976f2b3,SALES_REP,2025-10-23 00:51:05.601026,{}
evt_48e02bf9,quote_288c0a8f,QUOTE_CREATED,rep_76071164,SALES_REP,2025-12-16 12:10:05.601026,{}
evt_5f6e572e,quote_288c0a8f,PRODUCT_ADDED,rep_76071164,SALES_REP,2025-12-16 12:20:05.601026,{}
evt_521da4b0,quote_288c0a8f,DISCOUNT_APPLIED,rep_76071164,SALES_REP,2025-12-16 13:02:05.601026,{}
evt_3dc1cbea,quote_288c0a8f,QUOTE_SENT,rep_76071164,SALES_REP,2025-12-16 14:02:05.601026,{}
evt_50a601e7,quote_288c0a8f,CUSTOMER_VIEWED,rep_76071164,SALES_REP,2025-12-17 14:02:05.601026,{}
evt_f41a3bd6,quote_288c0a8f,COUNTER_OFFER,rep_76071164,SALES_REP,2025-12-18 14:02:05.601026,{}
evt_366b0db7,quote_288c0a8f,QUOTE_REVISED,rep_76071164,SALES_REP,2025-12-19 14:02:05.601026,{}
evt_792fd7c5,quote_288c0a8f,ORDER_CONFIRMED,rep_76071164,SALES_REP,2025-12-22 14:02:05.601026,{}
evt_ca66cbfd,quote_92319233,QUOTE_CREATED,rep_76071164,SALES_REP,2026-05-17 12:10:05.601026,{}
evt_4a8182e8,quote_92319233,PRODUCT_ADDED,rep_76071164,SALES_REP,2026-05-17 12:37:05.601026,{}
evt_40038817,quote_92319233,DISCOUNT_APPLIED,rep_76071164,SALES_REP,2026-05-17 13:04:05.601026,{}
evt_4d2d4e85,quote_92319233,QUOTE_SENT,rep_76071164,SALES_REP,2026-05-18 09:04:05.601026,{}
evt_1b8ade7b,quote_92319233,CUSTOMER_VIEWED,rep_76071164,SALES_REP,2026-05-23 09:04:05.601026,{}
evt_2c8e1bc5,quote_92319233,REJECTED,rep_76071164,SALES_REP,2026-05-30 09:04:05.601026,{}
evt_5b61a321,quote_451e4a83,QUOTE_CREATED,rep_71ed5975,SALES_REP,2026-04-12 02:10:05.601026,{}
evt_e04ff996,quote_451e4a83,PRODUCT_ADDED,rep_71ed5975,SALES_REP,2026-04-12 02:23:05.601026,{}
evt_89187042,quote_451e4a83,DISCOUNT_APPLIED,rep_71ed5975,SALES_REP,2026-04-12 03:18:05.601026,{}
evt_0aa50d9f,quote_451e4a83,QUOTE_SENT,rep_71ed5975,SALES_REP,2026-04-12 20:18:05.601026,{}
evt_2c28b33f,quote_451e4a83,CUSTOMER_VIEWED,rep_71ed5975,SALES_REP,2026-04-15 20:18:05.601026,{}
evt_5b2243b8,quote_451e4a83,COUNTER_OFFER,rep_71ed5975,SALES_REP,2026-04-17 20:18:05.601026,{}
evt_e792425f,quote_451e4a83,QUOTE_REVISED,rep_71ed5975,SALES_REP,2026-04-18 20:18:05.601026,{}
evt_82c4f213,quote_451e4a83,ORDER_CONFIRMED,rep_71ed5975,SALES_REP,2026-04-19 20:18:05.601026,{}
evt_f855a865,quote_a149bf42,QUOTE_CREATED,rep_b548fdfc,SALES_REP,2025-10-09 11:10:05.601026,{}
evt_82cd304e,quote_a149bf42,PRODUCT_ADDED,rep_b548fdfc,SALES_REP,2025-10-09 11:30:05.601026,{}
evt_17e59dd3,quote_a149bf42,DISCOUNT_APPLIED,rep_b548fdfc,SALES_REP,2025-10-09 12:29:05.601026,{}
evt_c0ad3208,quote_a149bf42,QUOTE_SENT,rep_b548fdfc,SALES_REP,2025-10-10 05:29:05.601026,{}
evt_4e73a20f,quote_a149bf42,CUSTOMER_VIEWED,rep_b548fdfc,SALES_REP,2025-10-15 05:29:05.601026,{}
evt_6e7d384a,quote_689a44aa,QUOTE_CREATED,rep_f976f2b3,SALES_REP,2026-06-12 04:10:05.601026,{}
evt_0ad8ba56,quote_689a44aa,PRODUCT_ADDED,rep_f976f2b3,SALES_REP,2026-06-12 04:31:05.601026,{}
evt_99f45040,quote_689a44aa,DISCOUNT_APPLIED,rep_f976f2b3,SALES_REP,2026-06-12 05:17:05.601026,{}
evt_c6efad88,quote_689a44aa,QUOTE_SENT,rep_f976f2b3,SALES_REP,2026-06-12 06:17:05.601026,{}
evt_300d2bf9,quote_689a44aa,CUSTOMER_VIEWED,rep_f976f2b3,SALES_REP,2026-06-13 06:17:05.601026,{}
evt_89356a43,quote_689a44aa,ORDER_CONFIRMED,rep_f976f2b3,SALES_REP,2026-06-16 06:17:05.601026,{}
evt_551ced13,quote_fa8ad52b,QUOTE_CREATED,rep_76071164,SALES_REP,2026-02-21 03:10:05.601026,{}
evt_3e5e304c,quote_fa8ad52b,PRODUCT_ADDED,rep_76071164,SALES_REP,2026-02-21 03:37:05.601026,{}
evt_f89ddaf5,quote_fa8ad52b,DISCOUNT_APPLIED,rep_76071164,SALES_REP,2026-02-21 03:46:05.601026,{}
evt_767d5d66,quote_fa8ad52b,QUOTE_SENT,rep_76071164,SALES_REP,2026-02-21 17:46:05.601026,{}
evt_d609c520,quote_fa8ad52b,CUSTOMER_VIEWED,rep_76071164,SALES_REP,2026-02-26 17:46:05.601026,{}
evt_012b136a,quote_fa8ad52b,REJECTED,rep_76071164,SALES_REP,2026-02-27 17:46:05.601026,{}
evt_5cc27262,quote_b60d10c0,QUOTE_CREATED,rep_71ed5975,SALES_REP,2025-11-10 14:10:05.601026,{}
evt_1afc06eb,quote_b60d10c0,PRODUCT_ADDED,rep_71ed5975,SALES_REP,2025-11-10 14:29:05.601026,{}
evt_829efa8a,quote_b60d10c0,DISCOUNT_APPLIED,rep_71ed5975,SALES_REP,2025-11-10 14:35:05.601026,{}
evt_7fb48a25,quote_b60d10c0,QUOTE_SENT,rep_71ed5975,SALES_REP,2025-11-10 16:35:05.601026,{}
evt_45f061e3,quote_b60d10c0,CUSTOMER_VIEWED,rep_71ed5975,SALES_REP,2025-11-11 16:35:05.601026,{}
evt_2808ce9b,quote_b60d10c0,REJECTED,rep_71ed5975,SALES_REP,2025-11-18 16:35:05.601026,{}
evt_d78d1928,quote_924f5684,QUOTE_CREATED,rep_76071164,SALES_REP,2026-07-13 18:10:05.601026,{}
evt_2522b2b3,quote_924f5684,PRODUCT_ADDED,rep_76071164,SALES_REP,2026-07-13 18:59:05.601026,{}
evt_6647fdde,quote_924f5684,DISCOUNT_APPLIED,rep_76071164,SALES_REP,2026-07-13 19:31:05.601026,{}
evt_43fa6646,quote_924f5684,QUOTE_SENT,rep_76071164,SALES_REP,2026-07-14 13:31:05.601026,{}
evt_b94fb838,quote_924f5684,CUSTOMER_VIEWED,rep_76071164,SALES_REP,2026-07-16 13:31:05.601026,{}
evt_c617bf0a,quote_924f5684,COUNTER_OFFER,rep_76071164,SALES_REP,2026-07-17 13:31:05.601026,{}
evt_f9db7c52,quote_924f5684,QUOTE_REVISED,rep_76071164,SALES_REP,2026-07-19 13:31:05.601026,{}
evt_e9ab93c7,quote_924f5684,ORDER_CONFIRMED,rep_76071164,SALES_REP,2026-07-22 13:31:05.601026,{}
evt_bcdc8da5,quote_42cf28cd,QUOTE_CREATED,rep_221b7f39,SALES_REP,2026-07-03 06:10:05.601026,{}
evt_95769bce,quote_42cf28cd,PRODUCT_ADDED,rep_221b7f39,SALES_REP,2026-07-03 06:26:05.601026,{}
evt_469679c2,quote_42cf28cd,DISCOUNT_APPLIED,rep_221b7f39,SALES_REP,2026-07-03 06:49:05.601026,{}
evt_6b0df9e6,quote_42cf28cd,QUOTE_SENT,rep_221b7f39,SALES_REP,2026-07-03 08:49:05.601026,{}
evt_85a3f85a,quote_42cf28cd,CUSTOMER_VIEWED,rep_221b7f39,SALES_REP,2026-07-06 08:49:05.601026,{}
evt_adfb5cad,quote_79801df0,QUOTE_CREATED,rep_e08a1589,SALES_REP,2025-11-11 01:10:05.601026,{}
evt_c2e7b53d,quote_79801df0,PRODUCT_ADDED,rep_e08a1589,SALES_REP,2025-11-11 01:19:05.601026,{}
evt_c8392100,quote_79801df0,DISCOUNT_APPLIED,rep_e08a1589,SALES_REP,2025-11-11 01:28:05.601026,{}
evt_e34aef71,quote_79801df0,QUOTE_SENT,rep_e08a1589,SALES_REP,2025-11-11 10:28:05.601026,{}
evt_37e3401a,quote_79801df0,CUSTOMER_VIEWED,rep_e08a1589,SALES_REP,2025-11-16 10:28:05.601026,{}
evt_90e6e1c9,quote_79801df0,COUNTER_OFFER,rep_e08a1589,SALES_REP,2025-11-19 10:28:05.601026,{}
evt_cc35c3e8,quote_79801df0,QUOTE_REVISED,rep_e08a1589,SALES_REP,2025-11-21 10:28:05.601026,{}
evt_823c2885,quote_79801df0,ORDER_CONFIRMED,rep_e08a1589,SALES_REP,2025-11-28 10:28:05.601026,{}
evt_cc6254db,quote_907dcc07,QUOTE_CREATED,rep_26645e7c,SALES_REP,2026-06-01 14:10:05.601026,{}
evt_2ce803e8,quote_907dcc07,PRODUCT_ADDED,rep_26645e7c,SALES_REP,2026-06-01 14:18:05.601026,{}
evt_de2765b7,quote_907dcc07,DISCOUNT_APPLIED,rep_26645e7c,SALES_REP,2026-06-01 14:45:05.601026,{}
evt_4f8fc602,quote_907dcc07,QUOTE_SENT,rep_26645e7c,SALES_REP,2026-06-02 04:45:05.601026,{}
evt_3bb0a82e,quote_907dcc07,CUSTOMER_VIEWED,rep_26645e7c,SALES_REP,2026-06-07 04:45:05.601026,{}
evt_7949b390,quote_179231be,QUOTE_CREATED,rep_4fd63151,SALES_REP,2026-05-29 13:10:05.601026,{}
evt_1d133b60,quote_179231be,PRODUCT_ADDED,rep_4fd63151,SALES_REP,2026-05-29 13:38:05.601026,{}
evt_8051d35c,quote_179231be,DISCOUNT_APPLIED,rep_4fd63151,SALES_REP,2026-05-29 14:29:05.601026,{}
evt_e82ea382,quote_179231be,QUOTE_SENT,rep_4fd63151,SALES_REP,2026-05-29 19:29:05.601026,{}
evt_e403db2e,quote_179231be,CUSTOMER_VIEWED,rep_4fd63151,SALES_REP,2026-05-30 19:29:05.601026,{}
evt_844ab20a,quote_179231be,REJECTED,rep_4fd63151,SALES_REP,2026-06-05 19:29:05.601026,{}
evt_c8b40a18,quote_8bac8574,QUOTE_CREATED,rep_71ed5975,SALES_REP,2025-11-02 06:10:05.601026,{}
evt_e795e857,quote_8bac8574,PRODUCT_ADDED,rep_71ed5975,SALES_REP,2025-11-02 06:54:05.601026,{}
evt_a6d49096,quote_8bac8574,DISCOUNT_APPLIED,rep_71ed5975,SALES_REP,2025-11-02 07:23:05.601026,{}
evt_f1612224,quote_8bac8574,QUOTE_SENT,rep_71ed5975,SALES_REP,2025-11-02 23:23:05.601026,{}
evt_9cdd3364,quote_8bac8574,CUSTOMER_VIEWED,rep_71ed5975,SALES_REP,2025-11-03 23:23:05.601026,{}
evt_4e275d82,quote_8bac8574,ORDER_CONFIRMED,rep_71ed5975,SALES_REP,2025-11-07 23:23:05.601026,{}
evt_c2a14683,quote_7106f3d5,QUOTE_CREATED,rep_03d99ec4,SALES_REP,2026-06-04 07:10:05.601026,{}
evt_0b3402d8,quote_7106f3d5,PRODUCT_ADDED,rep_03d99ec4,SALES_REP,2026-06-04 07:36:05.601026,{}
evt_56d0c7fd,quote_7106f3d5,DISCOUNT_APPLIED,rep_03d99ec4,SALES_REP,2026-06-04 08:34:05.601026,{}
evt_959d0bb4,quote_7106f3d5,QUOTE_SENT,rep_03d99ec4,SALES_REP,2026-06-04 17:34:05.601026,{}
evt_3c304265,quote_7106f3d5,CUSTOMER_VIEWED,rep_03d99ec4,SALES_REP,2026-06-09 17:34:05.601026,{}
evt_3aca5bee,quote_7106f3d5,COUNTER_OFFER,rep_03d99ec4,SALES_REP,2026-06-10 17:34:05.601026,{}
evt_5e5e59e4,quote_7106f3d5,QUOTE_REVISED,rep_03d99ec4,SALES_REP,2026-06-12 17:34:05.601026,{}
evt_f8395bd6,quote_7106f3d5,ORDER_CONFIRMED,rep_03d99ec4,SALES_REP,2026-06-18 17:34:05.601026,{}
evt_4b6d8c58,quote_b30b86a0,QUOTE_CREATED,rep_76071164,SALES_REP,2026-03-23 05:10:05.601026,{}
evt_9ff077ba,quote_b30b86a0,PRODUCT_ADDED,rep_76071164,SALES_REP,2026-03-23 06:02:05.601026,{}
evt_4c37c327,quote_b30b86a0,DISCOUNT_APPLIED,rep_76071164,SALES_REP,2026-03-23 06:22:05.601026,{}
evt_c56f62ee,quote_b30b86a0,QUOTE_SENT,rep_76071164,SALES_REP,2026-03-23 11:22:05.601026,{}
evt_fcdf92fd,quote_b30b86a0,CUSTOMER_VIEWED,rep_76071164,SALES_REP,2026-03-24 11:22:05.601026,{}
evt_38f193cc,quote_b30b86a0,COUNTER_OFFER,rep_76071164,SALES_REP,2026-03-27 11:22:05.601026,{}
evt_0d50567b,quote_b30b86a0,QUOTE_REVISED,rep_76071164,SALES_REP,2026-03-29 11:22:05.601026,{}
evt_53fc783a,quote_b30b86a0,ORDER_CONFIRMED,rep_76071164,SALES_REP,2026-03-30 11:22:05.601026,{}
evt_b87f8d76,quote_7f0ce1aa,QUOTE_CREATED,rep_d5902688,SALES_REP,2026-01-23 17:10:05.601026,{}
evt_fddb23ea,quote_7f0ce1aa,PRODUCT_ADDED,rep_d5902688,SALES_REP,2026-01-23 17:22:05.601026,{}
evt_c3380f3b,quote_7f0ce1aa,DISCOUNT_APPLIED,rep_d5902688,SALES_REP,2026-01-23 17:46:05.601026,{}
evt_b9e24876,quote_7f0ce1aa,QUOTE_SENT,rep_d5902688,SALES_REP,2026-01-24 12:46:05.601026,{}
evt_e87ea149,quote_7f0ce1aa,CUSTOMER_VIEWED,rep_d5902688,SALES_REP,2026-01-27 12:46:05.601026,{}
evt_f99d8ff8,quote_7f0ce1aa,REJECTED,rep_d5902688,SALES_REP,2026-02-03 12:46:05.601026,{}
evt_60e58168,quote_878a3a33,QUOTE_CREATED,rep_71ed5975,SALES_REP,2026-04-29 06:10:05.601026,{}
evt_bce9fdf1,quote_878a3a33,PRODUCT_ADDED,rep_71ed5975,SALES_REP,2026-04-29 06:41:05.601026,{}
evt_e7cc5605,quote_878a3a33,DISCOUNT_APPLIED,rep_71ed5975,SALES_REP,2026-04-29 06:49:05.601026,{}
evt_0d9a4fcc,quote_878a3a33,QUOTE_SENT,rep_71ed5975,SALES_REP,2026-04-30 01:49:05.601026,{}
evt_33f9e7a6,quote_878a3a33,CUSTOMER_VIEWED,rep_71ed5975,SALES_REP,2026-05-01 01:49:05.601026,{}
evt_bf61423c,quote_878a3a33,COUNTER_OFFER,rep_71ed5975,SALES_REP,2026-05-04 01:49:05.601026,{}
evt_8e0ef809,quote_878a3a33,QUOTE_REVISED,rep_71ed5975,SALES_REP,2026-05-06 01:49:05.601026,{}
evt_dacc8df1,quote_bb209b03,QUOTE_CREATED,rep_4fd63151,SALES_REP,2026-01-15 14:10:05.601026,{}
evt_468f334e,quote_bb209b03,PRODUCT_ADDED,rep_4fd63151,SALES_REP,2026-01-15 14:55:05.601026,{}
evt_f593ac17,quote_bb209b03,DISCOUNT_APPLIED,rep_4fd63151,SALES_REP,2026-01-15 15:11:05.601026,{}
evt_333f3129,quote_bb209b03,QUOTE_SENT,rep_4fd63151,SALES_REP,2026-01-15 20:11:05.601026,{}
evt_a13354d6,quote_bb209b03,CUSTOMER_VIEWED,rep_4fd63151,SALES_REP,2026-01-20 20:11:05.601026,{}
evt_383c2c9e,quote_bb209b03,ORDER_CONFIRMED,rep_4fd63151,SALES_REP,2026-01-22 20:11:05.601026,{}
evt_d9b0500f,quote_550e9ce7,QUOTE_CREATED,rep_b548fdfc,SALES_REP,2025-09-26 23:10:05.601026,{}
evt_e93855b5,quote_550e9ce7,PRODUCT_ADDED,rep_b548fdfc,SALES_REP,2025-09-26 23:53:05.601026,{}
evt_40f84e31,quote_550e9ce7,DISCOUNT_APPLIED,rep_b548fdfc,SALES_REP,2025-09-27 00:13:05.601026,{}
evt_aa06b881,quote_550e9ce7,QUOTE_SENT,rep_b548fdfc,SALES_REP,2025-09-27 12:13:05.601026,{}
evt_5a56154a,quote_550e9ce7,CUSTOMER_VIEWED,rep_b548fdfc,SALES_REP,2025-09-28 12:13:05.601026,{}
evt_a7efe8be,quote_550e9ce7,COUNTER_OFFER,rep_b548fdfc,SALES_REP,2025-09-30 12:13:05.601026,{}
evt_26ab504e,quote_550e9ce7,QUOTE_REVISED,rep_b548fdfc,SALES_REP,2025-10-01 12:13:05.601026,{}
evt_e82942ff,quote_550e9ce7,ORDER_CONFIRMED,rep_b548fdfc,SALES_REP,2025-10-06 12:13:05.601026,{}
evt_4f60c599,quote_18c6fdf2,QUOTE_CREATED,rep_03d99ec4,SALES_REP,2025-10-12 02:10:05.601026,{}
evt_1c86f34b,quote_18c6fdf2,PRODUCT_ADDED,rep_03d99ec4,SALES_REP,2025-10-12 02:45:05.601026,{}
evt_d23e9a56,quote_18c6fdf2,DISCOUNT_APPLIED,rep_03d99ec4,SALES_REP,2025-10-12 03:08:05.601026,{}
evt_91eda99a,quote_18c6fdf2,QUOTE_SENT,rep_03d99ec4,SALES_REP,2025-10-12 23:08:05.601026,{}
evt_893d9415,quote_18c6fdf2,CUSTOMER_VIEWED,rep_03d99ec4,SALES_REP,2025-10-13 23:08:05.601026,{}
evt_ec748ec7,quote_18c6fdf2,COUNTER_OFFER,rep_03d99ec4,SALES_REP,2025-10-14 23:08:05.601026,{}
evt_cc61e37c,quote_18c6fdf2,QUOTE_REVISED,rep_03d99ec4,SALES_REP,2025-10-16 23:08:05.601026,{}
evt_5901429b,quote_53e9f274,QUOTE_CREATED,rep_f976f2b3,SALES_REP,2025-10-30 01:10:05.601026,{}
evt_d23f3451,quote_53e9f274,PRODUCT_ADDED,rep_f976f2b3,SALES_REP,2025-10-30 02:04:05.601026,{}
evt_673f94fd,quote_53e9f274,DISCOUNT_APPLIED,rep_f976f2b3,SALES_REP,2025-10-30 02:56:05.601026,{}
evt_69a8dbc4,quote_53e9f274,QUOTE_SENT,rep_f976f2b3,SALES_REP,2025-10-30 19:56:05.601026,{}
evt_ddd5091e,quote_53e9f274,CUSTOMER_VIEWED,rep_f976f2b3,SALES_REP,2025-11-04 19:56:05.601026,{}
evt_0dba0a8c,quote_53e9f274,ORDER_CONFIRMED,rep_f976f2b3,SALES_REP,2025-11-06 19:56:05.601026,{}
evt_8ce5501e,quote_358ca9e8,QUOTE_CREATED,rep_221b7f39,SALES_REP,2025-10-14 13:10:05.601026,{}
evt_10a70d85,quote_358ca9e8,PRODUCT_ADDED,rep_221b7f39,SALES_REP,2025-10-14 13:41:05.601026,{}
evt_15cc7b71,quote_358ca9e8,DISCOUNT_APPLIED,rep_221b7f39,SALES_REP,2025-10-14 14:20:05.601026,{}
evt_0116eb61,quote_358ca9e8,QUOTE_SENT,rep_221b7f39,SALES_REP,2025-10-15 14:20:05.601026,{}
evt_bd3a0189,quote_358ca9e8,CUSTOMER_VIEWED,rep_221b7f39,SALES_REP,2025-10-16 14:20:05.601026,{}
evt_2a94949a,quote_358ca9e8,ORDER_CONFIRMED,rep_221b7f39,SALES_REP,2025-10-21 14:20:05.601026,{}
evt_6110eaf1,quote_159cee72,QUOTE_CREATED,rep_e08a1589,SALES_REP,2025-12-14 00:10:05.601026,{}
evt_263c5cf8,quote_159cee72,PRODUCT_ADDED,rep_e08a1589,SALES_REP,2025-12-14 01:06:05.601026,{}
evt_37a4bf9a,quote_159cee72,DISCOUNT_APPLIED,rep_e08a1589,SALES_REP,2025-12-14 02:00:05.601026,{}
evt_33de1efe,quote_159cee72,QUOTE_SENT,rep_e08a1589,SALES_REP,2025-12-14 14:00:05.601026,{}
evt_a08fd3a0,quote_159cee72,CUSTOMER_VIEWED,rep_e08a1589,SALES_REP,2025-12-16 14:00:05.601026,{}
evt_67af3acd,quote_6d18267c,QUOTE_CREATED,rep_26645e7c,SALES_REP,2026-04-21 05:10:05.601026,{}
evt_8613fdc5,quote_6d18267c,PRODUCT_ADDED,rep_26645e7c,SALES_REP,2026-04-21 05:37:05.601026,{}
evt_3d454866,quote_6d18267c,DISCOUNT_APPLIED,rep_26645e7c,SALES_REP,2026-04-21 06:17:05.601026,{}
evt_c8493545,quote_6d18267c,QUOTE_SENT,rep_26645e7c,SALES_REP,2026-04-21 23:17:05.601026,{}
evt_62e43d52,quote_6d18267c,CUSTOMER_VIEWED,rep_26645e7c,SALES_REP,2026-04-22 23:17:05.601026,{}
evt_8588f02f,quote_6d18267c,REJECTED,rep_26645e7c,SALES_REP,2026-04-28 23:17:05.601026,{}
evt_554a3524,quote_7559bca3,QUOTE_CREATED,rep_d5902688,SALES_REP,2025-12-31 20:10:05.601026,{}
evt_e6660902,quote_7559bca3,PRODUCT_ADDED,rep_d5902688,SALES_REP,2025-12-31 21:07:05.601026,{}
evt_a079be74,quote_7559bca3,DISCOUNT_APPLIED,rep_d5902688,SALES_REP,2025-12-31 21:20:05.601026,{}
evt_283083f0,quote_7559bca3,QUOTE_SENT,rep_d5902688,SALES_REP,2026-01-01 15:20:05.601026,{}
evt_4cadb048,quote_7559bca3,CUSTOMER_VIEWED,rep_d5902688,SALES_REP,2026-01-03 15:20:05.601026,{}
evt_f114a5dc,quote_d9a441e0,QUOTE_CREATED,rep_d5902688,SALES_REP,2026-08-11 10:10:05.601026,{}
evt_2ec40b54,quote_d9a441e0,PRODUCT_ADDED,rep_d5902688,SALES_REP,2026-08-11 11:04:05.601026,{}
evt_af6f2eab,quote_d9a441e0,DISCOUNT_APPLIED,rep_d5902688,SALES_REP,2026-08-11 11:21:05.601026,{}
evt_15ce58dc,quote_d9a441e0,QUOTE_SENT,rep_d5902688,SALES_REP,2026-08-11 17:21:05.601026,{}
evt_ff3babca,quote_d9a441e0,CUSTOMER_VIEWED,rep_d5902688,SALES_REP,2026-08-15 17:21:05.601026,{}
evt_497229f0,quote_d9a441e0,COUNTER_OFFER,rep_d5902688,SALES_REP,2026-08-16 17:21:05.601026,{}
evt_e2e1a8f2,quote_d9a441e0,QUOTE_REVISED,rep_d5902688,SALES_REP,2026-08-18 17:21:05.601026,{}
evt_e37e90d9,quote_d9a441e0,REJECTED,rep_d5902688,SALES_REP,2026-08-21 17:21:05.601026,{}
evt_abbd636b,quote_102bcfd2,QUOTE_CREATED,rep_76071164,SALES_REP,2026-05-04 05:10:05.601026,{}
evt_570e5cf6,quote_102bcfd2,PRODUCT_ADDED,rep_76071164,SALES_REP,2026-05-04 05:23:05.601026,{}
evt_d8495208,quote_102bcfd2,DISCOUNT_APPLIED,rep_76071164,SALES_REP,2026-05-04 05:53:05.601026,{}
evt_2b4fbe7f,quote_102bcfd2,QUOTE_SENT,rep_76071164,SALES_REP,2026-05-05 04:53:05.601026,{}
evt_f8900195,quote_102bcfd2,CUSTOMER_VIEWED,rep_76071164,SALES_REP,2026-05-10 04:53:05.601026,{}
evt_9ae7421a,quote_102bcfd2,COUNTER_OFFER,rep_76071164,SALES_REP,2026-05-12 04:53:05.601026,{}
evt_ca486519,quote_102bcfd2,QUOTE_REVISED,rep_76071164,SALES_REP,2026-05-13 04:53:05.601026,{}
evt_8c39a890,quote_102bcfd2,ORDER_CONFIRMED,rep_76071164,SALES_REP,2026-05-16 04:53:05.601026,{}
evt_6ca39364,quote_1fac70cd,QUOTE_CREATED,rep_b548fdfc,SALES_REP,2026-04-22 19:10:05.601026,{}
evt_037e92a7,quote_1fac70cd,PRODUCT_ADDED,rep_b548fdfc,SALES_REP,2026-04-22 20:07:05.601026,{}
evt_7040c8d5,quote_1fac70cd,DISCOUNT_APPLIED,rep_b548fdfc,SALES_REP,2026-04-22 20:44:05.601026,{}
evt_f56c5575,quote_1fac70cd,QUOTE_SENT,rep_b548fdfc,SALES_REP,2026-04-22 23:44:05.601026,{}
evt_2eba7683,quote_1fac70cd,CUSTOMER_VIEWED,rep_b548fdfc,SALES_REP,2026-04-24 23:44:05.601026,{}
evt_ec7dcc8f,quote_1fac70cd,ORDER_CONFIRMED,rep_b548fdfc,SALES_REP,2026-04-29 23:44:05.601026,{}
evt_0fdc9af1,quote_7779b1ec,QUOTE_CREATED,rep_d5902688,SALES_REP,2026-01-26 09:10:05.601026,{}
evt_e8ed91d6,quote_7779b1ec,PRODUCT_ADDED,rep_d5902688,SALES_REP,2026-01-26 09:51:05.601026,{}
evt_7851a3ea,quote_7779b1ec,DISCOUNT_APPLIED,rep_d5902688,SALES_REP,2026-01-26 10:29:05.601026,{}
evt_b0ca3562,quote_7779b1ec,QUOTE_SENT,rep_d5902688,SALES_REP,2026-01-27 03:29:05.601026,{}
evt_f0b60b51,quote_7779b1ec,CUSTOMER_VIEWED,rep_d5902688,SALES_REP,2026-02-01 03:29:05.601026,{}
evt_c51e8261,quote_7779b1ec,REJECTED,rep_d5902688,SALES_REP,2026-02-05 03:29:05.601026,{}
evt_f8f04136,quote_3a7c2663,QUOTE_CREATED,rep_b548fdfc,SALES_REP,2026-03-20 16:10:05.601026,{}
evt_c3c8257e,quote_3a7c2663,PRODUCT_ADDED,rep_b548fdfc,SALES_REP,2026-03-20 16:42:05.601026,{}
evt_a4260bb7,quote_3a7c2663,DISCOUNT_APPLIED,rep_b548fdfc,SALES_REP,2026-03-20 17:20:05.601026,{}
evt_24768f89,quote_3a7c2663,QUOTE_SENT,rep_b548fdfc,SALES_REP,2026-03-21 02:20:05.601026,{}
evt_c642a4c3,quote_3a7c2663,CUSTOMER_VIEWED,rep_b548fdfc,SALES_REP,2026-03-26 02:20:05.601026,{}
evt_8099c39e,quote_3a7c2663,REJECTED,rep_b548fdfc,SALES_REP,2026-03-29 02:20:05.601026,{}
evt_27aff4db,quote_c76d9552,QUOTE_CREATED,rep_b548fdfc,SALES_REP,2026-01-28 11:10:05.601026,{}
evt_959aa7f3,quote_c76d9552,PRODUCT_ADDED,rep_b548fdfc,SALES_REP,2026-01-28 11:29:05.601026,{}
evt_3777c4c6,quote_c76d9552,DISCOUNT_APPLIED,rep_b548fdfc,SALES_REP,2026-01-28 11:44:05.601026,{}
evt_904bbd75,quote_c76d9552,QUOTE_SENT,rep_b548fdfc,SALES_REP,2026-01-28 21:44:05.601026,{}
evt_a07602f0,quote_c76d9552,CUSTOMER_VIEWED,rep_b548fdfc,SALES_REP,2026-01-31 21:44:05.601026,{}
evt_0b3b0769,quote_c76d9552,REJECTED,rep_b548fdfc,SALES_REP,2026-02-07 21:44:05.601026,{}
evt_f945b784,quote_48e2e6df,QUOTE_CREATED,rep_26645e7c,SALES_REP,2026-08-12 14:10:05.601026,{}
evt_13d3fc18,quote_48e2e6df,PRODUCT_ADDED,rep_26645e7c,SALES_REP,2026-08-12 14:47:05.601026,{}
evt_58f9e3c4,quote_48e2e6df,DISCOUNT_APPLIED,rep_26645e7c,SALES_REP,2026-08-12 15:40:05.601026,{}
evt_483a59b8,quote_48e2e6df,QUOTE_SENT,rep_26645e7c,SALES_REP,2026-08-12 21:40:05.601026,{}
evt_e916f453,quote_48e2e6df,CUSTOMER_VIEWED,rep_26645e7c,SALES_REP,2026-08-13 21:40:05.601026,{}
evt_c6bfd8fc,quote_ef280c15,QUOTE_CREATED,rep_76071164,SALES_REP,2025-12-13 06:10:05.601026,{}
evt_5aa4f37f,quote_ef280c15,PRODUCT_ADDED,rep_76071164,SALES_REP,2025-12-13 06:43:05.601026,{}
evt_ef2d0616,quote_ef280c15,DISCOUNT_APPLIED,rep_76071164,SALES_REP,2025-12-13 07:21:05.601026,{}
evt_1b4ff3f1,quote_ef280c15,QUOTE_SENT,rep_76071164,SALES_REP,2025-12-13 12:21:05.601026,{}
evt_72f5c987,quote_ef280c15,CUSTOMER_VIEWED,rep_76071164,SALES_REP,2025-12-17 12:21:05.601026,{}
evt_ceb815cf,quote_ef280c15,COUNTER_OFFER,rep_76071164,SALES_REP,2025-12-18 12:21:05.601026,{}
evt_86549b6c,quote_ef280c15,QUOTE_REVISED,rep_76071164,SALES_REP,2025-12-19 12:21:05.601026,{}
evt_a1df0390,quote_ef280c15,ORDER_CONFIRMED,rep_76071164,SALES_REP,2025-12-23 12:21:05.601026,{}
evt_2eb1b962,quote_3ad9b644,QUOTE_CREATED,rep_221b7f39,SALES_REP,2026-03-05 08:10:05.601026,{}
evt_e0c3f520,quote_3ad9b644,PRODUCT_ADDED,rep_221b7f39,SALES_REP,2026-03-05 08:25:05.601026,{}
evt_43a303f6,quote_3ad9b644,DISCOUNT_APPLIED,rep_221b7f39,SALES_REP,2026-03-05 09:02:05.601026,{}
evt_3793aeb5,quote_3ad9b644,QUOTE_SENT,rep_221b7f39,SALES_REP,2026-03-05 20:02:05.601026,{}
evt_2c3ce7d3,quote_3ad9b644,CUSTOMER_VIEWED,rep_221b7f39,SALES_REP,2026-03-08 20:02:05.601026,{}
evt_f5d9353d,quote_3ad9b644,ORDER_CONFIRMED,rep_221b7f39,SALES_REP,2026-03-14 20:02:05.601026,{}
evt_b0a85f8c,quote_f9a75c89,QUOTE_CREATED,rep_76071164,SALES_REP,2026-02-14 12:10:05.601026,{}
evt_d7ffe441,quote_f9a75c89,PRODUCT_ADDED,rep_76071164,SALES_REP,2026-02-14 12:55:05.601026,{}
evt_d317f0b1,quote_f9a75c89,DISCOUNT_APPLIED,rep_76071164,SALES_REP,2026-02-14 13:00:05.601026,{}
evt_9a241fe7,quote_f9a75c89,QUOTE_SENT,rep_76071164,SALES_REP,2026-02-14 21:00:05.601026,{}
evt_61a4b652,quote_f9a75c89,CUSTOMER_VIEWED,rep_76071164,SALES_REP,2026-02-16 21:00:05.601026,{}
evt_5fcbf253,quote_f9a75c89,ORDER_CONFIRMED,rep_76071164,SALES_REP,2026-02-23 21:00:05.601026,{}
evt_e2ecca9d,quote_69f33242,QUOTE_CREATED,rep_71ed5975,SALES_REP,2026-01-27 10:10:05.601026,{}
evt_7630cdee,quote_69f33242,PRODUCT_ADDED,rep_71ed5975,SALES_REP,2026-01-27 11:01:05.601026,{}
evt_7a366e02,quote_69f33242,DISCOUNT_APPLIED,rep_71ed5975,SALES_REP,2026-01-27 11:53:05.601026,{}
evt_71c6c7fe,quote_69f33242,QUOTE_SENT,rep_71ed5975,SALES_REP,2026-01-27 18:53:05.601026,{}
evt_94ec1f32,quote_69f33242,CUSTOMER_VIEWED,rep_71ed5975,SALES_REP,2026-01-28 18:53:05.601026,{}
evt_b2bf81a6,quote_146834c9,QUOTE_CREATED,rep_d5902688,SALES_REP,2025-12-21 04:10:05.601026,{}
evt_67d79996,quote_146834c9,PRODUCT_ADDED,rep_d5902688,SALES_REP,2025-12-21 04:39:05.601026,{}
evt_a6275722,quote_146834c9,DISCOUNT_APPLIED,rep_d5902688,SALES_REP,2025-12-21 05:24:05.601026,{}
evt_b3e9615c,quote_146834c9,QUOTE_SENT,rep_d5902688,SALES_REP,2025-12-22 00:24:05.601026,{}
evt_a3816c6f,quote_146834c9,CUSTOMER_VIEWED,rep_d5902688,SALES_REP,2025-12-24 00:24:05.601026,{}
evt_cc7a8f33,quote_be19e4b0,QUOTE_CREATED,rep_4fd63151,SALES_REP,2026-02-05 13:10:05.601026,{}
evt_1746cf50,quote_be19e4b0,PRODUCT_ADDED,rep_4fd63151,SALES_REP,2026-02-05 14:05:05.601026,{}
evt_76c7d476,quote_be19e4b0,DISCOUNT_APPLIED,rep_4fd63151,SALES_REP,2026-02-05 14:50:05.601026,{}
evt_936d1966,quote_be19e4b0,QUOTE_SENT,rep_4fd63151,SALES_REP,2026-02-06 03:50:05.601026,{}
evt_c980da1f,quote_be19e4b0,CUSTOMER_VIEWED,rep_4fd63151,SALES_REP,2026-02-11 03:50:05.601026,{}
evt_29460e73,quote_be19e4b0,REJECTED,rep_4fd63151,SALES_REP,2026-02-15 03:50:05.601026,{}
evt_ac6cd62b,quote_1c0ab81e,QUOTE_CREATED,rep_221b7f39,SALES_REP,2025-12-26 09:10:05.601026,{}
evt_e36f1786,quote_1c0ab81e,PRODUCT_ADDED,rep_221b7f39,SALES_REP,2025-12-26 09:43:05.601026,{}
evt_86fbb34c,quote_1c0ab81e,DISCOUNT_APPLIED,rep_221b7f39,SALES_REP,2025-12-26 10:08:05.601026,{}
evt_2ddc2501,quote_1c0ab81e,QUOTE_SENT,rep_221b7f39,SALES_REP,2025-12-26 18:08:05.601026,{}
evt_6a703479,quote_1c0ab81e,CUSTOMER_VIEWED,rep_221b7f39,SALES_REP,2025-12-30 18:08:05.601026,{}
evt_2ad13243,quote_1c0ab81e,COUNTER_OFFER,rep_221b7f39,SALES_REP,2026-01-01 18:08:05.601026,{}
evt_c881a84d,quote_1c0ab81e,QUOTE_REVISED,rep_221b7f39,SALES_REP,2026-01-03 18:08:05.601026,{}
evt_127226cc,quote_1c0ab81e,REJECTED,rep_221b7f39,SALES_REP,2026-01-09 18:08:05.601026,{}
evt_d9e3c079,quote_4ada25aa,QUOTE_CREATED,rep_b548fdfc,SALES_REP,2026-03-28 04:10:05.601026,{}
evt_53ea5c32,quote_4ada25aa,PRODUCT_ADDED,rep_b548fdfc,SALES_REP,2026-03-28 04:41:05.601026,{}
evt_853bb038,quote_4ada25aa,DISCOUNT_APPLIED,rep_b548fdfc,SALES_REP,2026-03-28 05:29:05.601026,{}
evt_f13bbe9b,quote_4ada25aa,QUOTE_SENT,rep_b548fdfc,SALES_REP,2026-03-28 13:29:05.601026,{}
evt_a0522c5c,quote_4ada25aa,CUSTOMER_VIEWED,rep_b548fdfc,SALES_REP,2026-03-29 13:29:05.601026,{}
evt_94ac0429,quote_4ada25aa,COUNTER_OFFER,rep_b548fdfc,SALES_REP,2026-04-01 13:29:05.601026,{}
evt_577a7940,quote_4ada25aa,QUOTE_REVISED,rep_b548fdfc,SALES_REP,2026-04-02 13:29:05.601026,{}
evt_c1b30ae0,quote_4ada25aa,REJECTED,rep_b548fdfc,SALES_REP,2026-04-09 13:29:05.601026,{}
evt_097ca090,quote_cf28c0c0,QUOTE_CREATED,rep_f976f2b3,SALES_REP,2026-06-19 16:10:05.601026,{}
evt_8c1ac25d,quote_cf28c0c0,PRODUCT_ADDED,rep_f976f2b3,SALES_REP,2026-06-19 17:06:05.601026,{}
evt_0e5cdede,quote_cf28c0c0,DISCOUNT_APPLIED,rep_f976f2b3,SALES_REP,2026-06-19 17:39:05.601026,{}
evt_60eb7255,quote_cf28c0c0,QUOTE_SENT,rep_f976f2b3,SALES_REP,2026-06-20 07:39:05.601026,{}
evt_ed2888c5,quote_cf28c0c0,CUSTOMER_VIEWED,rep_f976f2b3,SALES_REP,2026-06-24 07:39:05.601026,{}
evt_82d24e37,quote_cf28c0c0,COUNTER_OFFER,rep_f976f2b3,SALES_REP,2026-06-25 07:39:05.601026,{}
evt_a168e72a,quote_cf28c0c0,QUOTE_REVISED,rep_f976f2b3,SALES_REP,2026-06-27 07:39:05.601026,{}
evt_5bab0186,quote_cf28c0c0,REJECTED,rep_f976f2b3,SALES_REP,2026-07-01 07:39:05.601026,{}
evt_2c4e5063,quote_f1167bc4,QUOTE_CREATED,rep_26645e7c,SALES_REP,2026-02-26 02:10:05.601026,{}
evt_052c4736,quote_f1167bc4,PRODUCT_ADDED,rep_26645e7c,SALES_REP,2026-02-26 02:54:05.601026,{}
evt_0e514aee,quote_f1167bc4,DISCOUNT_APPLIED,rep_26645e7c,SALES_REP,2026-02-26 03:38:05.601026,{}
evt_f9be369b,quote_f1167bc4,QUOTE_SENT,rep_26645e7c,SALES_REP,2026-02-26 14:38:05.601026,{}
evt_69de790f,quote_f1167bc4,CUSTOMER_VIEWED,rep_26645e7c,SALES_REP,2026-02-28 14:38:05.601026,{}
evt_64c5cbe0,quote_6c18ac60,QUOTE_CREATED,rep_f976f2b3,SALES_REP,2026-03-18 08:10:05.601026,{}
evt_f12e1c24,quote_6c18ac60,PRODUCT_ADDED,rep_f976f2b3,SALES_REP,2026-03-18 09:04:05.601026,{}
evt_6969d4d0,quote_6c18ac60,DISCOUNT_APPLIED,rep_f976f2b3,SALES_REP,2026-03-18 09:44:05.601026,{}
evt_ed1cc231,quote_6c18ac60,QUOTE_SENT,rep_f976f2b3,SALES_REP,2026-03-18 12:44:05.601026,{}
evt_158232a4,quote_6c18ac60,CUSTOMER_VIEWED,rep_f976f2b3,SALES_REP,2026-03-19 12:44:05.601026,{}
evt_8f12fe66,quote_6c18ac60,ORDER_CONFIRMED,rep_f976f2b3,SALES_REP,2026-03-22 12:44:05.601026,{}
evt_45b1f554,quote_3dd9f912,QUOTE_CREATED,rep_4fd63151,SALES_REP,2026-03-15 16:10:05.601026,{}
evt_60a1f77e,quote_3dd9f912,PRODUCT_ADDED,rep_4fd63151,SALES_REP,2026-03-15 16:17:05.601026,{}
evt_a967c67e,quote_3dd9f912,DISCOUNT_APPLIED,rep_4fd63151,SALES_REP,2026-03-15 17:16:05.601026,{}
evt_b7f2619e,quote_3dd9f912,QUOTE_SENT,rep_4fd63151,SALES_REP,2026-03-15 18:16:05.601026,{}
evt_aa8640b7,quote_3dd9f912,CUSTOMER_VIEWED,rep_4fd63151,SALES_REP,2026-03-20 18:16:05.601026,{}
evt_29bfc2e7,quote_3dd9f912,COUNTER_OFFER,rep_4fd63151,SALES_REP,2026-03-22 18:16:05.601026,{}
evt_d7b96098,quote_3dd9f912,QUOTE_REVISED,rep_4fd63151,SALES_REP,2026-03-24 18:16:05.601026,{}
evt_cdfe2988,quote_45fbfadc,QUOTE_CREATED,rep_e08a1589,SALES_REP,2026-02-06 06:10:05.601026,{}
evt_110c2fc9,quote_45fbfadc,PRODUCT_ADDED,rep_e08a1589,SALES_REP,2026-02-06 06:32:05.601026,{}
evt_ddcb84cb,quote_45fbfadc,DISCOUNT_APPLIED,rep_e08a1589,SALES_REP,2026-02-06 07:24:05.601026,{}
evt_5cd55648,quote_45fbfadc,QUOTE_SENT,rep_e08a1589,SALES_REP,2026-02-06 11:24:05.601026,{}
evt_3e5be4dd,quote_45fbfadc,CUSTOMER_VIEWED,rep_e08a1589,SALES_REP,2026-02-10 11:24:05.601026,{}
evt_24447c7b,quote_45fbfadc,REJECTED,rep_e08a1589,SALES_REP,2026-02-12 11:24:05.601026,{}
evt_907617ba,quote_91ae7c59,QUOTE_CREATED,rep_e08a1589,SALES_REP,2025-10-18 08:10:05.601026,{}
evt_c58d3ae1,quote_91ae7c59,PRODUCT_ADDED,rep_e08a1589,SALES_REP,2025-10-18 08:15:05.601026,{}
evt_c057b96b,quote_91ae7c59,DISCOUNT_APPLIED,rep_e08a1589,SALES_REP,2025-10-18 09:07:05.601026,{}
evt_1277f0a1,quote_91ae7c59,QUOTE_SENT,rep_e08a1589,SALES_REP,2025-10-19 03:07:05.601026,{}
evt_b3f25ca6,quote_91ae7c59,CUSTOMER_VIEWED,rep_e08a1589,SALES_REP,2025-10-24 03:07:05.601026,{}
evt_d84fb9f8,quote_91ae7c59,ORDER_CONFIRMED,rep_e08a1589,SALES_REP,2025-10-25 03:07:05.601026,{}
evt_9cc54aa2,quote_2dc55ed4,QUOTE_CREATED,rep_76071164,SALES_REP,2025-09-16 15:10:05.601026,{}
evt_5636ba7d,quote_2dc55ed4,PRODUCT_ADDED,rep_76071164,SALES_REP,2025-09-16 15:56:05.601026,{}
evt_300498e9,quote_2dc55ed4,DISCOUNT_APPLIED,rep_76071164,SALES_REP,2025-09-16 16:37:05.601026,{}
evt_4b46c831,quote_2dc55ed4,QUOTE_SENT,rep_76071164,SALES_REP,2025-09-17 08:37:05.601026,{}
evt_6cbd7c7b,quote_2dc55ed4,CUSTOMER_VIEWED,rep_76071164,SALES_REP,2025-09-21 08:37:05.601026,{}
evt_b6201f14,quote_2dc55ed4,COUNTER_OFFER,rep_76071164,SALES_REP,2025-09-22 08:37:05.601026,{}
evt_959349b1,quote_2dc55ed4,QUOTE_REVISED,rep_76071164,SALES_REP,2025-09-23 08:37:05.601026,{}
evt_487e5fef,quote_c8fef246,QUOTE_CREATED,rep_e08a1589,SALES_REP,2026-05-10 15:10:05.601026,{}
evt_c2e45af9,quote_c8fef246,PRODUCT_ADDED,rep_e08a1589,SALES_REP,2026-05-10 15:39:05.601026,{}
evt_f8c920e2,quote_c8fef246,DISCOUNT_APPLIED,rep_e08a1589,SALES_REP,2026-05-10 15:45:05.601026,{}
evt_dda1324c,quote_c8fef246,QUOTE_SENT,rep_e08a1589,SALES_REP,2026-05-11 07:45:05.601026,{}
evt_f8309833,quote_c8fef246,CUSTOMER_VIEWED,rep_e08a1589,SALES_REP,2026-05-15 07:45:05.601026,{}
evt_fe2953ef,quote_c8fef246,REJECTED,rep_e08a1589,SALES_REP,2026-05-22 07:45:05.601026,{}
evt_c0259b49,quote_c41f5a72,QUOTE_CREATED,rep_221b7f39,SALES_REP,2026-04-24 13:10:05.601026,{}
evt_be9f85ee,quote_c41f5a72,PRODUCT_ADDED,rep_221b7f39,SALES_REP,2026-04-24 13:51:05.601026,{}
evt_bb47666a,quote_c41f5a72,DISCOUNT_APPLIED,rep_221b7f39,SALES_REP,2026-04-24 14:02:05.601026,{}
evt_112edbc6,quote_c41f5a72,QUOTE_SENT,rep_221b7f39,SALES_REP,2026-04-25 11:02:05.601026,{}
evt_d9752c06,quote_c41f5a72,CUSTOMER_VIEWED,rep_221b7f39,SALES_REP,2026-04-28 11:02:05.601026,{}
evt_5ec19ffe,quote_c66bbc79,QUOTE_CREATED,rep_221b7f39,SALES_REP,2025-10-23 23:10:05.601026,{}
evt_3345d8f3,quote_c66bbc79,PRODUCT_ADDED,rep_221b7f39,SALES_REP,2025-10-23 23:20:05.601026,{}
evt_df160471,quote_c66bbc79,DISCOUNT_APPLIED,rep_221b7f39,SALES_REP,2025-10-23 23:34:05.601026,{}
evt_630fe202,quote_c66bbc79,QUOTE_SENT,rep_221b7f39,SALES_REP,2025-10-24 12:34:05.601026,{}
evt_4a2d3191,quote_c66bbc79,CUSTOMER_VIEWED,rep_221b7f39,SALES_REP,2025-10-29 12:34:05.601026,{}
evt_29740dde,quote_260cec99,QUOTE_CREATED,rep_d5902688,SALES_REP,2026-01-02 07:10:05.601026,{}
evt_b0ecaac3,quote_260cec99,PRODUCT_ADDED,rep_d5902688,SALES_REP,2026-01-02 08:02:05.601026,{}
evt_193b094b,quote_260cec99,DISCOUNT_APPLIED,rep_d5902688,SALES_REP,2026-01-02 08:28:05.601026,{}
evt_f8de9bd5,quote_260cec99,QUOTE_SENT,rep_d5902688,SALES_REP,2026-01-02 13:28:05.601026,{}
evt_5088556d,quote_260cec99,CUSTOMER_VIEWED,rep_d5902688,SALES_REP,2026-01-03 13:28:05.601026,{}
evt_e3c0162f,quote_260cec99,ORDER_CONFIRMED,rep_d5902688,SALES_REP,2026-01-08 13:28:05.601026,{}
evt_bb7ee49a,quote_5de8c357,QUOTE_CREATED,rep_71ed5975,SALES_REP,2026-02-13 02:10:05.601026,{}
evt_e874c280,quote_5de8c357,PRODUCT_ADDED,rep_71ed5975,SALES_REP,2026-02-13 02:15:05.601026,{}
evt_2fcd6d75,quote_5de8c357,DISCOUNT_APPLIED,rep_71ed5975,SALES_REP,2026-02-13 02:30:05.601026,{}
evt_c32c3d14,quote_5de8c357,QUOTE_SENT,rep_71ed5975,SALES_REP,2026-02-13 19:30:05.601026,{}
evt_ff2924fd,quote_5de8c357,CUSTOMER_VIEWED,rep_71ed5975,SALES_REP,2026-02-14 19:30:05.601026,{}
evt_02bafb6a,quote_5de8c357,COUNTER_OFFER,rep_71ed5975,SALES_REP,2026-02-16 19:30:05.601026,{}
evt_2c9815f5,quote_5de8c357,QUOTE_REVISED,rep_71ed5975,SALES_REP,2026-02-17 19:30:05.601026,{}
evt_8f76892a,quote_5de8c357,ORDER_CONFIRMED,rep_71ed5975,SALES_REP,2026-02-18 19:30:05.601026,{}
evt_85bcb5b0,quote_3f8b1d43,QUOTE_CREATED,rep_76071164,SALES_REP,2026-04-07 18:10:05.601026,{}
evt_aa12d0e3,quote_3f8b1d43,PRODUCT_ADDED,rep_76071164,SALES_REP,2026-04-07 18:58:05.601026,{}
evt_d98965f2,quote_3f8b1d43,DISCOUNT_APPLIED,rep_76071164,SALES_REP,2026-04-07 19:20:05.601026,{}
evt_6707440e,quote_3f8b1d43,QUOTE_SENT,rep_76071164,SALES_REP,2026-04-08 12:20:05.601026,{}
evt_a5368ceb,quote_3f8b1d43,CUSTOMER_VIEWED,rep_76071164,SALES_REP,2026-04-11 12:20:05.601026,{}
evt_0a959bca,quote_3f8b1d43,APPROVAL_REQUESTED,rep_76071164,SALES_REP,2026-04-11 18:20:05.601026,{}
evt_b41db0fa,quote_3f8b1d43,REJECTED,rep_76071164,SALES_REP,2026-04-16 18:20:05.601026,{}
evt_63051a5a,quote_3f8b1d43,REJECTED,rep_76071164,SALES_REP,2026-04-22 18:20:05.601026,{}
evt_cbb2dad6,quote_71eb55d2,QUOTE_CREATED,rep_4fd63151,SALES_REP,2026-01-31 22:10:05.601026,{}
evt_0fcb9915,quote_71eb55d2,PRODUCT_ADDED,rep_4fd63151,SALES_REP,2026-01-31 23:02:05.601026,{}
evt_ac60a263,quote_71eb55d2,DISCOUNT_APPLIED,rep_4fd63151,SALES_REP,2026-01-31 23:53:05.601026,{}
evt_8e047331,quote_71eb55d2,QUOTE_SENT,rep_4fd63151,SALES_REP,2026-02-01 04:53:05.601026,{}
evt_4c69ae27,quote_71eb55d2,CUSTOMER_VIEWED,rep_4fd63151,SALES_REP,2026-02-03 04:53:05.601026,{}
evt_c71dd403,quote_2f26ab93,QUOTE_CREATED,rep_f976f2b3,SALES_REP,2026-02-14 19:10:05.601026,{}
evt_0ae92212,quote_2f26ab93,PRODUCT_ADDED,rep_f976f2b3,SALES_REP,2026-02-14 19:34:05.601026,{}
evt_783d276a,quote_2f26ab93,DISCOUNT_APPLIED,rep_f976f2b3,SALES_REP,2026-02-14 20:23:05.601026,{}
evt_e88c0d7f,quote_2f26ab93,QUOTE_SENT,rep_f976f2b3,SALES_REP,2026-02-15 03:23:05.601026,{}
evt_f4351aa5,quote_2f26ab93,CUSTOMER_VIEWED,rep_f976f2b3,SALES_REP,2026-02-17 03:23:05.601026,{}
evt_7e5791c9,quote_9a898922,QUOTE_CREATED,rep_b548fdfc,SALES_REP,2025-10-23 07:10:05.601026,{}
evt_c914a8ec,quote_9a898922,PRODUCT_ADDED,rep_b548fdfc,SALES_REP,2025-10-23 07:37:05.601026,{}
evt_35529013,quote_9a898922,DISCOUNT_APPLIED,rep_b548fdfc,SALES_REP,2025-10-23 08:22:05.601026,{}
evt_82cfd11e,quote_9a898922,QUOTE_SENT,rep_b548fdfc,SALES_REP,2025-10-24 02:22:05.601026,{}
evt_ff67a44f,quote_9a898922,CUSTOMER_VIEWED,rep_b548fdfc,SALES_REP,2025-10-26 02:22:05.601026,{}
evt_d5f20aeb,quote_9a898922,REJECTED,rep_b548fdfc,SALES_REP,2025-10-27 02:22:05.601026,{}
evt_4fd7f178,quote_e5ea1e9d,QUOTE_CREATED,rep_e08a1589,SALES_REP,2026-01-28 19:10:05.601026,{}
evt_d00a3b47,quote_e5ea1e9d,PRODUCT_ADDED,rep_e08a1589,SALES_REP,2026-01-28 19:19:05.601026,{}
evt_5e91e690,quote_e5ea1e9d,DISCOUNT_APPLIED,rep_e08a1589,SALES_REP,2026-01-28 20:01:05.601026,{}
evt_e89235ce,quote_e5ea1e9d,QUOTE_SENT,rep_e08a1589,SALES_REP,2026-01-29 01:01:05.601026,{}
evt_1d2d5ae9,quote_e5ea1e9d,CUSTOMER_VIEWED,rep_e08a1589,SALES_REP,2026-01-30 01:01:05.601026,{}
evt_0fd53b65,quote_d6b02d5c,QUOTE_CREATED,rep_e08a1589,SALES_REP,2026-06-20 09:10:05.601026,{}
evt_1633e2c7,quote_d6b02d5c,PRODUCT_ADDED,rep_e08a1589,SALES_REP,2026-06-20 10:04:05.601026,{}
evt_a840f695,quote_d6b02d5c,DISCOUNT_APPLIED,rep_e08a1589,SALES_REP,2026-06-20 10:33:05.601026,{}
evt_8d46da98,quote_d6b02d5c,QUOTE_SENT,rep_e08a1589,SALES_REP,2026-06-20 21:33:05.601026,{}
evt_1766a93b,quote_d6b02d5c,CUSTOMER_VIEWED,rep_e08a1589,SALES_REP,2026-06-25 21:33:05.601026,{}
evt_b6280b47,quote_d6b02d5c,ORDER_CONFIRMED,rep_e08a1589,SALES_REP,2026-06-30 21:33:05.601026,{}
evt_55930681,quote_bbb67ae6,QUOTE_CREATED,rep_f976f2b3,SALES_REP,2026-01-01 12:10:05.601026,{}
evt_36c090c3,quote_bbb67ae6,PRODUCT_ADDED,rep_f976f2b3,SALES_REP,2026-01-01 12:57:05.601026,{}
evt_05a206dd,quote_bbb67ae6,DISCOUNT_APPLIED,rep_f976f2b3,SALES_REP,2026-01-01 13:32:05.601026,{}
evt_7c8601b5,quote_bbb67ae6,QUOTE_SENT,rep_f976f2b3,SALES_REP,2026-01-02 00:32:05.601026,{}
evt_5a210f75,quote_bbb67ae6,CUSTOMER_VIEWED,rep_f976f2b3,SALES_REP,2026-01-05 00:32:05.601026,{}
evt_8786da89,quote_bbb67ae6,ORDER_CONFIRMED,rep_f976f2b3,SALES_REP,2026-01-06 00:32:05.601026,{}
evt_f2a0d112,quote_4dfddd65,QUOTE_CREATED,rep_e08a1589,SALES_REP,2026-05-30 16:10:05.601026,{}
evt_7f66d8d7,quote_4dfddd65,PRODUCT_ADDED,rep_e08a1589,SALES_REP,2026-05-30 16:55:05.601026,{}
evt_8774789d,quote_4dfddd65,DISCOUNT_APPLIED,rep_e08a1589,SALES_REP,2026-05-30 17:53:05.601026,{}
evt_26288a93,quote_4dfddd65,QUOTE_SENT,rep_e08a1589,SALES_REP,2026-05-31 02:53:05.601026,{}
evt_2348e8fe,quote_4dfddd65,CUSTOMER_VIEWED,rep_e08a1589,SALES_REP,2026-06-02 02:53:05.601026,{}
evt_34ab62e8,quote_4dfddd65,REJECTED,rep_e08a1589,SALES_REP,2026-06-07 02:53:05.601026,{}
evt_67093dbc,quote_c42445fb,QUOTE_CREATED,rep_71ed5975,SALES_REP,2026-01-12 03:10:05.601026,{}
evt_f2a62c7e,quote_c42445fb,PRODUCT_ADDED,rep_71ed5975,SALES_REP,2026-01-12 03:16:05.601026,{}
evt_5017fe04,quote_c42445fb,DISCOUNT_APPLIED,rep_71ed5975,SALES_REP,2026-01-12 04:16:05.601026,{}
evt_7b9b57aa,quote_c42445fb,QUOTE_SENT,rep_71ed5975,SALES_REP,2026-01-12 16:16:05.601026,{}
evt_5544d6d8,quote_c42445fb,CUSTOMER_VIEWED,rep_71ed5975,SALES_REP,2026-01-16 16:16:05.601026,{}
evt_db460926,quote_cb707028,QUOTE_CREATED,rep_03d99ec4,SALES_REP,2025-12-24 01:10:05.601026,{}
evt_bca999de,quote_cb707028,PRODUCT_ADDED,rep_03d99ec4,SALES_REP,2025-12-24 01:26:05.601026,{}
evt_9c1d5e77,quote_cb707028,DISCOUNT_APPLIED,rep_03d99ec4,SALES_REP,2025-12-24 02:18:05.601026,{}
evt_5d61fa80,quote_cb707028,QUOTE_SENT,rep_03d99ec4,SALES_REP,2025-12-24 03:18:05.601026,{}
evt_7fdb65bb,quote_cb707028,CUSTOMER_VIEWED,rep_03d99ec4,SALES_REP,2025-12-26 03:18:05.601026,{}
evt_d2889959,quote_cb707028,REJECTED,rep_03d99ec4,SALES_REP,2025-12-31 03:18:05.601026,{}
evt_12782547,quote_c9b3292f,QUOTE_CREATED,rep_f976f2b3,SALES_REP,2026-07-02 15:10:05.601026,{}
evt_77c975b3,quote_c9b3292f,PRODUCT_ADDED,rep_f976f2b3,SALES_REP,2026-07-02 15:17:05.601026,{}
evt_6d586f65,quote_c9b3292f,DISCOUNT_APPLIED,rep_f976f2b3,SALES_REP,2026-07-02 16:06:05.601026,{}
evt_5e6ff0b9,quote_c9b3292f,QUOTE_SENT,rep_f976f2b3,SALES_REP,2026-07-03 15:06:05.601026,{}
evt_9667558d,quote_c9b3292f,CUSTOMER_VIEWED,rep_f976f2b3,SALES_REP,2026-07-06 15:06:05.601026,{}
evt_4b36b296,quote_c9b3292f,COUNTER_OFFER,rep_f976f2b3,SALES_REP,2026-07-07 15:06:05.601026,{}
evt_0a0b1c4f,quote_c9b3292f,QUOTE_REVISED,rep_f976f2b3,SALES_REP,2026-07-08 15:06:05.601026,{}
evt_1c58ce51,quote_c9b3292f,REJECTED,rep_f976f2b3,SALES_REP,2026-07-15 15:06:05.601026,{}
evt_bef43dd8,quote_87dd0d0e,QUOTE_CREATED,rep_71ed5975,SALES_REP,2026-07-14 02:10:05.601026,{}
evt_3b5ecc08,quote_87dd0d0e,PRODUCT_ADDED,rep_71ed5975,SALES_REP,2026-07-14 03:10:05.601026,{}
evt_2b983fbc,quote_87dd0d0e,DISCOUNT_APPLIED,rep_71ed5975,SALES_REP,2026-07-14 03:56:05.601026,{}
evt_a966f297,quote_87dd0d0e,QUOTE_SENT,rep_71ed5975,SALES_REP,2026-07-14 21:56:05.601026,{}
evt_78cda3b6,quote_87dd0d0e,CUSTOMER_VIEWED,rep_71ed5975,SALES_REP,2026-07-15 21:56:05.601026,{}
evt_5189279f,quote_87dd0d0e,COUNTER_OFFER,rep_71ed5975,SALES_REP,2026-07-16 21:56:05.601026,{}
evt_09487eba,quote_87dd0d0e,QUOTE_REVISED,rep_71ed5975,SALES_REP,2026-07-17 21:56:05.601026,{}
evt_0e7e185a,quote_87dd0d0e,ORDER_CONFIRMED,rep_71ed5975,SALES_REP,2026-07-23 21:56:05.601026,{}
evt_5d86e292,quote_edc49821,QUOTE_CREATED,rep_f976f2b3,SALES_REP,2026-02-12 09:10:05.601026,{}
evt_b17f59cb,quote_edc49821,PRODUCT_ADDED,rep_f976f2b3,SALES_REP,2026-02-12 09:54:05.601026,{}
evt_9ff929e3,quote_edc49821,DISCOUNT_APPLIED,rep_f976f2b3,SALES_REP,2026-02-12 10:46:05.601026,{}
evt_d28e8bcc,quote_edc49821,QUOTE_SENT,rep_f976f2b3,SALES_REP,2026-02-12 11:46:05.601026,{}
evt_f9161286,quote_edc49821,CUSTOMER_VIEWED,rep_f976f2b3,SALES_REP,2026-02-15 11:46:05.601026,{}
evt_cc2b07d0,quote_edc49821,ORDER_CONFIRMED,rep_f976f2b3,SALES_REP,2026-02-22 11:46:05.601026,{}
evt_659b1a76,quote_dec2e780,QUOTE_CREATED,rep_f976f2b3,SALES_REP,2026-08-11 18:10:05.601026,{}
evt_a7e50459,quote_dec2e780,PRODUCT_ADDED,rep_f976f2b3,SALES_REP,2026-08-11 18:27:05.601026,{}
evt_d9b0836e,quote_dec2e780,DISCOUNT_APPLIED,rep_f976f2b3,SALES_REP,2026-08-11 19:24:05.601026,{}
evt_e7ea773d,quote_dec2e780,QUOTE_SENT,rep_f976f2b3,SALES_REP,2026-08-12 12:24:05.601026,{}
evt_52a5ae47,quote_dec2e780,CUSTOMER_VIEWED,rep_f976f2b3,SALES_REP,2026-08-14 12:24:05.601026,{}
evt_aebc6093,quote_dec2e780,ORDER_CONFIRMED,rep_f976f2b3,SALES_REP,2026-08-15 12:24:05.601026,{}
evt_6ad72cf4,quote_96da07be,QUOTE_CREATED,rep_76071164,SALES_REP,2026-04-02 11:10:05.601026,{}
evt_168795a6,quote_96da07be,PRODUCT_ADDED,rep_76071164,SALES_REP,2026-04-02 11:50:05.601026,{}
evt_8c9cf8fc,quote_96da07be,DISCOUNT_APPLIED,rep_76071164,SALES_REP,2026-04-02 12:17:05.601026,{}
evt_f82a63cc,quote_96da07be,QUOTE_SENT,rep_76071164,SALES_REP,2026-04-02 16:17:05.601026,{}
evt_56154989,quote_96da07be,CUSTOMER_VIEWED,rep_76071164,SALES_REP,2026-04-05 16:17:05.601026,{}
evt_9426d6a9,quote_96da07be,ORDER_CONFIRMED,rep_76071164,SALES_REP,2026-04-12 16:17:05.601026,{}
evt_ca72e327,quote_7e460c3f,QUOTE_CREATED,rep_4fd63151,SALES_REP,2025-10-19 11:10:05.601026,{}
evt_fd610b0b,quote_7e460c3f,PRODUCT_ADDED,rep_4fd63151,SALES_REP,2025-10-19 11:38:05.601026,{}
evt_9c7d5131,quote_7e460c3f,DISCOUNT_APPLIED,rep_4fd63151,SALES_REP,2025-10-19 12:12:05.601026,{}
evt_db89e1c5,quote_7e460c3f,QUOTE_SENT,rep_4fd63151,SALES_REP,2025-10-19 15:12:05.601026,{}
evt_a5520398,quote_7e460c3f,CUSTOMER_VIEWED,rep_4fd63151,SALES_REP,2025-10-21 15:12:05.601026,{}
evt_04c33c10,quote_7e460c3f,ORDER_CONFIRMED,rep_4fd63151,SALES_REP,2025-10-27 15:12:05.601026,{}
evt_b718fb06,quote_66456468,QUOTE_CREATED,rep_e08a1589,SALES_REP,2025-11-16 00:10:05.601026,{}
evt_887f0d35,quote_66456468,PRODUCT_ADDED,rep_e08a1589,SALES_REP,2025-11-16 00:27:05.601026,{}
evt_5611eb39,quote_66456468,DISCOUNT_APPLIED,rep_e08a1589,SALES_REP,2025-11-16 00:43:05.601026,{}
evt_d4c8ffd9,quote_66456468,QUOTE_SENT,rep_e08a1589,SALES_REP,2025-11-16 10:43:05.601026,{}
evt_5f360f51,quote_66456468,CUSTOMER_VIEWED,rep_e08a1589,SALES_REP,2025-11-19 10:43:05.601026,{}
evt_03bdfc9f,quote_66456468,REJECTED,rep_e08a1589,SALES_REP,2025-11-22 10:43:05.601026,{}
evt_db06b1ce,quote_22efd74f,QUOTE_CREATED,rep_71ed5975,SALES_REP,2026-03-06 00:10:05.601026,{}
evt_a1b40c0e,quote_22efd74f,PRODUCT_ADDED,rep_71ed5975,SALES_REP,2026-03-06 01:08:05.601026,{}
evt_467f95d2,quote_22efd74f,DISCOUNT_APPLIED,rep_71ed5975,SALES_REP,2026-03-06 01:53:05.601026,{}
evt_78da1ce8,quote_22efd74f,QUOTE_SENT,rep_71ed5975,SALES_REP,2026-03-06 23:53:05.601026,{}
evt_e240e4e3,quote_22efd74f,CUSTOMER_VIEWED,rep_71ed5975,SALES_REP,2026-03-08 23:53:05.601026,{}
evt_a817837d,quote_22efd74f,COUNTER_OFFER,rep_71ed5975,SALES_REP,2026-03-11 23:53:05.601026,{}
evt_b0e4bf0b,quote_22efd74f,QUOTE_REVISED,rep_71ed5975,SALES_REP,2026-03-13 23:53:05.601026,{}
evt_0ef1fa26,quote_22efd74f,REJECTED,rep_71ed5975,SALES_REP,2026-03-15 23:53:05.601026,{}
evt_9d048d25,quote_f30e9115,QUOTE_CREATED,rep_d5902688,SALES_REP,2025-12-22 04:10:05.601026,{}
evt_06dc1809,quote_f30e9115,PRODUCT_ADDED,rep_d5902688,SALES_REP,2025-12-22 04:36:05.601026,{}
evt_718bd295,quote_f30e9115,DISCOUNT_APPLIED,rep_d5902688,SALES_REP,2025-12-22 05:25:05.601026,{}
evt_a3059787,quote_f30e9115,QUOTE_SENT,rep_d5902688,SALES_REP,2025-12-22 22:25:05.601026,{}
evt_37958afc,quote_f30e9115,CUSTOMER_VIEWED,rep_d5902688,SALES_REP,2025-12-27 22:25:05.601026,{}
evt_2ba4bea6,quote_f30e9115,ORDER_CONFIRMED,rep_d5902688,SALES_REP,2026-01-03 22:25:05.601026,{}
evt_778916eb,quote_cca2b1b3,QUOTE_CREATED,rep_71ed5975,SALES_REP,2026-01-16 07:10:05.601026,{}
evt_29fdeeeb,quote_cca2b1b3,PRODUCT_ADDED,rep_71ed5975,SALES_REP,2026-01-16 07:23:05.601026,{}
evt_ccab5171,quote_cca2b1b3,DISCOUNT_APPLIED,rep_71ed5975,SALES_REP,2026-01-16 07:57:05.601026,{}
evt_4cbd5fb0,quote_cca2b1b3,QUOTE_SENT,rep_71ed5975,SALES_REP,2026-01-17 02:57:05.601026,{}
evt_9adf44f9,quote_cca2b1b3,CUSTOMER_VIEWED,rep_71ed5975,SALES_REP,2026-01-20 02:57:05.601026,{}
evt_2fe1a286,quote_d759b993,QUOTE_CREATED,rep_d5902688,SALES_REP,2025-09-22 16:10:05.601026,{}
evt_86d20ff7,quote_d759b993,PRODUCT_ADDED,rep_d5902688,SALES_REP,2025-09-22 16:25:05.601026,{}
evt_fd0db6f4,quote_d759b993,DISCOUNT_APPLIED,rep_d5902688,SALES_REP,2025-09-22 16:56:05.601026,{}
evt_4720ab91,quote_d759b993,QUOTE_SENT,rep_d5902688,SALES_REP,2025-09-23 08:56:05.601026,{}
evt_77f8e403,quote_d759b993,CUSTOMER_VIEWED,rep_d5902688,SALES_REP,2025-09-26 08:56:05.601026,{}
evt_bdc0182a,quote_d759b993,REJECTED,rep_d5902688,SALES_REP,2025-09-27 08:56:05.601026,{}
evt_154b2202,quote_efb88377,QUOTE_CREATED,rep_b548fdfc,SALES_REP,2026-02-08 11:10:05.601026,{}
evt_520f171a,quote_efb88377,PRODUCT_ADDED,rep_b548fdfc,SALES_REP,2026-02-08 12:06:05.601026,{}
evt_3133601e,quote_efb88377,DISCOUNT_APPLIED,rep_b548fdfc,SALES_REP,2026-02-08 12:50:05.601026,{}
evt_7daf427f,quote_efb88377,QUOTE_SENT,rep_b548fdfc,SALES_REP,2026-02-09 03:50:05.601026,{}
evt_da6c2bf9,quote_efb88377,CUSTOMER_VIEWED,rep_b548fdfc,SALES_REP,2026-02-14 03:50:05.601026,{}
evt_2d3abc14,quote_efb88377,ORDER_CONFIRMED,rep_b548fdfc,SALES_REP,2026-02-18 03:50:05.601026,{}
evt_12622165,quote_4594fc0f,QUOTE_CREATED,rep_b548fdfc,SALES_REP,2026-05-11 03:10:05.601026,{}
evt_8508ea01,quote_4594fc0f,PRODUCT_ADDED,rep_b548fdfc,SALES_REP,2026-05-11 03:42:05.601026,{}
evt_cba1b446,quote_4594fc0f,DISCOUNT_APPLIED,rep_b548fdfc,SALES_REP,2026-05-11 04:36:05.601026,{}
evt_02aa3fa3,quote_4594fc0f,QUOTE_SENT,rep_b548fdfc,SALES_REP,2026-05-11 13:36:05.601026,{}
evt_cec14a7e,quote_4594fc0f,CUSTOMER_VIEWED,rep_b548fdfc,SALES_REP,2026-05-16 13:36:05.601026,{}
evt_5323b3df,quote_4594fc0f,REJECTED,rep_b548fdfc,SALES_REP,2026-05-17 13:36:05.601026,{}
evt_e0153a76,quote_abfd667e,QUOTE_CREATED,rep_76071164,SALES_REP,2025-11-29 15:10:05.601026,{}
evt_fbed91c5,quote_abfd667e,PRODUCT_ADDED,rep_76071164,SALES_REP,2025-11-29 15:51:05.601026,{}
evt_c64e88a0,quote_abfd667e,DISCOUNT_APPLIED,rep_76071164,SALES_REP,2025-11-29 16:44:05.601026,{}
evt_e5fac0e6,quote_abfd667e,QUOTE_SENT,rep_76071164,SALES_REP,2025-11-29 21:44:05.601026,{}
evt_d3307344,quote_abfd667e,CUSTOMER_VIEWED,rep_76071164,SALES_REP,2025-12-01 21:44:05.601026,{}
evt_f1a3b49c,quote_307b5808,QUOTE_CREATED,rep_221b7f39,SALES_REP,2026-02-10 10:10:05.601026,{}
evt_aa35d9f4,quote_307b5808,PRODUCT_ADDED,rep_221b7f39,SALES_REP,2026-02-10 10:26:05.601026,{}
evt_3b4c9d10,quote_307b5808,DISCOUNT_APPLIED,rep_221b7f39,SALES_REP,2026-02-10 10:46:05.601026,{}
evt_cc622a3d,quote_307b5808,QUOTE_SENT,rep_221b7f39,SALES_REP,2026-02-10 17:46:05.601026,{}
evt_360169f9,quote_307b5808,CUSTOMER_VIEWED,rep_221b7f39,SALES_REP,2026-02-14 17:46:05.601026,{}
evt_a90e5a4b,quote_307b5808,COUNTER_OFFER,rep_221b7f39,SALES_REP,2026-02-15 17:46:05.601026,{}
evt_4132eb5f,quote_307b5808,QUOTE_REVISED,rep_221b7f39,SALES_REP,2026-02-16 17:46:05.601026,{}
evt_a3bb06d1,quote_307b5808,REJECTED,rep_221b7f39,SALES_REP,2026-02-22 17:46:05.601026,{}
evt_b6537831,quote_c6a79fea,QUOTE_CREATED,rep_b548fdfc,SALES_REP,2025-09-07 21:10:05.601026,{}
evt_33f6698d,quote_c6a79fea,PRODUCT_ADDED,rep_b548fdfc,SALES_REP,2025-09-07 21:44:05.601026,{}
evt_48552b02,quote_c6a79fea,DISCOUNT_APPLIED,rep_b548fdfc,SALES_REP,2025-09-07 22:34:05.601026,{}
evt_314a70b5,quote_c6a79fea,QUOTE_SENT,rep_b548fdfc,SALES_REP,2025-09-08 06:34:05.601026,{}
evt_da69b9c5,quote_c6a79fea,CUSTOMER_VIEWED,rep_b548fdfc,SALES_REP,2025-09-09 06:34:05.601026,{}
evt_e533e611,quote_c6a79fea,ORDER_CONFIRMED,rep_b548fdfc,SALES_REP,2025-09-12 06:34:05.601026,{}
evt_f5050874,quote_9ffef0f2,QUOTE_CREATED,rep_03d99ec4,SALES_REP,2026-06-05 08:10:05.601026,{}
evt_4d7de9d1,quote_9ffef0f2,PRODUCT_ADDED,rep_03d99ec4,SALES_REP,2026-06-05 08:29:05.601026,{}
evt_a332dd7e,quote_9ffef0f2,DISCOUNT_APPLIED,rep_03d99ec4,SALES_REP,2026-06-05 09:12:05.601026,{}
evt_ea587ca4,quote_9ffef0f2,QUOTE_SENT,rep_03d99ec4,SALES_REP,2026-06-05 15:12:05.601026,{}
evt_003e0d73,quote_9ffef0f2,CUSTOMER_VIEWED,rep_03d99ec4,SALES_REP,2026-06-07 15:12:05.601026,{}
evt_9fbf3f81,quote_c23af222,QUOTE_CREATED,rep_f976f2b3,SALES_REP,2026-07-15 01:10:05.601026,{}
evt_5e9db3dc,quote_c23af222,PRODUCT_ADDED,rep_f976f2b3,SALES_REP,2026-07-15 01:46:05.601026,{}
evt_58c6e4bd,quote_c23af222,DISCOUNT_APPLIED,rep_f976f2b3,SALES_REP,2026-07-15 02:03:05.601026,{}
evt_e6013c13,quote_c23af222,QUOTE_SENT,rep_f976f2b3,SALES_REP,2026-07-15 04:03:05.601026,{}
evt_a1384a37,quote_c23af222,CUSTOMER_VIEWED,rep_f976f2b3,SALES_REP,2026-07-17 04:03:05.601026,{}
evt_884fc394,quote_203db7cc,QUOTE_CREATED,rep_03d99ec4,SALES_REP,2026-08-05 11:10:05.601026,{}
evt_bd940c44,quote_203db7cc,PRODUCT_ADDED,rep_03d99ec4,SALES_REP,2026-08-05 11:48:05.601026,{}
evt_97932648,quote_203db7cc,DISCOUNT_APPLIED,rep_03d99ec4,SALES_REP,2026-08-05 12:46:05.601026,{}
evt_531c7482,quote_203db7cc,QUOTE_SENT,rep_03d99ec4,SALES_REP,2026-08-05 16:46:05.601026,{}
evt_276007a0,quote_203db7cc,CUSTOMER_VIEWED,rep_03d99ec4,SALES_REP,2026-08-09 16:46:05.601026,{}
evt_10d097cd,quote_203db7cc,REJECTED,rep_03d99ec4,SALES_REP,2026-08-12 16:46:05.601026,{}
evt_9ff7bc29,quote_752e6382,QUOTE_CREATED,rep_221b7f39,SALES_REP,2026-08-06 18:10:05.601026,{}
evt_69aaa445,quote_752e6382,PRODUCT_ADDED,rep_221b7f39,SALES_REP,2026-08-06 18:23:05.601026,{}
evt_0420b0f9,quote_752e6382,DISCOUNT_APPLIED,rep_221b7f39,SALES_REP,2026-08-06 19:04:05.601026,{}
evt_d2e24040,quote_752e6382,QUOTE_SENT,rep_221b7f39,SALES_REP,2026-08-07 12:04:05.601026,{}
evt_d7aec75c,quote_752e6382,CUSTOMER_VIEWED,rep_221b7f39,SALES_REP,2026-08-11 12:04:05.601026,{}
evt_17308953,quote_752e6382,REJECTED,rep_221b7f39,SALES_REP,2026-08-12 12:04:05.601026,{}
evt_8981fe6e,quote_70d121b0,QUOTE_CREATED,rep_03d99ec4,SALES_REP,2026-04-09 07:10:05.601026,{}
evt_c5f69fbd,quote_70d121b0,PRODUCT_ADDED,rep_03d99ec4,SALES_REP,2026-04-09 08:06:05.601026,{}
evt_30b5a87a,quote_70d121b0,DISCOUNT_APPLIED,rep_03d99ec4,SALES_REP,2026-04-09 09:02:05.601026,{}
evt_9931439e,quote_70d121b0,QUOTE_SENT,rep_03d99ec4,SALES_REP,2026-04-10 00:02:05.601026,{}
evt_37fb7bd9,quote_70d121b0,CUSTOMER_VIEWED,rep_03d99ec4,SALES_REP,2026-04-15 00:02:05.601026,{}
evt_7b0415ce,quote_70d121b0,ORDER_CONFIRMED,rep_03d99ec4,SALES_REP,2026-04-19 00:02:05.601026,{}
evt_c1421236,quote_c465356b,QUOTE_CREATED,rep_76071164,SALES_REP,2026-03-21 03:10:05.601026,{}
evt_f3ac0aa0,quote_c465356b,PRODUCT_ADDED,rep_76071164,SALES_REP,2026-03-21 04:00:05.601026,{}
evt_4d770d18,quote_c465356b,DISCOUNT_APPLIED,rep_76071164,SALES_REP,2026-03-21 04:42:05.601026,{}
evt_f8d017fd,quote_c465356b,QUOTE_SENT,rep_76071164,SALES_REP,2026-03-21 13:42:05.601026,{}
evt_49d43b56,quote_c465356b,CUSTOMER_VIEWED,rep_76071164,SALES_REP,2026-03-23 13:42:05.601026,{}
evt_207cf5e2,quote_c465356b,ORDER_CONFIRMED,rep_76071164,SALES_REP,2026-03-28 13:42:05.601026,{}
evt_8acda889,quote_d62e633d,QUOTE_CREATED,rep_71ed5975,SALES_REP,2026-04-28 17:10:05.601026,{}
evt_f7ce3d77,quote_d62e633d,PRODUCT_ADDED,rep_71ed5975,SALES_REP,2026-04-28 17:42:05.601026,{}
evt_a5b4b57f,quote_d62e633d,DISCOUNT_APPLIED,rep_71ed5975,SALES_REP,2026-04-28 18:08:05.601026,{}
evt_b2aab200,quote_d62e633d,QUOTE_SENT,rep_71ed5975,SALES_REP,2026-04-29 16:08:05.601026,{}
evt_da03e072,quote_d62e633d,CUSTOMER_VIEWED,rep_71ed5975,SALES_REP,2026-05-02 16:08:05.601026,{}
evt_26eb760d,quote_b7240126,QUOTE_CREATED,rep_e08a1589,SALES_REP,2025-12-05 15:10:05.601026,{}
evt_ba916673,quote_b7240126,PRODUCT_ADDED,rep_e08a1589,SALES_REP,2025-12-05 16:01:05.601026,{}
evt_05e84e03,quote_b7240126,DISCOUNT_APPLIED,rep_e08a1589,SALES_REP,2025-12-05 16:08:05.601026,{}
evt_5ba5fa9e,quote_b7240126,QUOTE_SENT,rep_e08a1589,SALES_REP,2025-12-06 10:08:05.601026,{}
evt_967cede2,quote_b7240126,CUSTOMER_VIEWED,rep_e08a1589,SALES_REP,2025-12-10 10:08:05.601026,{}
evt_52dbfc01,quote_b7240126,COUNTER_OFFER,rep_e08a1589,SALES_REP,2025-12-11 10:08:05.601026,{}
evt_a59a7d6b,quote_b7240126,QUOTE_REVISED,rep_e08a1589,SALES_REP,2025-12-12 10:08:05.601026,{}
evt_a40b648d,quote_b7240126,ORDER_CONFIRMED,rep_e08a1589,SALES_REP,2025-12-14 10:08:05.601026,{}
evt_6f2e5fee,quote_fd09d493,QUOTE_CREATED,rep_d5902688,SALES_REP,2026-01-08 05:10:05.601026,{}
evt_2f274b84,quote_fd09d493,PRODUCT_ADDED,rep_d5902688,SALES_REP,2026-01-08 05:19:05.601026,{}
evt_d9aa17ee,quote_fd09d493,DISCOUNT_APPLIED,rep_d5902688,SALES_REP,2026-01-08 05:44:05.601026,{}
evt_3eff5daf,quote_fd09d493,QUOTE_SENT,rep_d5902688,SALES_REP,2026-01-08 17:44:05.601026,{}
evt_2a6fb8d2,quote_fd09d493,CUSTOMER_VIEWED,rep_d5902688,SALES_REP,2026-01-09 17:44:05.601026,{}
evt_ee02c0bb,quote_fd09d493,COUNTER_OFFER,rep_d5902688,SALES_REP,2026-01-12 17:44:05.601026,{}
evt_c72e9984,quote_fd09d493,QUOTE_REVISED,rep_d5902688,SALES_REP,2026-01-13 17:44:05.601026,{}
evt_4b631a6b,quote_fd09d493,ORDER_CONFIRMED,rep_d5902688,SALES_REP,2026-01-17 17:44:05.601026,{}
evt_abc34092,quote_e1636f8c,QUOTE_CREATED,rep_03d99ec4,SALES_REP,2025-09-16 11:10:05.601026,{}
evt_beb0af66,quote_e1636f8c,PRODUCT_ADDED,rep_03d99ec4,SALES_REP,2025-09-16 11:42:05.601026,{}
evt_cb5e3e18,quote_e1636f8c,DISCOUNT_APPLIED,rep_03d99ec4,SALES_REP,2025-09-16 11:54:05.601026,{}
evt_890bfb0d,quote_e1636f8c,QUOTE_SENT,rep_03d99ec4,SALES_REP,2025-09-16 18:54:05.601026,{}
evt_8a1760db,quote_e1636f8c,CUSTOMER_VIEWED,rep_03d99ec4,SALES_REP,2025-09-21 18:54:05.601026,{}
evt_96c05f71,quote_e1636f8c,COUNTER_OFFER,rep_03d99ec4,SALES_REP,2025-09-23 18:54:05.601026,{}
evt_fa1d7ef8,quote_e1636f8c,QUOTE_REVISED,rep_03d99ec4,SALES_REP,2025-09-24 18:54:05.601026,{}
evt_4214d942,quote_dfa88dba,QUOTE_CREATED,rep_b548fdfc,SALES_REP,2026-06-25 21:10:05.601026,{}
evt_76db14a0,quote_dfa88dba,PRODUCT_ADDED,rep_b548fdfc,SALES_REP,2026-06-25 21:59:05.601026,{}
evt_40e52670,quote_dfa88dba,DISCOUNT_APPLIED,rep_b548fdfc,SALES_REP,2026-06-25 22:53:05.601026,{}
evt_81edec81,quote_dfa88dba,QUOTE_SENT,rep_b548fdfc,SALES_REP,2026-06-26 04:53:05.601026,{}
evt_ff0315d9,quote_dfa88dba,CUSTOMER_VIEWED,rep_b548fdfc,SALES_REP,2026-06-29 04:53:05.601026,{}
evt_576ec6e2,quote_dfa88dba,REJECTED,rep_b548fdfc,SALES_REP,2026-06-30 04:53:05.601026,{}
evt_f4d7a3e0,quote_4215c6b9,QUOTE_CREATED,rep_03d99ec4,SALES_REP,2025-12-07 03:10:05.601026,{}
evt_6c384dcb,quote_4215c6b9,PRODUCT_ADDED,rep_03d99ec4,SALES_REP,2025-12-07 03:16:05.601026,{}
evt_5a13f1c6,quote_4215c6b9,DISCOUNT_APPLIED,rep_03d99ec4,SALES_REP,2025-12-07 04:11:05.601026,{}
evt_f8d7d03c,quote_4215c6b9,QUOTE_SENT,rep_03d99ec4,SALES_REP,2025-12-07 18:11:05.601026,{}
evt_331b5e13,quote_4215c6b9,CUSTOMER_VIEWED,rep_03d99ec4,SALES_REP,2025-12-09 18:11:05.601026,{}
evt_c932020a,quote_4215c6b9,COUNTER_OFFER,rep_03d99ec4,SALES_REP,2025-12-11 18:11:05.601026,{}
evt_4d104bdd,quote_4215c6b9,QUOTE_REVISED,rep_03d99ec4,SALES_REP,2025-12-13 18:11:05.601026,{}
evt_86d2a3fb,quote_91163221,QUOTE_CREATED,rep_26645e7c,SALES_REP,2025-09-15 04:10:05.601026,{}
evt_d3fac8a2,quote_91163221,PRODUCT_ADDED,rep_26645e7c,SALES_REP,2025-09-15 05:01:05.601026,{}
evt_50450a88,quote_91163221,DISCOUNT_APPLIED,rep_26645e7c,SALES_REP,2025-09-15 05:51:05.601026,{}
evt_a8469e13,quote_91163221,QUOTE_SENT,rep_26645e7c,SALES_REP,2025-09-16 01:51:05.601026,{}
evt_764234ea,quote_91163221,CUSTOMER_VIEWED,rep_26645e7c,SALES_REP,2025-09-20 01:51:05.601026,{}
evt_3b22c07c,quote_ca31a431,QUOTE_CREATED,rep_b548fdfc,SALES_REP,2026-06-09 18:10:05.601026,{}
evt_00b8d907,quote_ca31a431,PRODUCT_ADDED,rep_b548fdfc,SALES_REP,2026-06-09 18:36:05.601026,{}
evt_6d7b2f6d,quote_ca31a431,DISCOUNT_APPLIED,rep_b548fdfc,SALES_REP,2026-06-09 19:01:05.601026,{}
evt_2c2c0016,quote_ca31a431,QUOTE_SENT,rep_b548fdfc,SALES_REP,2026-06-10 07:01:05.601026,{}
evt_c5ab8f0a,quote_ca31a431,CUSTOMER_VIEWED,rep_b548fdfc,SALES_REP,2026-06-14 07:01:05.601026,{}
evt_a46a379f,quote_ca31a431,COUNTER_OFFER,rep_b548fdfc,SALES_REP,2026-06-17 07:01:05.601026,{}
evt_a3582249,quote_ca31a431,QUOTE_REVISED,rep_b548fdfc,SALES_REP,2026-06-19 07:01:05.601026,{}
evt_5ec84125,quote_ca31a431,ORDER_CONFIRMED,rep_b548fdfc,SALES_REP,2026-06-21 07:01:05.601026,{}
evt_356f9c72,quote_b7956dd0,QUOTE_CREATED,rep_71ed5975,SALES_REP,2026-06-19 17:10:05.601026,{}
evt_f0b2aab2,quote_b7956dd0,PRODUCT_ADDED,rep_71ed5975,SALES_REP,2026-06-19 17:54:05.601026,{}
evt_27de21b9,quote_b7956dd0,DISCOUNT_APPLIED,rep_71ed5975,SALES_REP,2026-06-19 18:36:05.601026,{}
evt_950e7680,quote_b7956dd0,QUOTE_SENT,rep_71ed5975,SALES_REP,2026-06-20 00:36:05.601026,{}
evt_234ba01d,quote_b7956dd0,CUSTOMER_VIEWED,rep_71ed5975,SALES_REP,2026-06-25 00:36:05.601026,{}
evt_3d851ab3,quote_b7956dd0,ORDER_CONFIRMED,rep_71ed5975,SALES_REP,2026-06-29 00:36:05.601026,{}
evt_0f4a6fe1,quote_54bfa265,QUOTE_CREATED,rep_03d99ec4,SALES_REP,2026-06-07 10:10:05.601026,{}
evt_58a7f92c,quote_54bfa265,PRODUCT_ADDED,rep_03d99ec4,SALES_REP,2026-06-07 10:28:05.601026,{}
evt_d03e2942,quote_54bfa265,DISCOUNT_APPLIED,rep_03d99ec4,SALES_REP,2026-06-07 10:46:05.601026,{}
evt_76f8515f,quote_54bfa265,QUOTE_SENT,rep_03d99ec4,SALES_REP,2026-06-07 14:46:05.601026,{}
evt_c17cd637,quote_54bfa265,CUSTOMER_VIEWED,rep_03d99ec4,SALES_REP,2026-06-12 14:46:05.601026,{}
evt_846acbf2,quote_54bfa265,COUNTER_OFFER,rep_03d99ec4,SALES_REP,2026-06-13 14:46:05.601026,{}
evt_067e0f13,quote_54bfa265,QUOTE_REVISED,rep_03d99ec4,SALES_REP,2026-06-15 14:46:05.601026,{}
evt_bc87cf5f,quote_54bfa265,REJECTED,rep_03d99ec4,SALES_REP,2026-06-20 14:46:05.601026,{}
evt_3663a599,quote_ab12e374,QUOTE_CREATED,rep_b548fdfc,SALES_REP,2025-12-25 19:10:05.601026,{}
evt_7604949c,quote_ab12e374,PRODUCT_ADDED,rep_b548fdfc,SALES_REP,2025-12-25 19:38:05.601026,{}
evt_9327ed71,quote_ab12e374,DISCOUNT_APPLIED,rep_b548fdfc,SALES_REP,2025-12-25 20:23:05.601026,{}
evt_30a01c85,quote_ab12e374,QUOTE_SENT,rep_b548fdfc,SALES_REP,2025-12-26 00:23:05.601026,{}
evt_0baa791d,quote_ab12e374,CUSTOMER_VIEWED,rep_b548fdfc,SALES_REP,2025-12-29 00:23:05.601026,{}
evt_8f6d867b,quote_ab12e374,ORDER_CONFIRMED,rep_b548fdfc,SALES_REP,2026-01-03 00:23:05.601026,{}
evt_f86da461,quote_1e836ea9,QUOTE_CREATED,rep_71ed5975,SALES_REP,2025-11-24 11:10:05.601026,{}
evt_e7565b52,quote_1e836ea9,PRODUCT_ADDED,rep_71ed5975,SALES_REP,2025-11-24 11:36:05.601026,{}
evt_d2ff8cd3,quote_1e836ea9,DISCOUNT_APPLIED,rep_71ed5975,SALES_REP,2025-11-24 12:29:05.601026,{}
evt_f2e16d2d,quote_1e836ea9,QUOTE_SENT,rep_71ed5975,SALES_REP,2025-11-25 03:29:05.601026,{}
evt_5dffcfac,quote_1e836ea9,CUSTOMER_VIEWED,rep_71ed5975,SALES_REP,2025-11-27 03:29:05.601026,{}
evt_695ab5cd,quote_1e836ea9,ORDER_CONFIRMED,rep_71ed5975,SALES_REP,2025-11-28 03:29:05.601026,{}
evt_22b700c0,quote_0372b6c4,QUOTE_CREATED,rep_f976f2b3,SALES_REP,2026-07-18 13:10:05.601026,{}
evt_2e537aa5,quote_0372b6c4,PRODUCT_ADDED,rep_f976f2b3,SALES_REP,2026-07-18 13:35:05.601026,{}
evt_50fae34a,quote_0372b6c4,DISCOUNT_APPLIED,rep_f976f2b3,SALES_REP,2026-07-18 14:19:05.601026,{}
evt_ff23c9e1,quote_0372b6c4,QUOTE_SENT,rep_f976f2b3,SALES_REP,2026-07-18 22:19:05.601026,{}
evt_b85af5ca,quote_0372b6c4,CUSTOMER_VIEWED,rep_f976f2b3,SALES_REP,2026-07-20 22:19:05.601026,{}
evt_7f2805f3,quote_568932bd,QUOTE_CREATED,rep_221b7f39,SALES_REP,2026-03-13 06:10:05.601026,{}
evt_e775daf5,quote_568932bd,PRODUCT_ADDED,rep_221b7f39,SALES_REP,2026-03-13 06:47:05.601026,{}
evt_6472c2aa,quote_568932bd,DISCOUNT_APPLIED,rep_221b7f39,SALES_REP,2026-03-13 07:47:05.601026,{}
evt_3a44de28,quote_568932bd,QUOTE_SENT,rep_221b7f39,SALES_REP,2026-03-13 14:47:05.601026,{}
evt_fb54da89,quote_568932bd,CUSTOMER_VIEWED,rep_221b7f39,SALES_REP,2026-03-15 14:47:05.601026,{}
evt_fc23401a,quote_568932bd,REJECTED,rep_221b7f39,SALES_REP,2026-03-21 14:47:05.601026,{}
evt_bc963e43,quote_4df8fe9b,QUOTE_CREATED,rep_4fd63151,SALES_REP,2026-05-05 04:10:05.601026,{}
evt_866004b5,quote_4df8fe9b,PRODUCT_ADDED,rep_4fd63151,SALES_REP,2026-05-05 04:19:05.601026,{}
evt_997045b0,quote_4df8fe9b,DISCOUNT_APPLIED,rep_4fd63151,SALES_REP,2026-05-05 04:25:05.601026,{}
evt_3fc6e829,quote_4df8fe9b,QUOTE_SENT,rep_4fd63151,SALES_REP,2026-05-05 11:25:05.601026,{}
evt_a0ef9a50,quote_4df8fe9b,CUSTOMER_VIEWED,rep_4fd63151,SALES_REP,2026-05-10 11:25:05.601026,{}
evt_cac71ab6,quote_af477048,QUOTE_CREATED,rep_d5902688,SALES_REP,2026-04-20 13:10:05.601026,{}
evt_f820b3e8,quote_af477048,PRODUCT_ADDED,rep_d5902688,SALES_REP,2026-04-20 13:44:05.601026,{}
evt_007285c8,quote_af477048,DISCOUNT_APPLIED,rep_d5902688,SALES_REP,2026-04-20 14:35:05.601026,{}
evt_f5e3187c,quote_af477048,QUOTE_SENT,rep_d5902688,SALES_REP,2026-04-20 17:35:05.601026,{}
evt_b262739a,quote_af477048,CUSTOMER_VIEWED,rep_d5902688,SALES_REP,2026-04-21 17:35:05.601026,{}
evt_ca35c471,quote_af477048,ORDER_CONFIRMED,rep_d5902688,SALES_REP,2026-04-27 17:35:05.601026,{}
evt_037a603f,quote_79268dd9,QUOTE_CREATED,rep_e08a1589,SALES_REP,2026-06-07 09:10:05.601026,{}
evt_d39d039f,quote_79268dd9,PRODUCT_ADDED,rep_e08a1589,SALES_REP,2026-06-07 09:16:05.601026,{}
evt_22940132,quote_79268dd9,DISCOUNT_APPLIED,rep_e08a1589,SALES_REP,2026-06-07 09:49:05.601026,{}
evt_04154780,quote_79268dd9,QUOTE_SENT,rep_e08a1589,SALES_REP,2026-06-08 01:49:05.601026,{}
evt_4c6ad515,quote_79268dd9,CUSTOMER_VIEWED,rep_e08a1589,SALES_REP,2026-06-09 01:49:05.601026,{}
evt_3ff81a7a,quote_79268dd9,COUNTER_OFFER,rep_e08a1589,SALES_REP,2026-06-11 01:49:05.601026,{}
evt_d81c8b97,quote_79268dd9,QUOTE_REVISED,rep_e08a1589,SALES_REP,2026-06-12 01:49:05.601026,{}
evt_19851d94,quote_79268dd9,ORDER_CONFIRMED,rep_e08a1589,SALES_REP,2026-06-15 01:49:05.601026,{}
evt_5ddf0d95,quote_7ac2614f,QUOTE_CREATED,rep_221b7f39,SALES_REP,2025-11-18 14:10:05.601026,{}
evt_4ec94808,quote_7ac2614f,PRODUCT_ADDED,rep_221b7f39,SALES_REP,2025-11-18 14:25:05.601026,{}
evt_6147b6fa,quote_7ac2614f,DISCOUNT_APPLIED,rep_221b7f39,SALES_REP,2025-11-18 14:53:05.601026,{}
evt_a58634f1,quote_7ac2614f,QUOTE_SENT,rep_221b7f39,SALES_REP,2025-11-19 04:53:05.601026,{}
evt_0732be25,quote_7ac2614f,CUSTOMER_VIEWED,rep_221b7f39,SALES_REP,2025-11-22 04:53:05.601026,{}
evt_687db441,quote_7ac2614f,COUNTER_OFFER,rep_221b7f39,SALES_REP,2025-11-23 04:53:05.601026,{}
evt_c9eaa341,quote_7ac2614f,QUOTE_REVISED,rep_221b7f39,SALES_REP,2025-11-25 04:53:05.601026,{}
evt_c4691652,quote_a5588019,QUOTE_CREATED,rep_221b7f39,SALES_REP,2026-02-21 02:10:05.601026,{}
evt_b2fdd6c0,quote_a5588019,PRODUCT_ADDED,rep_221b7f39,SALES_REP,2026-02-21 02:43:05.601026,{}
evt_a037815d,quote_a5588019,DISCOUNT_APPLIED,rep_221b7f39,SALES_REP,2026-02-21 03:09:05.601026,{}
evt_d5e65303,quote_a5588019,QUOTE_SENT,rep_221b7f39,SALES_REP,2026-02-21 18:09:05.601026,{}
evt_c9ef8bd6,quote_a5588019,CUSTOMER_VIEWED,rep_221b7f39,SALES_REP,2026-02-24 18:09:05.601026,{}
evt_792be5a8,quote_a5588019,ORDER_CONFIRMED,rep_221b7f39,SALES_REP,2026-03-01 18:09:05.601026,{}
evt_926f1ebf,quote_d62d5d55,QUOTE_CREATED,rep_b548fdfc,SALES_REP,2026-06-20 17:10:05.601026,{}
evt_f3b96c81,quote_d62d5d55,PRODUCT_ADDED,rep_b548fdfc,SALES_REP,2026-06-20 18:02:05.601026,{}
evt_0f981e3e,quote_d62d5d55,DISCOUNT_APPLIED,rep_b548fdfc,SALES_REP,2026-06-20 18:58:05.601026,{}
evt_e3a8e774,quote_d62d5d55,QUOTE_SENT,rep_b548fdfc,SALES_REP,2026-06-21 17:58:05.601026,{}
evt_53369c2e,quote_d62d5d55,CUSTOMER_VIEWED,rep_b548fdfc,SALES_REP,2026-06-23 17:58:05.601026,{}
evt_f6ea6066,quote_d62d5d55,COUNTER_OFFER,rep_b548fdfc,SALES_REP,2026-06-25 17:58:05.601026,{}
evt_c2856c81,quote_d62d5d55,QUOTE_REVISED,rep_b548fdfc,SALES_REP,2026-06-27 17:58:05.601026,{}
evt_54e115f3,quote_444d17fb,QUOTE_CREATED,rep_26645e7c,SALES_REP,2025-09-19 12:10:05.601026,{}
evt_8638ecbb,quote_444d17fb,PRODUCT_ADDED,rep_26645e7c,SALES_REP,2025-09-19 12:45:05.601026,{}
evt_e434936e,quote_444d17fb,DISCOUNT_APPLIED,rep_26645e7c,SALES_REP,2025-09-19 13:29:05.601026,{}
evt_86e4eec7,quote_444d17fb,QUOTE_SENT,rep_26645e7c,SALES_REP,2025-09-19 19:29:05.601026,{}
evt_b44b28c6,quote_444d17fb,CUSTOMER_VIEWED,rep_26645e7c,SALES_REP,2025-09-22 19:29:05.601026,{}
evt_279646f4,quote_444d17fb,REJECTED,rep_26645e7c,SALES_REP,2025-09-27 19:29:05.601026,{}
evt_0c5eefc3,quote_44ba4238,QUOTE_CREATED,rep_b548fdfc,SALES_REP,2026-05-30 17:10:05.601026,{}
evt_04ff48a1,quote_44ba4238,PRODUCT_ADDED,rep_b548fdfc,SALES_REP,2026-05-30 17:48:05.601026,{}
evt_d4211249,quote_44ba4238,DISCOUNT_APPLIED,rep_b548fdfc,SALES_REP,2026-05-30 18:23:05.601026,{}
evt_d0664b89,quote_44ba4238,QUOTE_SENT,rep_b548fdfc,SALES_REP,2026-05-31 00:23:05.601026,{}
evt_555270c2,quote_44ba4238,CUSTOMER_VIEWED,rep_b548fdfc,SALES_REP,2026-06-04 00:23:05.601026,{}
evt_c79d2ef2,quote_44ba4238,REJECTED,rep_b548fdfc,SALES_REP,2026-06-05 00:23:05.601026,{}
evt_9eb96736,quote_63874663,QUOTE_CREATED,rep_221b7f39,SALES_REP,2026-02-27 13:10:05.601026,{}
evt_e1a22d11,quote_63874663,PRODUCT_ADDED,rep_221b7f39,SALES_REP,2026-02-27 13:53:05.601026,{}
evt_04c9a500,quote_63874663,DISCOUNT_APPLIED,rep_221b7f39,SALES_REP,2026-02-27 14:47:05.601026,{}
evt_1435fce4,quote_63874663,QUOTE_SENT,rep_221b7f39,SALES_REP,2026-02-28 14:47:05.601026,{}
evt_a336d1ff,quote_63874663,CUSTOMER_VIEWED,rep_221b7f39,SALES_REP,2026-03-01 14:47:05.601026,{}
evt_9525b73e,quote_4a376a8f,QUOTE_CREATED,rep_71ed5975,SALES_REP,2026-06-24 02:10:05.601026,{}
evt_2bb9bf65,quote_4a376a8f,PRODUCT_ADDED,rep_71ed5975,SALES_REP,2026-06-24 02:40:05.601026,{}
evt_8016c399,quote_4a376a8f,DISCOUNT_APPLIED,rep_71ed5975,SALES_REP,2026-06-24 03:25:05.601026,{}
evt_2ffa01d3,quote_4a376a8f,QUOTE_SENT,rep_71ed5975,SALES_REP,2026-06-24 07:25:05.601026,{}
evt_5384d6b8,quote_4a376a8f,CUSTOMER_VIEWED,rep_71ed5975,SALES_REP,2026-06-27 07:25:05.601026,{}
evt_ebeccffe,quote_4a376a8f,REJECTED,rep_71ed5975,SALES_REP,2026-06-30 07:25:05.601026,{}
evt_b834ed3b,quote_bd101a47,QUOTE_CREATED,rep_76071164,SALES_REP,2026-06-07 08:10:05.601026,{}
evt_1a66a6ae,quote_bd101a47,PRODUCT_ADDED,rep_76071164,SALES_REP,2026-06-07 09:09:05.601026,{}
evt_56322e2c,quote_bd101a47,DISCOUNT_APPLIED,rep_76071164,SALES_REP,2026-06-07 09:29:05.601026,{}
evt_4d1ec56d,quote_bd101a47,QUOTE_SENT,rep_76071164,SALES_REP,2026-06-07 17:29:05.601026,{}
evt_12a4ac9a,quote_bd101a47,CUSTOMER_VIEWED,rep_76071164,SALES_REP,2026-06-11 17:29:05.601026,{}
evt_7544cf08,quote_bd101a47,COUNTER_OFFER,rep_76071164,SALES_REP,2026-06-14 17:29:05.601026,{}
evt_622c4084,quote_bd101a47,QUOTE_REVISED,rep_76071164,SALES_REP,2026-06-16 17:29:05.601026,{}
evt_f5e7cd08,quote_bd101a47,ORDER_CONFIRMED,rep_76071164,SALES_REP,2026-06-21 17:29:05.601026,{}
evt_108c113f,quote_2e9ba29e,QUOTE_CREATED,rep_76071164,SALES_REP,2026-02-07 07:10:05.601026,{}
evt_517b0a2f,quote_2e9ba29e,PRODUCT_ADDED,rep_76071164,SALES_REP,2026-02-07 07:52:05.601026,{}
evt_51c74f4e,quote_2e9ba29e,DISCOUNT_APPLIED,rep_76071164,SALES_REP,2026-02-07 08:27:05.601026,{}
evt_92d8542b,quote_2e9ba29e,QUOTE_SENT,rep_76071164,SALES_REP,2026-02-07 23:27:05.601026,{}
evt_779cc376,quote_2e9ba29e,CUSTOMER_VIEWED,rep_76071164,SALES_REP,2026-02-08 23:27:05.601026,{}
evt_1f83955c,quote_2e9ba29e,REJECTED,rep_76071164,SALES_REP,2026-02-15 23:27:05.601026,{}
evt_418c6919,quote_2fba6d1e,QUOTE_CREATED,rep_b548fdfc,SALES_REP,2026-07-26 08:10:05.601026,{}
evt_baf5b7f9,quote_2fba6d1e,PRODUCT_ADDED,rep_b548fdfc,SALES_REP,2026-07-26 08:45:05.601026,{}
evt_a842c2ba,quote_2fba6d1e,DISCOUNT_APPLIED,rep_b548fdfc,SALES_REP,2026-07-26 09:02:05.601026,{}
evt_21b08e98,quote_2fba6d1e,QUOTE_SENT,rep_b548fdfc,SALES_REP,2026-07-26 13:02:05.601026,{}
evt_51869dcc,quote_2fba6d1e,CUSTOMER_VIEWED,rep_b548fdfc,SALES_REP,2026-07-31 13:02:05.601026,{}
evt_186f560c,quote_2fba6d1e,ORDER_CONFIRMED,rep_b548fdfc,SALES_REP,2026-08-05 13:02:05.601026,{}
evt_2b8483fc,quote_70531e07,QUOTE_CREATED,rep_71ed5975,SALES_REP,2026-07-31 12:10:05.601026,{}
evt_1770cc32,quote_70531e07,PRODUCT_ADDED,rep_71ed5975,SALES_REP,2026-07-31 12:41:05.601026,{}
evt_00b6ae31,quote_70531e07,DISCOUNT_APPLIED,rep_71ed5975,SALES_REP,2026-07-31 13:24:05.601026,{}
evt_e13f2753,quote_70531e07,QUOTE_SENT,rep_71ed5975,SALES_REP,2026-07-31 22:24:05.601026,{}
evt_2f2850ba,quote_70531e07,CUSTOMER_VIEWED,rep_71ed5975,SALES_REP,2026-08-04 22:24:05.601026,{}
evt_4d5c4abd,quote_70531e07,REJECTED,rep_71ed5975,SALES_REP,2026-08-07 22:24:05.601026,{}
evt_88657d74,quote_d76e5fac,QUOTE_CREATED,rep_71ed5975,SALES_REP,2026-05-26 15:10:05.601026,{}
evt_6406d81a,quote_d76e5fac,PRODUCT_ADDED,rep_71ed5975,SALES_REP,2026-05-26 15:34:05.601026,{}
evt_cf342599,quote_d76e5fac,DISCOUNT_APPLIED,rep_71ed5975,SALES_REP,2026-05-26 16:19:05.601026,{}
evt_4c8cafe1,quote_d76e5fac,QUOTE_SENT,rep_71ed5975,SALES_REP,2026-05-27 07:19:05.601026,{}
evt_c69a38e5,quote_d76e5fac,CUSTOMER_VIEWED,rep_71ed5975,SALES_REP,2026-05-28 07:19:05.601026,{}
evt_131d813f,quote_d76e5fac,REJECTED,rep_71ed5975,SALES_REP,2026-05-30 07:19:05.601026,{}
evt_8e8587e6,quote_30304d85,QUOTE_CREATED,rep_f976f2b3,SALES_REP,2026-02-15 22:10:05.601026,{}
evt_c9d37cf2,quote_30304d85,PRODUCT_ADDED,rep_f976f2b3,SALES_REP,2026-02-15 23:03:05.601026,{}
evt_c1a4faf5,quote_30304d85,DISCOUNT_APPLIED,rep_f976f2b3,SALES_REP,2026-02-15 23:35:05.601026,{}
evt_ccfd28bd,quote_30304d85,QUOTE_SENT,rep_f976f2b3,SALES_REP,2026-02-16 21:35:05.601026,{}
evt_22fff890,quote_30304d85,CUSTOMER_VIEWED,rep_f976f2b3,SALES_REP,2026-02-19 21:35:05.601026,{}
evt_9596d06e,quote_30304d85,COUNTER_OFFER,rep_f976f2b3,SALES_REP,2026-02-21 21:35:05.601026,{}
evt_b9c213f8,quote_30304d85,QUOTE_REVISED,rep_f976f2b3,SALES_REP,2026-02-23 21:35:05.601026,{}
evt_40974a7c,quote_30304d85,ORDER_CONFIRMED,rep_f976f2b3,SALES_REP,2026-03-01 21:35:05.601026,{}
evt_846464a9,quote_cca5e351,QUOTE_CREATED,rep_76071164,SALES_REP,2026-02-08 16:10:05.601026,{}
evt_b4b54fbe,quote_cca5e351,PRODUCT_ADDED,rep_76071164,SALES_REP,2026-02-08 16:34:05.601026,{}
evt_3b9e47d0,quote_cca5e351,DISCOUNT_APPLIED,rep_76071164,SALES_REP,2026-02-08 17:18:05.601026,{}
evt_61c7634e,quote_cca5e351,QUOTE_SENT,rep_76071164,SALES_REP,2026-02-09 00:18:05.601026,{}
evt_cc1cb882,quote_cca5e351,CUSTOMER_VIEWED,rep_76071164,SALES_REP,2026-02-14 00:18:05.601026,{}
evt_3887b112,quote_cca5e351,ORDER_CONFIRMED,rep_76071164,SALES_REP,2026-02-17 00:18:05.601026,{}
evt_8ad65d8d,quote_b6971868,QUOTE_CREATED,rep_4fd63151,SALES_REP,2026-02-18 22:10:05.601026,{}
evt_db8ae654,quote_b6971868,PRODUCT_ADDED,rep_4fd63151,SALES_REP,2026-02-18 22:41:05.601026,{}
evt_f391cde4,quote_b6971868,DISCOUNT_APPLIED,rep_4fd63151,SALES_REP,2026-02-18 23:35:05.601026,{}
evt_dc50da55,quote_b6971868,QUOTE_SENT,rep_4fd63151,SALES_REP,2026-02-19 23:35:05.601026,{}
evt_d49d37d8,quote_b6971868,CUSTOMER_VIEWED,rep_4fd63151,SALES_REP,2026-02-22 23:35:05.601026,{}
evt_fc4edbc1,quote_b6971868,COUNTER_OFFER,rep_4fd63151,SALES_REP,2026-02-24 23:35:05.601026,{}
evt_90391fc6,quote_b6971868,QUOTE_REVISED,rep_4fd63151,SALES_REP,2026-02-26 23:35:05.601026,{}
evt_d71bc900,quote_b6971868,ORDER_CONFIRMED,rep_4fd63151,SALES_REP,2026-03-05 23:35:05.601026,{}
evt_fa37a5bc,quote_7c76ed4f,QUOTE_CREATED,rep_b548fdfc,SALES_REP,2026-04-23 15:10:05.601026,{}
evt_a7694dac,quote_7c76ed4f,PRODUCT_ADDED,rep_b548fdfc,SALES_REP,2026-04-23 15:23:05.601026,{}
evt_32e8a276,quote_7c76ed4f,DISCOUNT_APPLIED,rep_b548fdfc,SALES_REP,2026-04-23 15:57:05.601026,{}
evt_22280856,quote_7c76ed4f,QUOTE_SENT,rep_b548fdfc,SALES_REP,2026-04-24 00:57:05.601026,{}
evt_ace658ad,quote_7c76ed4f,CUSTOMER_VIEWED,rep_b548fdfc,SALES_REP,2026-04-25 00:57:05.601026,{}
evt_86fa6730,quote_7c76ed4f,ORDER_CONFIRMED,rep_b548fdfc,SALES_REP,2026-04-27 00:57:05.601026,{}
evt_2c2c65cb,quote_eeaf35f2,QUOTE_CREATED,rep_03d99ec4,SALES_REP,2026-03-19 16:10:05.601026,{}
evt_ef169f95,quote_eeaf35f2,PRODUCT_ADDED,rep_03d99ec4,SALES_REP,2026-03-19 16:21:05.601026,{}
evt_040ecbe7,quote_eeaf35f2,DISCOUNT_APPLIED,rep_03d99ec4,SALES_REP,2026-03-19 16:30:05.601026,{}
evt_f8ef7c59,quote_eeaf35f2,QUOTE_SENT,rep_03d99ec4,SALES_REP,2026-03-20 00:30:05.601026,{}
evt_253da387,quote_eeaf35f2,CUSTOMER_VIEWED,rep_03d99ec4,SALES_REP,2026-03-22 00:30:05.601026,{}
evt_4fcaefe6,quote_eeaf35f2,ORDER_CONFIRMED,rep_03d99ec4,SALES_REP,2026-03-26 00:30:05.601026,{}
evt_9b9af356,quote_07494236,QUOTE_CREATED,rep_e08a1589,SALES_REP,2026-07-13 00:10:05.601026,{}
evt_b5c43a42,quote_07494236,PRODUCT_ADDED,rep_e08a1589,SALES_REP,2026-07-13 01:02:05.601026,{}
evt_25801eed,quote_07494236,DISCOUNT_APPLIED,rep_e08a1589,SALES_REP,2026-07-13 01:11:05.601026,{}
evt_4c07959c,quote_07494236,QUOTE_SENT,rep_e08a1589,SALES_REP,2026-07-13 12:11:05.601026,{}
evt_eee10362,quote_07494236,CUSTOMER_VIEWED,rep_e08a1589,SALES_REP,2026-07-17 12:11:05.601026,{}
evt_dd8966ad,quote_07494236,ORDER_CONFIRMED,rep_e08a1589,SALES_REP,2026-07-24 12:11:05.601026,{}
evt_7dd8f4cc,quote_1e3ff31b,QUOTE_CREATED,rep_26645e7c,SALES_REP,2026-02-20 00:10:05.601026,{}
evt_c5103b78,quote_1e3ff31b,PRODUCT_ADDED,rep_26645e7c,SALES_REP,2026-02-20 00:48:05.601026,{}
evt_8e396051,quote_1e3ff31b,DISCOUNT_APPLIED,rep_26645e7c,SALES_REP,2026-02-20 01:45:05.601026,{}
evt_90790b22,quote_1e3ff31b,QUOTE_SENT,rep_26645e7c,SALES_REP,2026-02-20 11:45:05.601026,{}
evt_9378df75,quote_1e3ff31b,CUSTOMER_VIEWED,rep_26645e7c,SALES_REP,2026-02-21 11:45:05.601026,{}
evt_e312ea82,quote_1e3ff31b,COUNTER_OFFER,rep_26645e7c,SALES_REP,2026-02-22 11:45:05.601026,{}
evt_f60ae99d,quote_1e3ff31b,QUOTE_REVISED,rep_26645e7c,SALES_REP,2026-02-24 11:45:05.601026,{}
evt_5de8f8ee,quote_1e3ff31b,ORDER_CONFIRMED,rep_26645e7c,SALES_REP,2026-03-03 11:45:05.601026,{}
evt_d0ac2005,quote_b87795e1,QUOTE_CREATED,rep_71ed5975,SALES_REP,2025-12-30 20:10:05.601026,{}
evt_39858898,quote_b87795e1,PRODUCT_ADDED,rep_71ed5975,SALES_REP,2025-12-30 20:53:05.601026,{}
evt_ea81d8df,quote_b87795e1,DISCOUNT_APPLIED,rep_71ed5975,SALES_REP,2025-12-30 21:45:05.601026,{}
evt_7f589a57,quote_b87795e1,QUOTE_SENT,rep_71ed5975,SALES_REP,2025-12-30 22:45:05.601026,{}
evt_4b1d3b7e,quote_b87795e1,CUSTOMER_VIEWED,rep_71ed5975,SALES_REP,2026-01-01 22:45:05.601026,{}
evt_6af5b736,quote_b87795e1,COUNTER_OFFER,rep_71ed5975,SALES_REP,2026-01-03 22:45:05.601026,{}
evt_98049cfa,quote_b87795e1,QUOTE_REVISED,rep_71ed5975,SALES_REP,2026-01-05 22:45:05.601026,{}
evt_36ec3696,quote_0e01c7df,QUOTE_CREATED,rep_f976f2b3,SALES_REP,2026-06-02 07:10:05.601026,{}
evt_e1b96d02,quote_0e01c7df,PRODUCT_ADDED,rep_f976f2b3,SALES_REP,2026-06-02 08:05:05.601026,{}
evt_c3553863,quote_0e01c7df,DISCOUNT_APPLIED,rep_f976f2b3,SALES_REP,2026-06-02 08:44:05.601026,{}
evt_0586ee17,quote_0e01c7df,QUOTE_SENT,rep_f976f2b3,SALES_REP,2026-06-03 00:44:05.601026,{}
evt_5089221c,quote_0e01c7df,CUSTOMER_VIEWED,rep_f976f2b3,SALES_REP,2026-06-06 00:44:05.601026,{}
evt_85d84a9a,quote_0e01c7df,ORDER_CONFIRMED,rep_f976f2b3,SALES_REP,2026-06-12 00:44:05.601026,{}
evt_4baa5c9d,quote_5cabf734,QUOTE_CREATED,rep_4fd63151,SALES_REP,2026-05-25 08:10:05.601026,{}
evt_d03446c5,quote_5cabf734,PRODUCT_ADDED,rep_4fd63151,SALES_REP,2026-05-25 08:44:05.601026,{}
evt_b5b653e1,quote_5cabf734,DISCOUNT_APPLIED,rep_4fd63151,SALES_REP,2026-05-25 09:17:05.601026,{}
evt_f22af4bb,quote_5cabf734,QUOTE_SENT,rep_4fd63151,SALES_REP,2026-05-26 09:17:05.601026,{}
evt_3305d1a8,quote_5cabf734,CUSTOMER_VIEWED,rep_4fd63151,SALES_REP,2026-05-28 09:17:05.601026,{}
evt_46d5adf5,quote_5cabf734,ORDER_CONFIRMED,rep_4fd63151,SALES_REP,2026-05-29 09:17:05.601026,{}
evt_793ca91a,quote_c3e95fed,QUOTE_CREATED,rep_03d99ec4,SALES_REP,2026-06-26 15:10:05.601026,{}
evt_293dd788,quote_c3e95fed,PRODUCT_ADDED,rep_03d99ec4,SALES_REP,2026-06-26 16:04:05.601026,{}
evt_4e6fece9,quote_c3e95fed,DISCOUNT_APPLIED,rep_03d99ec4,SALES_REP,2026-06-26 17:01:05.601026,{}
evt_99b14f06,quote_c3e95fed,QUOTE_SENT,rep_03d99ec4,SALES_REP,2026-06-27 12:01:05.601026,{}
evt_d9c6f64c,quote_c3e95fed,CUSTOMER_VIEWED,rep_03d99ec4,SALES_REP,2026-06-30 12:01:05.601026,{}
evt_2789d2d9,quote_c3e95fed,APPROVAL_REQUESTED,rep_03d99ec4,SALES_REP,2026-07-01 00:01:05.601026,{}
evt_062af4f6,quote_c3e95fed,REJECTED,rep_03d99ec4,SALES_REP,2026-07-06 00:01:05.601026,{}
evt_4bbbade7,quote_c3e95fed,REJECTED,rep_03d99ec4,SALES_REP,2026-07-08 00:01:05.601026,{}
evt_a9ec7e97,quote_882544f6,QUOTE_CREATED,rep_4fd63151,SALES_REP,2025-12-19 15:10:05.601026,{}
evt_fa55bfc7,quote_882544f6,PRODUCT_ADDED,rep_4fd63151,SALES_REP,2025-12-19 15:37:05.601026,{}
evt_986b9dce,quote_882544f6,DISCOUNT_APPLIED,rep_4fd63151,SALES_REP,2025-12-19 15:46:05.601026,{}
evt_11165167,quote_882544f6,QUOTE_SENT,rep_4fd63151,SALES_REP,2025-12-20 02:46:05.601026,{}
evt_bf3d54f1,quote_882544f6,CUSTOMER_VIEWED,rep_4fd63151,SALES_REP,2025-12-23 02:46:05.601026,{}
evt_6716f51e,quote_882544f6,REJECTED,rep_4fd63151,SALES_REP,2025-12-29 02:46:05.601026,{}
evt_30ba670d,quote_7a79c870,QUOTE_CREATED,rep_26645e7c,SALES_REP,2026-02-07 11:10:05.601026,{}
evt_be2dabe5,quote_7a79c870,PRODUCT_ADDED,rep_26645e7c,SALES_REP,2026-02-07 11:28:05.601026,{}
evt_75484791,quote_7a79c870,DISCOUNT_APPLIED,rep_26645e7c,SALES_REP,2026-02-07 12:22:05.601026,{}
evt_361ede30,quote_7a79c870,QUOTE_SENT,rep_26645e7c,SALES_REP,2026-02-08 00:22:05.601026,{}
evt_af129fb0,quote_7a79c870,CUSTOMER_VIEWED,rep_26645e7c,SALES_REP,2026-02-09 00:22:05.601026,{}
evt_a128ac71,quote_7a79c870,COUNTER_OFFER,rep_26645e7c,SALES_REP,2026-02-11 00:22:05.601026,{}
evt_93fc1b8c,quote_7a79c870,QUOTE_REVISED,rep_26645e7c,SALES_REP,2026-02-12 00:22:05.601026,{}
evt_88ad309d,quote_48858516,QUOTE_CREATED,rep_f976f2b3,SALES_REP,2026-04-21 05:10:05.601026,{}
evt_08335f52,quote_48858516,PRODUCT_ADDED,rep_f976f2b3,SALES_REP,2026-04-21 05:43:05.601026,{}
evt_4d133fff,quote_48858516,DISCOUNT_APPLIED,rep_f976f2b3,SALES_REP,2026-04-21 06:16:05.601026,{}
evt_20238fc1,quote_48858516,QUOTE_SENT,rep_f976f2b3,SALES_REP,2026-04-21 19:16:05.601026,{}
evt_fbf3fbe8,quote_48858516,CUSTOMER_VIEWED,rep_f976f2b3,SALES_REP,2026-04-23 19:16:05.601026,{}
evt_f56f8ea6,quote_48858516,COUNTER_OFFER,rep_f976f2b3,SALES_REP,2026-04-25 19:16:05.601026,{}
evt_83ff76ca,quote_48858516,QUOTE_REVISED,rep_f976f2b3,SALES_REP,2026-04-26 19:16:05.601026,{}
evt_b0ac51f4,quote_c9c9a4b5,QUOTE_CREATED,rep_76071164,SALES_REP,2026-06-29 05:10:05.601026,{}
evt_921f5bed,quote_c9c9a4b5,PRODUCT_ADDED,rep_76071164,SALES_REP,2026-06-29 05:46:05.601026,{}
evt_a8dae83b,quote_c9c9a4b5,DISCOUNT_APPLIED,rep_76071164,SALES_REP,2026-06-29 06:38:05.601026,{}
evt_de1e06e3,quote_c9c9a4b5,QUOTE_SENT,rep_76071164,SALES_REP,2026-06-30 02:38:05.601026,{}
evt_746c5215,quote_c9c9a4b5,CUSTOMER_VIEWED,rep_76071164,SALES_REP,2026-07-03 02:38:05.601026,{}
evt_ef0f29bc,quote_c9c9a4b5,ORDER_CONFIRMED,rep_76071164,SALES_REP,2026-07-06 02:38:05.601026,{}
evt_b2c57726,quote_38c45850,QUOTE_CREATED,rep_e08a1589,SALES_REP,2026-05-23 09:10:05.601026,{}
evt_1b2af1ef,quote_38c45850,PRODUCT_ADDED,rep_e08a1589,SALES_REP,2026-05-23 09:21:05.601026,{}
evt_6676b5d7,quote_38c45850,DISCOUNT_APPLIED,rep_e08a1589,SALES_REP,2026-05-23 09:48:05.601026,{}
evt_f106b65e,quote_38c45850,QUOTE_SENT,rep_e08a1589,SALES_REP,2026-05-23 21:48:05.601026,{}
evt_078a187c,quote_38c45850,CUSTOMER_VIEWED,rep_e08a1589,SALES_REP,2026-05-26 21:48:05.601026,{}
evt_b575aec4,quote_38c45850,REJECTED,rep_e08a1589,SALES_REP,2026-05-30 21:48:05.601026,{}
evt_cf821e1a,quote_16f256b4,QUOTE_CREATED,rep_e08a1589,SALES_REP,2026-01-01 04:10:05.601026,{}
evt_6474b644,quote_16f256b4,PRODUCT_ADDED,rep_e08a1589,SALES_REP,2026-01-01 04:45:05.601026,{}
evt_4c6576c0,quote_16f256b4,DISCOUNT_APPLIED,rep_e08a1589,SALES_REP,2026-01-01 04:51:05.601026,{}
evt_d8a4a721,quote_16f256b4,QUOTE_SENT,rep_e08a1589,SALES_REP,2026-01-01 13:51:05.601026,{}
evt_829aa745,quote_16f256b4,CUSTOMER_VIEWED,rep_e08a1589,SALES_REP,2026-01-04 13:51:05.601026,{}
evt_49bcc7ea,quote_16f256b4,COUNTER_OFFER,rep_e08a1589,SALES_REP,2026-01-05 13:51:05.601026,{}
evt_a1eaeb53,quote_16f256b4,QUOTE_REVISED,rep_e08a1589,SALES_REP,2026-01-06 13:51:05.601026,{}
evt_59fe7ba7,quote_16f256b4,REJECTED,rep_e08a1589,SALES_REP,2026-01-11 13:51:05.601026,{}
evt_6d2f6ba1,quote_c30fe726,QUOTE_CREATED,rep_4fd63151,SALES_REP,2026-05-28 10:10:05.601026,{}
evt_0dba582c,quote_c30fe726,PRODUCT_ADDED,rep_4fd63151,SALES_REP,2026-05-28 10:53:05.601026,{}
evt_baf6a62b,quote_c30fe726,DISCOUNT_APPLIED,rep_4fd63151,SALES_REP,2026-05-28 11:49:05.601026,{}
evt_2fda86c2,quote_c30fe726,QUOTE_SENT,rep_4fd63151,SALES_REP,2026-05-28 18:49:05.601026,{}
evt_53dca101,quote_c30fe726,CUSTOMER_VIEWED,rep_4fd63151,SALES_REP,2026-05-31 18:49:05.601026,{}
evt_fe3723e3,quote_c30fe726,REJECTED,rep_4fd63151,SALES_REP,2026-06-04 18:49:05.601026,{}
evt_9cdbe6e0,quote_7be83e95,QUOTE_CREATED,rep_03d99ec4,SALES_REP,2025-12-02 11:10:05.601026,{}
evt_0afac1df,quote_7be83e95,PRODUCT_ADDED,rep_03d99ec4,SALES_REP,2025-12-02 11:38:05.601026,{}
evt_ed76a22e,quote_7be83e95,DISCOUNT_APPLIED,rep_03d99ec4,SALES_REP,2025-12-02 12:36:05.601026,{}
evt_512356f4,quote_7be83e95,QUOTE_SENT,rep_03d99ec4,SALES_REP,2025-12-02 21:36:05.601026,{}
evt_ec17d78d,quote_7be83e95,CUSTOMER_VIEWED,rep_03d99ec4,SALES_REP,2025-12-07 21:36:05.601026,{}
evt_4eb03897,quote_7be83e95,REJECTED,rep_03d99ec4,SALES_REP,2025-12-14 21:36:05.601026,{}
evt_6f8af80a,quote_56cb4f0e,QUOTE_CREATED,rep_b548fdfc,SALES_REP,2025-09-19 21:10:05.601026,{}
evt_5ae07d71,quote_56cb4f0e,PRODUCT_ADDED,rep_b548fdfc,SALES_REP,2025-09-19 21:37:05.601026,{}
evt_0a91991d,quote_56cb4f0e,DISCOUNT_APPLIED,rep_b548fdfc,SALES_REP,2025-09-19 21:56:05.601026,{}
evt_3c81a921,quote_56cb4f0e,QUOTE_SENT,rep_b548fdfc,SALES_REP,2025-09-20 00:56:05.601026,{}
evt_5f11d2d7,quote_56cb4f0e,CUSTOMER_VIEWED,rep_b548fdfc,SALES_REP,2025-09-24 00:56:05.601026,{}
evt_e2848b4d,quote_56cb4f0e,REJECTED,rep_b548fdfc,SALES_REP,2025-09-25 00:56:05.601026,{}
evt_fdaae23b,quote_01ecc4fd,QUOTE_CREATED,rep_71ed5975,SALES_REP,2026-04-05 23:10:05.601026,{}
evt_d4ea6884,quote_01ecc4fd,PRODUCT_ADDED,rep_71ed5975,SALES_REP,2026-04-05 23:45:05.601026,{}
evt_863d75ed,quote_01ecc4fd,DISCOUNT_APPLIED,rep_71ed5975,SALES_REP,2026-04-06 00:20:05.601026,{}
evt_8e2610d3,quote_01ecc4fd,QUOTE_SENT,rep_71ed5975,SALES_REP,2026-04-06 09:20:05.601026,{}
evt_5d6dfd05,quote_01ecc4fd,CUSTOMER_VIEWED,rep_71ed5975,SALES_REP,2026-04-08 09:20:05.601026,{}
evt_ee0ab5ee,quote_01ecc4fd,REJECTED,rep_71ed5975,SALES_REP,2026-04-13 09:20:05.601026,{}
evt_17051ec1,quote_8eed7300,QUOTE_CREATED,rep_d5902688,SALES_REP,2026-08-14 04:10:05.601026,{}
evt_0ba030df,quote_8eed7300,PRODUCT_ADDED,rep_d5902688,SALES_REP,2026-08-14 04:23:05.601026,{}
evt_c914bf97,quote_8eed7300,DISCOUNT_APPLIED,rep_d5902688,SALES_REP,2026-08-14 04:42:05.601026,{}
evt_33b097d8,quote_8eed7300,QUOTE_SENT,rep_d5902688,SALES_REP,2026-08-14 21:42:05.601026,{}
evt_8fd83af3,quote_8eed7300,CUSTOMER_VIEWED,rep_d5902688,SALES_REP,2026-08-16 21:42:05.601026,{}
evt_fa0307bd,quote_8eed7300,REJECTED,rep_d5902688,SALES_REP,2026-08-18 21:42:05.601026,{}
evt_ee0ceefc,quote_51147067,QUOTE_CREATED,rep_221b7f39,SALES_REP,2025-10-24 04:10:05.601026,{}
evt_a3602036,quote_51147067,PRODUCT_ADDED,rep_221b7f39,SALES_REP,2025-10-24 04:44:05.601026,{}
evt_1099c938,quote_51147067,DISCOUNT_APPLIED,rep_221b7f39,SALES_REP,2025-10-24 05:31:05.601026,{}
evt_5d7356a9,quote_51147067,QUOTE_SENT,rep_221b7f39,SALES_REP,2025-10-25 00:31:05.601026,{}
evt_051dfbfa,quote_51147067,CUSTOMER_VIEWED,rep_221b7f39,SALES_REP,2025-10-30 00:31:05.601026,{}
evt_6fc0b6c4,quote_51147067,REJECTED,rep_221b7f39,SALES_REP,2025-11-02 00:31:05.601026,{}
evt_97ae7de5,quote_a31fe74f,QUOTE_CREATED,rep_4fd63151,SALES_REP,2026-02-19 19:10:05.601026,{}
evt_6a0eb5a9,quote_a31fe74f,PRODUCT_ADDED,rep_4fd63151,SALES_REP,2026-02-19 19:39:05.601026,{}
evt_15238dc6,quote_a31fe74f,DISCOUNT_APPLIED,rep_4fd63151,SALES_REP,2026-02-19 20:24:05.601026,{}
evt_da3d674f,quote_a31fe74f,QUOTE_SENT,rep_4fd63151,SALES_REP,2026-02-19 22:24:05.601026,{}
evt_23457f0e,quote_a31fe74f,CUSTOMER_VIEWED,rep_4fd63151,SALES_REP,2026-02-21 22:24:05.601026,{}
evt_98dc5686,quote_a31fe74f,REJECTED,rep_4fd63151,SALES_REP,2026-02-22 22:24:05.601026,{}
evt_8186acd7,quote_669d3948,QUOTE_CREATED,rep_f976f2b3,SALES_REP,2026-01-04 11:10:05.601026,{}
evt_09e43d00,quote_669d3948,PRODUCT_ADDED,rep_f976f2b3,SALES_REP,2026-01-04 11:45:05.601026,{}
evt_3e2c2d97,quote_669d3948,DISCOUNT_APPLIED,rep_f976f2b3,SALES_REP,2026-01-04 12:44:05.601026,{}
evt_3111454d,quote_669d3948,QUOTE_SENT,rep_f976f2b3,SALES_REP,2026-01-05 00:44:05.601026,{}
evt_8206a8f3,quote_669d3948,CUSTOMER_VIEWED,rep_f976f2b3,SALES_REP,2026-01-07 00:44:05.601026,{}
evt_9733d59f,quote_669d3948,ORDER_CONFIRMED,rep_f976f2b3,SALES_REP,2026-01-14 00:44:05.601026,{}
evt_74bc18a1,quote_0ac778e3,QUOTE_CREATED,rep_71ed5975,SALES_REP,2025-11-05 05:10:05.601026,{}
evt_fb9cc46a,quote_0ac778e3,PRODUCT_ADDED,rep_71ed5975,SALES_REP,2025-11-05 05:36:05.601026,{}
evt_43993077,quote_0ac778e3,DISCOUNT_APPLIED,rep_71ed5975,SALES_REP,2025-11-05 06:02:05.601026,{}
evt_c6f5f8d7,quote_0ac778e3,QUOTE_SENT,rep_71ed5975,SALES_REP,2025-11-05 12:02:05.601026,{}
evt_81bb1ef6,quote_0ac778e3,CUSTOMER_VIEWED,rep_71ed5975,SALES_REP,2025-11-08 12:02:05.601026,{}
evt_698da48c,quote_0ac778e3,REJECTED,rep_71ed5975,SALES_REP,2025-11-15 12:02:05.601026,{}
evt_137e8e5a,quote_efce1542,QUOTE_CREATED,rep_76071164,SALES_REP,2026-04-27 03:10:05.601026,{}
evt_6c2107a9,quote_efce1542,PRODUCT_ADDED,rep_76071164,SALES_REP,2026-04-27 03:19:05.601026,{}
evt_1ef87ea1,quote_efce1542,DISCOUNT_APPLIED,rep_76071164,SALES_REP,2026-04-27 04:14:05.601026,{}
evt_b97ac4fd,quote_efce1542,QUOTE_SENT,rep_76071164,SALES_REP,2026-04-27 16:14:05.601026,{}
evt_3ff1ea34,quote_efce1542,CUSTOMER_VIEWED,rep_76071164,SALES_REP,2026-05-01 16:14:05.601026,{}
evt_0b2da45e,quote_80148f43,QUOTE_CREATED,rep_221b7f39,SALES_REP,2025-12-30 20:10:05.601026,{}
evt_86ca4e0f,quote_80148f43,PRODUCT_ADDED,rep_221b7f39,SALES_REP,2025-12-30 20:33:05.601026,{}
evt_566a8464,quote_80148f43,DISCOUNT_APPLIED,rep_221b7f39,SALES_REP,2025-12-30 20:46:05.601026,{}
evt_72e115fa,quote_80148f43,QUOTE_SENT,rep_221b7f39,SALES_REP,2025-12-31 08:46:05.601026,{}
evt_d5bf7acf,quote_80148f43,CUSTOMER_VIEWED,rep_221b7f39,SALES_REP,2026-01-03 08:46:05.601026,{}
evt_9e4ce360,quote_2ecee206,QUOTE_CREATED,rep_76071164,SALES_REP,2025-12-07 18:10:05.601026,{}
evt_d98f00de,quote_2ecee206,PRODUCT_ADDED,rep_76071164,SALES_REP,2025-12-07 18:24:05.601026,{}
evt_8a51e02a,quote_2ecee206,DISCOUNT_APPLIED,rep_76071164,SALES_REP,2025-12-07 19:05:05.601026,{}
evt_1a542982,quote_2ecee206,QUOTE_SENT,rep_76071164,SALES_REP,2025-12-08 12:05:05.601026,{}
evt_856b79ed,quote_2ecee206,CUSTOMER_VIEWED,rep_76071164,SALES_REP,2025-12-13 12:05:05.601026,{}
evt_0bbae697,quote_2ecee206,COUNTER_OFFER,rep_76071164,SALES_REP,2025-12-16 12:05:05.601026,{}
evt_43a696a2,quote_2ecee206,QUOTE_REVISED,rep_76071164,SALES_REP,2025-12-18 12:05:05.601026,{}
evt_ad6fa309,quote_2ecee206,ORDER_CONFIRMED,rep_76071164,SALES_REP,2025-12-23 12:05:05.601026,{}
evt_3b44e2a2,quote_3e9a1f5b,QUOTE_CREATED,rep_4fd63151,SALES_REP,2026-07-28 02:10:05.601026,{}
evt_9cac15a2,quote_3e9a1f5b,PRODUCT_ADDED,rep_4fd63151,SALES_REP,2026-07-28 02:54:05.601026,{}
evt_047b138b,quote_3e9a1f5b,DISCOUNT_APPLIED,rep_4fd63151,SALES_REP,2026-07-28 03:26:05.601026,{}
evt_39b217d9,quote_3e9a1f5b,QUOTE_SENT,rep_4fd63151,SALES_REP,2026-07-28 10:26:05.601026,{}
evt_9ef94ee2,quote_3e9a1f5b,CUSTOMER_VIEWED,rep_4fd63151,SALES_REP,2026-07-31 10:26:05.601026,{}
evt_9dd280d6,quote_3e9a1f5b,COUNTER_OFFER,rep_4fd63151,SALES_REP,2026-08-02 10:26:05.601026,{}
evt_a2b95aab,quote_3e9a1f5b,QUOTE_REVISED,rep_4fd63151,SALES_REP,2026-08-04 10:26:05.601026,{}
evt_19484c07,quote_3e9a1f5b,ORDER_CONFIRMED,rep_4fd63151,SALES_REP,2026-08-08 10:26:05.601026,{}
evt_cf2dd1cd,quote_aef0ac3a,QUOTE_CREATED,rep_221b7f39,SALES_REP,2026-01-12 04:10:05.601026,{}
evt_ebdcd176,quote_aef0ac3a,PRODUCT_ADDED,rep_221b7f39,SALES_REP,2026-01-12 05:03:05.601026,{}
evt_7cb90f32,quote_aef0ac3a,DISCOUNT_APPLIED,rep_221b7f39,SALES_REP,2026-01-12 05:34:05.601026,{}
evt_a5d229b8,quote_aef0ac3a,QUOTE_SENT,rep_221b7f39,SALES_REP,2026-01-12 10:34:05.601026,{}
evt_e166347a,quote_aef0ac3a,CUSTOMER_VIEWED,rep_221b7f39,SALES_REP,2026-01-14 10:34:05.601026,{}
evt_43a4d77f,quote_aef0ac3a,REJECTED,rep_221b7f39,SALES_REP,2026-01-16 10:34:05.601026,{}
evt_52b9d8c5,quote_ebc7fafd,QUOTE_CREATED,rep_26645e7c,SALES_REP,2026-03-24 11:10:05.601026,{}
evt_7f130355,quote_ebc7fafd,PRODUCT_ADDED,rep_26645e7c,SALES_REP,2026-03-24 12:01:05.601026,{}
evt_0251095c,quote_ebc7fafd,DISCOUNT_APPLIED,rep_26645e7c,SALES_REP,2026-03-24 12:53:05.601026,{}
evt_b503f002,quote_ebc7fafd,QUOTE_SENT,rep_26645e7c,SALES_REP,2026-03-25 07:53:05.601026,{}
evt_605968b0,quote_ebc7fafd,CUSTOMER_VIEWED,rep_26645e7c,SALES_REP,2026-03-27 07:53:05.601026,{}
evt_289954d3,quote_ebc7fafd,COUNTER_OFFER,rep_26645e7c,SALES_REP,2026-03-28 07:53:05.601026,{}
evt_7d19d45b,quote_ebc7fafd,QUOTE_REVISED,rep_26645e7c,SALES_REP,2026-03-30 07:53:05.601026,{}
evt_4766cabf,quote_ebc7fafd,ORDER_CONFIRMED,rep_26645e7c,SALES_REP,2026-04-06 07:53:05.601026,{}
evt_e4d71fe5,quote_28d5eda9,QUOTE_CREATED,rep_221b7f39,SALES_REP,2026-07-24 01:10:05.601026,{}
evt_752de7d5,quote_28d5eda9,PRODUCT_ADDED,rep_221b7f39,SALES_REP,2026-07-24 02:07:05.601026,{}
evt_2fb74c30,quote_28d5eda9,DISCOUNT_APPLIED,rep_221b7f39,SALES_REP,2026-07-24 02:19:05.601026,{}
evt_86d6ccb1,quote_28d5eda9,QUOTE_SENT,rep_221b7f39,SALES_REP,2026-07-24 20:19:05.601026,{}
evt_6a3fcc41,quote_28d5eda9,CUSTOMER_VIEWED,rep_221b7f39,SALES_REP,2026-07-29 20:19:05.601026,{}
evt_c26c6e50,quote_b31cd44a,QUOTE_CREATED,rep_b548fdfc,SALES_REP,2026-01-22 07:10:05.601026,{}
evt_9af3bda9,quote_b31cd44a,PRODUCT_ADDED,rep_b548fdfc,SALES_REP,2026-01-22 07:44:05.601026,{}
evt_21b3922e,quote_b31cd44a,DISCOUNT_APPLIED,rep_b548fdfc,SALES_REP,2026-01-22 08:16:05.601026,{}
evt_95e08e2e,quote_b31cd44a,QUOTE_SENT,rep_b548fdfc,SALES_REP,2026-01-23 03:16:05.601026,{}
evt_00db752a,quote_b31cd44a,CUSTOMER_VIEWED,rep_b548fdfc,SALES_REP,2026-01-25 03:16:05.601026,{}
evt_5b1e1253,quote_b31cd44a,REJECTED,rep_b548fdfc,SALES_REP,2026-01-31 03:16:05.601026,{}
evt_01f03d9c,quote_2dfcebf6,QUOTE_CREATED,rep_e08a1589,SALES_REP,2025-12-29 22:10:05.601026,{}
evt_b2d9a8f6,quote_2dfcebf6,PRODUCT_ADDED,rep_e08a1589,SALES_REP,2025-12-29 23:10:05.601026,{}
evt_d4138f47,quote_2dfcebf6,DISCOUNT_APPLIED,rep_e08a1589,SALES_REP,2025-12-29 23:38:05.601026,{}
evt_bcbfd9ac,quote_2dfcebf6,QUOTE_SENT,rep_e08a1589,SALES_REP,2025-12-30 07:38:05.601026,{}
evt_d4adfbe0,quote_2dfcebf6,CUSTOMER_VIEWED,rep_e08a1589,SALES_REP,2026-01-03 07:38:05.601026,{}
evt_2793b1a6,quote_2dfcebf6,ORDER_CONFIRMED,rep_e08a1589,SALES_REP,2026-01-07 07:38:05.601026,{}
evt_ea3eb9d2,quote_9f537451,QUOTE_CREATED,rep_76071164,SALES_REP,2026-02-20 19:10:05.601026,{}
evt_6266bcb9,quote_9f537451,PRODUCT_ADDED,rep_76071164,SALES_REP,2026-02-20 19:15:05.601026,{}
evt_894f4f7d,quote_9f537451,DISCOUNT_APPLIED,rep_76071164,SALES_REP,2026-02-20 19:26:05.601026,{}
evt_08aadab9,quote_9f537451,QUOTE_SENT,rep_76071164,SALES_REP,2026-02-21 18:26:05.601026,{}
evt_0b2225b4,quote_9f537451,CUSTOMER_VIEWED,rep_76071164,SALES_REP,2026-02-25 18:26:05.601026,{}
evt_cda10aac,quote_9f537451,COUNTER_OFFER,rep_76071164,SALES_REP,2026-02-27 18:26:05.601026,{}
evt_6325b2c5,quote_9f537451,QUOTE_REVISED,rep_76071164,SALES_REP,2026-02-28 18:26:05.601026,{}
evt_163b1354,quote_9f537451,ORDER_CONFIRMED,rep_76071164,SALES_REP,2026-03-05 18:26:05.601026,{}
evt_25fe9950,quote_599a2bf7,QUOTE_CREATED,rep_d5902688,SALES_REP,2026-06-21 18:10:05.601026,{}
evt_242f666f,quote_599a2bf7,PRODUCT_ADDED,rep_d5902688,SALES_REP,2026-06-21 18:53:05.601026,{}
evt_d2596ffc,quote_599a2bf7,DISCOUNT_APPLIED,rep_d5902688,SALES_REP,2026-06-21 19:04:05.601026,{}
evt_9500d15d,quote_599a2bf7,QUOTE_SENT,rep_d5902688,SALES_REP,2026-06-22 14:04:05.601026,{}
evt_546e1818,quote_599a2bf7,CUSTOMER_VIEWED,rep_d5902688,SALES_REP,2026-06-23 14:04:05.601026,{}
evt_e9b3d859,quote_bc206a06,QUOTE_CREATED,rep_26645e7c,SALES_REP,2026-03-09 00:10:05.601026,{}
evt_19621433,quote_bc206a06,PRODUCT_ADDED,rep_26645e7c,SALES_REP,2026-03-09 00:40:05.601026,{}
evt_d066491e,quote_bc206a06,DISCOUNT_APPLIED,rep_26645e7c,SALES_REP,2026-03-09 01:30:05.601026,{}
evt_970cf056,quote_bc206a06,QUOTE_SENT,rep_26645e7c,SALES_REP,2026-03-10 01:30:05.601026,{}
evt_813f76d2,quote_bc206a06,CUSTOMER_VIEWED,rep_26645e7c,SALES_REP,2026-03-11 01:30:05.601026,{}
evt_07688f47,quote_af072b0c,QUOTE_CREATED,rep_71ed5975,SALES_REP,2026-06-25 22:10:05.601026,{}
evt_42639207,quote_af072b0c,PRODUCT_ADDED,rep_71ed5975,SALES_REP,2026-06-25 22:33:05.601026,{}
evt_82379ae9,quote_af072b0c,DISCOUNT_APPLIED,rep_71ed5975,SALES_REP,2026-06-25 23:04:05.601026,{}
evt_9890496a,quote_af072b0c,QUOTE_SENT,rep_71ed5975,SALES_REP,2026-06-26 00:04:05.601026,{}
evt_8fe4be10,quote_af072b0c,CUSTOMER_VIEWED,rep_71ed5975,SALES_REP,2026-06-30 00:04:05.601026,{}
evt_19de0388,quote_af072b0c,REJECTED,rep_71ed5975,SALES_REP,2026-07-03 00:04:05.601026,{}
evt_3238954f,quote_a5669156,QUOTE_CREATED,rep_b548fdfc,SALES_REP,2026-03-04 13:10:05.601026,{}
evt_8c3fb9bf,quote_a5669156,PRODUCT_ADDED,rep_b548fdfc,SALES_REP,2026-03-04 13:37:05.601026,{}
evt_fa3575b5,quote_a5669156,DISCOUNT_APPLIED,rep_b548fdfc,SALES_REP,2026-03-04 14:31:05.601026,{}
evt_bbef5774,quote_a5669156,QUOTE_SENT,rep_b548fdfc,SALES_REP,2026-03-04 20:31:05.601026,{}
evt_13c7f929,quote_a5669156,CUSTOMER_VIEWED,rep_b548fdfc,SALES_REP,2026-03-08 20:31:05.601026,{}
evt_aa9cda76,quote_a5669156,ORDER_CONFIRMED,rep_b548fdfc,SALES_REP,2026-03-11 20:31:05.601026,{}
evt_15bf9e4b,quote_3a243331,QUOTE_CREATED,rep_221b7f39,SALES_REP,2025-10-22 02:10:05.601026,{}
evt_fb8c98dc,quote_3a243331,PRODUCT_ADDED,rep_221b7f39,SALES_REP,2025-10-22 02:43:05.601026,{}
evt_a45da8fd,quote_3a243331,DISCOUNT_APPLIED,rep_221b7f39,SALES_REP,2025-10-22 03:11:05.601026,{}
evt_0fee6ece,quote_3a243331,QUOTE_SENT,rep_221b7f39,SALES_REP,2025-10-22 09:11:05.601026,{}
evt_d8ca8cc9,quote_3a243331,CUSTOMER_VIEWED,rep_221b7f39,SALES_REP,2025-10-24 09:11:05.601026,{}
evt_4a9b6571,quote_3a243331,ORDER_CONFIRMED,rep_221b7f39,SALES_REP,2025-10-25 09:11:05.601026,{}
evt_27d3d73e,quote_9f7c4eb4,QUOTE_CREATED,rep_76071164,SALES_REP,2026-06-07 11:10:05.601026,{}
evt_ce6bdcd8,quote_9f7c4eb4,PRODUCT_ADDED,rep_76071164,SALES_REP,2026-06-07 11:20:05.601026,{}
evt_11b8c100,quote_9f7c4eb4,DISCOUNT_APPLIED,rep_76071164,SALES_REP,2026-06-07 11:30:05.601026,{}
evt_99fe776b,quote_9f7c4eb4,QUOTE_SENT,rep_76071164,SALES_REP,2026-06-08 10:30:05.601026,{}
evt_15da75c3,quote_9f7c4eb4,CUSTOMER_VIEWED,rep_76071164,SALES_REP,2026-06-13 10:30:05.601026,{}
evt_63f818e7,quote_9f7c4eb4,REJECTED,rep_76071164,SALES_REP,2026-06-19 10:30:05.601026,{}
evt_88488395,quote_27762127,QUOTE_CREATED,rep_e08a1589,SALES_REP,2025-11-19 04:10:05.601026,{}
evt_8a2e0067,quote_27762127,PRODUCT_ADDED,rep_e08a1589,SALES_REP,2025-11-19 04:39:05.601026,{}
evt_c4b1dd3e,quote_27762127,DISCOUNT_APPLIED,rep_e08a1589,SALES_REP,2025-11-19 04:50:05.601026,{}
evt_5ec23335,quote_27762127,QUOTE_SENT,rep_e08a1589,SALES_REP,2025-11-20 04:50:05.601026,{}
evt_1b44d0a3,quote_27762127,CUSTOMER_VIEWED,rep_e08a1589,SALES_REP,2025-11-23 04:50:05.601026,{}
evt_c1c3092d,quote_27762127,ORDER_CONFIRMED,rep_e08a1589,SALES_REP,2025-11-24 04:50:05.601026,{}
evt_bd7f4840,quote_b0027d1f,QUOTE_CREATED,rep_4fd63151,SALES_REP,2026-08-12 14:10:05.601026,{}
evt_b4de267b,quote_b0027d1f,PRODUCT_ADDED,rep_4fd63151,SALES_REP,2026-08-12 14:43:05.601026,{}
evt_666eeb03,quote_b0027d1f,DISCOUNT_APPLIED,rep_4fd63151,SALES_REP,2026-08-12 15:29:05.601026,{}
evt_a3ed46bf,quote_b0027d1f,QUOTE_SENT,rep_4fd63151,SALES_REP,2026-08-12 22:29:05.601026,{}
evt_e3ed494c,quote_b0027d1f,CUSTOMER_VIEWED,rep_4fd63151,SALES_REP,2026-08-14 22:29:05.601026,{}
evt_286e5987,quote_b0027d1f,COUNTER_OFFER,rep_4fd63151,SALES_REP,2026-08-15 22:29:05.601026,{}
evt_34e9a4c9,quote_b0027d1f,QUOTE_REVISED,rep_4fd63151,SALES_REP,2026-08-16 22:29:05.601026,{}
evt_8a871062,quote_b0027d1f,APPROVAL_REQUESTED,rep_4fd63151,SALES_REP,2026-08-17 08:29:05.601026,{}
evt_3056509c,quote_b0027d1f,APPROVED,rep_4fd63151,SALES_REP,2026-08-21 08:29:05.601026,{}
evt_bbf16021,quote_b0027d1f,ORDER_CONFIRMED,rep_4fd63151,SALES_REP,2026-08-28 08:29:05.601026,{}
evt_4c5fc7ce,quote_d2c72c47,QUOTE_CREATED,rep_4fd63151,SALES_REP,2026-05-29 00:10:05.601026,{}
evt_9d1597cc,quote_d2c72c47,PRODUCT_ADDED,rep_4fd63151,SALES_REP,2026-05-29 00:31:05.601026,{}
evt_b7fa175d,quote_d2c72c47,DISCOUNT_APPLIED,rep_4fd63151,SALES_REP,2026-05-29 01:21:05.601026,{}
evt_cc32eb1b,quote_d2c72c47,QUOTE_SENT,rep_4fd63151,SALES_REP,2026-05-29 13:21:05.601026,{}
evt_defd2d1a,quote_d2c72c47,CUSTOMER_VIEWED,rep_4fd63151,SALES_REP,2026-06-01 13:21:05.601026,{}
evt_4aca3366,quote_d2c72c47,ORDER_CONFIRMED,rep_4fd63151,SALES_REP,2026-06-04 13:21:05.601026,{}
evt_a134d243,quote_2472c612,QUOTE_CREATED,rep_26645e7c,SALES_REP,2026-06-08 00:10:05.601026,{}
evt_eb440341,quote_2472c612,PRODUCT_ADDED,rep_26645e7c,SALES_REP,2026-06-08 00:50:05.601026,{}
evt_0cb43e4f,quote_2472c612,DISCOUNT_APPLIED,rep_26645e7c,SALES_REP,2026-06-08 01:47:05.601026,{}
evt_24b40595,quote_2472c612,QUOTE_SENT,rep_26645e7c,SALES_REP,2026-06-08 09:47:05.601026,{}
evt_ba63ac4b,quote_2472c612,CUSTOMER_VIEWED,rep_26645e7c,SALES_REP,2026-06-12 09:47:05.601026,{}
evt_0e22193a,quote_2472c612,COUNTER_OFFER,rep_26645e7c,SALES_REP,2026-06-13 09:47:05.601026,{}
evt_847db3cd,quote_2472c612,QUOTE_REVISED,rep_26645e7c,SALES_REP,2026-06-15 09:47:05.601026,{}
evt_51470b6a,quote_601199da,QUOTE_CREATED,rep_71ed5975,SALES_REP,2026-07-04 19:10:05.601026,{}
evt_d86d37f1,quote_601199da,PRODUCT_ADDED,rep_71ed5975,SALES_REP,2026-07-04 19:43:05.601026,{}
evt_ff5095d4,quote_601199da,DISCOUNT_APPLIED,rep_71ed5975,SALES_REP,2026-07-04 20:23:05.601026,{}
evt_3a5934c7,quote_601199da,QUOTE_SENT,rep_71ed5975,SALES_REP,2026-07-05 17:23:05.601026,{}
evt_c7bbc44e,quote_601199da,CUSTOMER_VIEWED,rep_71ed5975,SALES_REP,2026-07-06 17:23:05.601026,{}
evt_21865f9b,quote_601199da,REJECTED,rep_71ed5975,SALES_REP,2026-07-10 17:23:05.601026,{}
evt_3eff5a9d,quote_1bc10d34,QUOTE_CREATED,rep_4fd63151,SALES_REP,2025-10-08 03:10:05.601026,{}
evt_ea776d07,quote_1bc10d34,PRODUCT_ADDED,rep_4fd63151,SALES_REP,2025-10-08 03:31:05.601026,{}
evt_82ffc3fc,quote_1bc10d34,DISCOUNT_APPLIED,rep_4fd63151,SALES_REP,2025-10-08 04:22:05.601026,{}
evt_485ae083,quote_1bc10d34,QUOTE_SENT,rep_4fd63151,SALES_REP,2025-10-08 05:22:05.601026,{}
evt_9d36cafa,quote_1bc10d34,CUSTOMER_VIEWED,rep_4fd63151,SALES_REP,2025-10-13 05:22:05.601026,{}
evt_698e9d72,quote_1bc10d34,REJECTED,rep_4fd63151,SALES_REP,2025-10-19 05:22:05.601026,{}
evt_3fcefa78,quote_2a1ca06d,QUOTE_CREATED,rep_4fd63151,SALES_REP,2026-03-26 12:10:05.601026,{}
evt_cd78dc5c,quote_2a1ca06d,PRODUCT_ADDED,rep_4fd63151,SALES_REP,2026-03-26 12:52:05.601026,{}
evt_9a9f8662,quote_2a1ca06d,DISCOUNT_APPLIED,rep_4fd63151,SALES_REP,2026-03-26 13:17:05.601026,{}
evt_a6aba7c4,quote_2a1ca06d,QUOTE_SENT,rep_4fd63151,SALES_REP,2026-03-26 14:17:05.601026,{}
evt_977818e5,quote_2a1ca06d,CUSTOMER_VIEWED,rep_4fd63151,SALES_REP,2026-03-31 14:17:05.601026,{}
evt_f1ab1e76,quote_2a1ca06d,COUNTER_OFFER,rep_4fd63151,SALES_REP,2026-04-02 14:17:05.601026,{}
evt_13fecac7,quote_2a1ca06d,QUOTE_REVISED,rep_4fd63151,SALES_REP,2026-04-03 14:17:05.601026,{}
evt_c1ce11b0,quote_2a1ca06d,ORDER_CONFIRMED,rep_4fd63151,SALES_REP,2026-04-10 14:17:05.601026,{}
evt_51463734,quote_409b573c,QUOTE_CREATED,rep_26645e7c,SALES_REP,2026-01-11 01:10:05.601026,{}
evt_283ba852,quote_409b573c,PRODUCT_ADDED,rep_26645e7c,SALES_REP,2026-01-11 01:56:05.601026,{}
evt_b16913e0,quote_409b573c,DISCOUNT_APPLIED,rep_26645e7c,SALES_REP,2026-01-11 02:32:05.601026,{}
evt_4d5b87e2,quote_409b573c,QUOTE_SENT,rep_26645e7c,SALES_REP,2026-01-12 02:32:05.601026,{}
evt_0c302c26,quote_409b573c,CUSTOMER_VIEWED,rep_26645e7c,SALES_REP,2026-01-13 02:32:05.601026,{}
evt_ad33db92,quote_409b573c,ORDER_CONFIRMED,rep_26645e7c,SALES_REP,2026-01-14 02:32:05.601026,{}
evt_478e4f7e,quote_ab12b15e,QUOTE_CREATED,rep_03d99ec4,SALES_REP,2026-05-05 10:10:05.601026,{}
evt_1758f91b,quote_ab12b15e,PRODUCT_ADDED,rep_03d99ec4,SALES_REP,2026-05-05 10:37:05.601026,{}
evt_9dd9dcbb,quote_ab12b15e,DISCOUNT_APPLIED,rep_03d99ec4,SALES_REP,2026-05-05 10:53:05.601026,{}
evt_d71f16df,quote_ab12b15e,QUOTE_SENT,rep_03d99ec4,SALES_REP,2026-05-06 09:53:05.601026,{}
evt_b1b5432b,quote_ab12b15e,CUSTOMER_VIEWED,rep_03d99ec4,SALES_REP,2026-05-10 09:53:05.601026,{}
evt_ebe54b57,quote_ab12b15e,ORDER_CONFIRMED,rep_03d99ec4,SALES_REP,2026-05-14 09:53:05.601026,{}
evt_a7b1502d,quote_1f7e9649,QUOTE_CREATED,rep_221b7f39,SALES_REP,2026-02-25 20:10:05.601026,{}
evt_7f0ac3fa,quote_1f7e9649,PRODUCT_ADDED,rep_221b7f39,SALES_REP,2026-02-25 20:53:05.601026,{}
evt_6cef6a14,quote_1f7e9649,DISCOUNT_APPLIED,rep_221b7f39,SALES_REP,2026-02-25 21:01:05.601026,{}
evt_92b43cfb,quote_1f7e9649,QUOTE_SENT,rep_221b7f39,SALES_REP,2026-02-26 15:01:05.601026,{}
evt_85bf0bd6,quote_1f7e9649,CUSTOMER_VIEWED,rep_221b7f39,SALES_REP,2026-02-27 15:01:05.601026,{}
evt_6dd56e3d,quote_1f7e9649,REJECTED,rep_221b7f39,SALES_REP,2026-02-28 15:01:05.601026,{}
evt_25d6662f,quote_70883ad6,QUOTE_CREATED,rep_f976f2b3,SALES_REP,2026-06-02 06:10:05.601026,{}
evt_996a271d,quote_70883ad6,PRODUCT_ADDED,rep_f976f2b3,SALES_REP,2026-06-02 06:37:05.601026,{}
evt_eabcc3a8,quote_70883ad6,DISCOUNT_APPLIED,rep_f976f2b3,SALES_REP,2026-06-02 06:48:05.601026,{}
evt_b403662a,quote_70883ad6,QUOTE_SENT,rep_f976f2b3,SALES_REP,2026-06-03 04:48:05.601026,{}
evt_562fea6c,quote_70883ad6,CUSTOMER_VIEWED,rep_f976f2b3,SALES_REP,2026-06-05 04:48:05.601026,{}
evt_1df5c39c,quote_70883ad6,APPROVAL_REQUESTED,rep_f976f2b3,SALES_REP,2026-06-05 14:48:05.601026,{}
evt_da5f8a82,quote_70883ad6,REJECTED,rep_f976f2b3,SALES_REP,2026-06-07 14:48:05.601026,{}
evt_e7bcc032,quote_70883ad6,REJECTED,rep_f976f2b3,SALES_REP,2026-06-11 14:48:05.601026,{}
evt_61e20938,quote_b205e842,QUOTE_CREATED,rep_4fd63151,SALES_REP,2026-05-22 10:10:05.601026,{}
evt_044d314a,quote_b205e842,PRODUCT_ADDED,rep_4fd63151,SALES_REP,2026-05-22 10:21:05.601026,{}
evt_9e3a4134,quote_b205e842,DISCOUNT_APPLIED,rep_4fd63151,SALES_REP,2026-05-22 10:48:05.601026,{}
evt_dc9a792e,quote_b205e842,QUOTE_SENT,rep_4fd63151,SALES_REP,2026-05-23 08:48:05.601026,{}
evt_2a464fff,quote_b205e842,CUSTOMER_VIEWED,rep_4fd63151,SALES_REP,2026-05-25 08:48:05.601026,{}
evt_0b34c9ad,quote_b205e842,ORDER_CONFIRMED,rep_4fd63151,SALES_REP,2026-05-27 08:48:05.601026,{}
evt_be185d23,quote_a7db232f,QUOTE_CREATED,rep_76071164,SALES_REP,2026-03-23 20:10:05.601026,{}
evt_c0a38f66,quote_a7db232f,PRODUCT_ADDED,rep_76071164,SALES_REP,2026-03-23 20:36:05.601026,{}
evt_c1dc4b37,quote_a7db232f,DISCOUNT_APPLIED,rep_76071164,SALES_REP,2026-03-23 20:56:05.601026,{}
evt_72334dab,quote_a7db232f,QUOTE_SENT,rep_76071164,SALES_REP,2026-03-24 08:56:05.601026,{}
evt_e4c724e1,quote_a7db232f,CUSTOMER_VIEWED,rep_76071164,SALES_REP,2026-03-26 08:56:05.601026,{}
evt_770bfc07,quote_a7db232f,COUNTER_OFFER,rep_76071164,SALES_REP,2026-03-28 08:56:05.601026,{}
evt_ef293b0a,quote_a7db232f,QUOTE_REVISED,rep_76071164,SALES_REP,2026-03-29 08:56:05.601026,{}
evt_ba518f06,quote_436d9cb3,QUOTE_CREATED,rep_f976f2b3,SALES_REP,2026-03-07 07:10:05.601026,{}
evt_60828522,quote_436d9cb3,PRODUCT_ADDED,rep_f976f2b3,SALES_REP,2026-03-07 08:09:05.601026,{}
evt_042840b6,quote_436d9cb3,DISCOUNT_APPLIED,rep_f976f2b3,SALES_REP,2026-03-07 08:47:05.601026,{}
evt_1382b5b7,quote_436d9cb3,QUOTE_SENT,rep_f976f2b3,SALES_REP,2026-03-07 11:47:05.601026,{}
evt_f803895f,quote_436d9cb3,CUSTOMER_VIEWED,rep_f976f2b3,SALES_REP,2026-03-10 11:47:05.601026,{}
evt_518548a6,quote_436d9cb3,REJECTED,rep_f976f2b3,SALES_REP,2026-03-15 11:47:05.601026,{}
evt_bbafb7af,quote_af40ffe2,QUOTE_CREATED,rep_76071164,SALES_REP,2026-05-30 18:10:05.601026,{}
evt_62c8694f,quote_af40ffe2,PRODUCT_ADDED,rep_76071164,SALES_REP,2026-05-30 18:35:05.601026,{}
evt_6bdf6832,quote_af40ffe2,DISCOUNT_APPLIED,rep_76071164,SALES_REP,2026-05-30 18:48:05.601026,{}
evt_87576f4f,quote_af40ffe2,QUOTE_SENT,rep_76071164,SALES_REP,2026-05-31 09:48:05.601026,{}
evt_ea251bdd,quote_af40ffe2,CUSTOMER_VIEWED,rep_76071164,SALES_REP,2026-06-02 09:48:05.601026,{}
evt_efad6569,quote_af40ffe2,COUNTER_OFFER,rep_76071164,SALES_REP,2026-06-05 09:48:05.601026,{}
evt_096cf625,quote_af40ffe2,QUOTE_REVISED,rep_76071164,SALES_REP,2026-06-07 09:48:05.601026,{}
evt_db83b9c5,quote_af40ffe2,ORDER_CONFIRMED,rep_76071164,SALES_REP,2026-06-11 09:48:05.601026,{}
evt_fbc3d3ee,quote_cb5c77eb,QUOTE_CREATED,rep_b548fdfc,SALES_REP,2026-06-19 21:10:05.601026,{}
evt_2502630e,quote_cb5c77eb,PRODUCT_ADDED,rep_b548fdfc,SALES_REP,2026-06-19 21:18:05.601026,{}
evt_73749f70,quote_cb5c77eb,DISCOUNT_APPLIED,rep_b548fdfc,SALES_REP,2026-06-19 21:56:05.601026,{}
evt_f7074874,quote_cb5c77eb,QUOTE_SENT,rep_b548fdfc,SALES_REP,2026-06-19 23:56:05.601026,{}
evt_a8378b0e,quote_cb5c77eb,CUSTOMER_VIEWED,rep_b548fdfc,SALES_REP,2026-06-21 23:56:05.601026,{}
evt_f6419614,quote_cb5c77eb,REJECTED,rep_b548fdfc,SALES_REP,2026-06-24 23:56:05.601026,{}
evt_a31da35b,quote_bdda6de4,QUOTE_CREATED,rep_d5902688,SALES_REP,2026-06-09 11:10:05.601026,{}
evt_e186ee43,quote_bdda6de4,PRODUCT_ADDED,rep_d5902688,SALES_REP,2026-06-09 12:07:05.601026,{}
evt_42874dbf,quote_bdda6de4,DISCOUNT_APPLIED,rep_d5902688,SALES_REP,2026-06-09 13:04:05.601026,{}
evt_bb432e16,quote_bdda6de4,QUOTE_SENT,rep_d5902688,SALES_REP,2026-06-10 11:04:05.601026,{}
evt_1540d084,quote_bdda6de4,CUSTOMER_VIEWED,rep_d5902688,SALES_REP,2026-06-14 11:04:05.601026,{}
evt_e06c83ac,quote_bdda6de4,REJECTED,rep_d5902688,SALES_REP,2026-06-19 11:04:05.601026,{}
evt_dff849cb,quote_61b59b2b,QUOTE_CREATED,rep_76071164,SALES_REP,2026-03-14 03:10:05.601026,{}
evt_edbe9226,quote_61b59b2b,PRODUCT_ADDED,rep_76071164,SALES_REP,2026-03-14 03:26:05.601026,{}
evt_090f8c72,quote_61b59b2b,DISCOUNT_APPLIED,rep_76071164,SALES_REP,2026-03-14 03:45:05.601026,{}
evt_735185b1,quote_61b59b2b,QUOTE_SENT,rep_76071164,SALES_REP,2026-03-15 02:45:05.601026,{}
evt_ab1efd47,quote_61b59b2b,CUSTOMER_VIEWED,rep_76071164,SALES_REP,2026-03-18 02:45:05.601026,{}
evt_54ce60b8,quote_61b59b2b,COUNTER_OFFER,rep_76071164,SALES_REP,2026-03-19 02:45:05.601026,{}
evt_e84ebed1,quote_61b59b2b,QUOTE_REVISED,rep_76071164,SALES_REP,2026-03-21 02:45:05.601026,{}
evt_96dbb597,quote_61b59b2b,REJECTED,rep_76071164,SALES_REP,2026-03-23 02:45:05.601026,{}
evt_b287664f,quote_5ef27a11,QUOTE_CREATED,rep_d5902688,SALES_REP,2025-09-12 07:10:05.601026,{}
evt_db955e8b,quote_5ef27a11,PRODUCT_ADDED,rep_d5902688,SALES_REP,2025-09-12 07:33:05.601026,{}
evt_55fce6d8,quote_5ef27a11,DISCOUNT_APPLIED,rep_d5902688,SALES_REP,2025-09-12 07:38:05.601026,{}
evt_ea6d90d1,quote_5ef27a11,QUOTE_SENT,rep_d5902688,SALES_REP,2025-09-12 15:38:05.601026,{}
evt_fb189d57,quote_5ef27a11,CUSTOMER_VIEWED,rep_d5902688,SALES_REP,2025-09-15 15:38:05.601026,{}
evt_94bf164b,quote_5ef27a11,ORDER_CONFIRMED,rep_d5902688,SALES_REP,2025-09-19 15:38:05.601026,{}
evt_698f2815,quote_5a7e8002,QUOTE_CREATED,rep_4fd63151,SALES_REP,2026-07-08 13:10:05.601026,{}
evt_495b9075,quote_5a7e8002,PRODUCT_ADDED,rep_4fd63151,SALES_REP,2026-07-08 13:51:05.601026,{}
evt_78a26f19,quote_5a7e8002,DISCOUNT_APPLIED,rep_4fd63151,SALES_REP,2026-07-08 14:41:05.601026,{}
evt_84e76ac0,quote_5a7e8002,QUOTE_SENT,rep_4fd63151,SALES_REP,2026-07-09 11:41:05.601026,{}
evt_a91dca38,quote_5a7e8002,CUSTOMER_VIEWED,rep_4fd63151,SALES_REP,2026-07-12 11:41:05.601026,{}
evt_54ae0805,quote_5a7e8002,COUNTER_OFFER,rep_4fd63151,SALES_REP,2026-07-15 11:41:05.601026,{}
evt_5995b101,quote_5a7e8002,QUOTE_REVISED,rep_4fd63151,SALES_REP,2026-07-17 11:41:05.601026,{}
evt_4c9f28ff,quote_5a7e8002,ORDER_CONFIRMED,rep_4fd63151,SALES_REP,2026-07-21 11:41:05.601026,{}
evt_3bd750e3,quote_16bc1afc,QUOTE_CREATED,rep_71ed5975,SALES_REP,2026-01-13 01:10:05.601026,{}
evt_5b061b65,quote_16bc1afc,PRODUCT_ADDED,rep_71ed5975,SALES_REP,2026-01-13 01:43:05.601026,{}
evt_9c41a54c,quote_16bc1afc,DISCOUNT_APPLIED,rep_71ed5975,SALES_REP,2026-01-13 01:56:05.601026,{}
evt_d84eb991,quote_16bc1afc,QUOTE_SENT,rep_71ed5975,SALES_REP,2026-01-13 23:56:05.601026,{}
evt_0ba933a8,quote_16bc1afc,CUSTOMER_VIEWED,rep_71ed5975,SALES_REP,2026-01-15 23:56:05.601026,{}
evt_cc48f3f2,quote_16bc1afc,COUNTER_OFFER,rep_71ed5975,SALES_REP,2026-01-16 23:56:05.601026,{}
evt_edd20652,quote_16bc1afc,QUOTE_REVISED,rep_71ed5975,SALES_REP,2026-01-17 23:56:05.601026,{}
evt_d631e4e9,quote_16bc1afc,APPROVAL_REQUESTED,rep_71ed5975,SALES_REP,2026-01-18 02:56:05.601026,{}
evt_0cb24ccf,quote_16bc1afc,REJECTED,rep_71ed5975,SALES_REP,2026-01-22 02:56:05.601026,{}
evt_9c38a8f2,quote_16bc1afc,REJECTED,rep_71ed5975,SALES_REP,2026-01-23 02:56:05.601026,{}
evt_1f754844,quote_4abc4cc3,QUOTE_CREATED,rep_76071164,SALES_REP,2026-02-19 11:10:05.601026,{}
evt_9df50144,quote_4abc4cc3,PRODUCT_ADDED,rep_76071164,SALES_REP,2026-02-19 11:49:05.601026,{}
evt_1caa9ec8,quote_4abc4cc3,DISCOUNT_APPLIED,rep_76071164,SALES_REP,2026-02-19 12:12:05.601026,{}
evt_5765edf3,quote_4abc4cc3,QUOTE_SENT,rep_76071164,SALES_REP,2026-02-19 22:12:05.601026,{}
evt_794b1b4e,quote_4abc4cc3,CUSTOMER_VIEWED,rep_76071164,SALES_REP,2026-02-24 22:12:05.601026,{}
evt_eb40110e,quote_4abc4cc3,COUNTER_OFFER,rep_76071164,SALES_REP,2026-02-25 22:12:05.601026,{}
evt_4549afa3,quote_4abc4cc3,QUOTE_REVISED,rep_76071164,SALES_REP,2026-02-27 22:12:05.601026,{}
evt_99be8105,quote_4abc4cc3,REJECTED,rep_76071164,SALES_REP,2026-03-06 22:12:05.601026,{}
evt_0748bd73,quote_671f81b9,QUOTE_CREATED,rep_221b7f39,SALES_REP,2026-06-16 21:10:05.601026,{}
evt_81ef8efa,quote_671f81b9,PRODUCT_ADDED,rep_221b7f39,SALES_REP,2026-06-16 21:45:05.601026,{}
evt_f1a49185,quote_671f81b9,DISCOUNT_APPLIED,rep_221b7f39,SALES_REP,2026-06-16 21:56:05.601026,{}
evt_6876b252,quote_671f81b9,QUOTE_SENT,rep_221b7f39,SALES_REP,2026-06-17 01:56:05.601026,{}
evt_698b91f2,quote_671f81b9,CUSTOMER_VIEWED,rep_221b7f39,SALES_REP,2026-06-19 01:56:05.601026,{}
evt_d19f22ba,quote_671f81b9,COUNTER_OFFER,rep_221b7f39,SALES_REP,2026-06-21 01:56:05.601026,{}
evt_cf731660,quote_671f81b9,QUOTE_REVISED,rep_221b7f39,SALES_REP,2026-06-22 01:56:05.601026,{}
evt_be132a03,quote_671f81b9,ORDER_CONFIRMED,rep_221b7f39,SALES_REP,2026-06-23 01:56:05.601026,{}
evt_804470c8,quote_899c56a4,QUOTE_CREATED,rep_4fd63151,SALES_REP,2026-04-20 01:10:05.601026,{}
evt_91255b9b,quote_899c56a4,PRODUCT_ADDED,rep_4fd63151,SALES_REP,2026-04-20 01:27:05.601026,{}
evt_c1226ddd,quote_899c56a4,DISCOUNT_APPLIED,rep_4fd63151,SALES_REP,2026-04-20 02:21:05.601026,{}
evt_a7a16bfc,quote_899c56a4,QUOTE_SENT,rep_4fd63151,SALES_REP,2026-04-20 09:21:05.601026,{}
evt_d0497d41,quote_899c56a4,CUSTOMER_VIEWED,rep_4fd63151,SALES_REP,2026-04-23 09:21:05.601026,{}
evt_e8c601a6,quote_899c56a4,COUNTER_OFFER,rep_4fd63151,SALES_REP,2026-04-24 09:21:05.601026,{}
evt_1d24e3df,quote_899c56a4,QUOTE_REVISED,rep_4fd63151,SALES_REP,2026-04-25 09:21:05.601026,{}
evt_184d2d6a,quote_899c56a4,ORDER_CONFIRMED,rep_4fd63151,SALES_REP,2026-04-28 09:21:05.601026,{}
evt_28158b15,quote_58a1039a,QUOTE_CREATED,rep_03d99ec4,SALES_REP,2025-11-22 15:10:05.601026,{}
evt_3f1f9ae3,quote_58a1039a,PRODUCT_ADDED,rep_03d99ec4,SALES_REP,2025-11-22 15:27:05.601026,{}
evt_4e0fb807,quote_58a1039a,DISCOUNT_APPLIED,rep_03d99ec4,SALES_REP,2025-11-22 15:53:05.601026,{}
evt_afdab2a9,quote_58a1039a,QUOTE_SENT,rep_03d99ec4,SALES_REP,2025-11-23 13:53:05.601026,{}
evt_70f07858,quote_58a1039a,CUSTOMER_VIEWED,rep_03d99ec4,SALES_REP,2025-11-27 13:53:05.601026,{}
evt_2a8fcf5c,quote_58a1039a,COUNTER_OFFER,rep_03d99ec4,SALES_REP,2025-11-29 13:53:05.601026,{}
evt_1d36dc12,quote_58a1039a,QUOTE_REVISED,rep_03d99ec4,SALES_REP,2025-11-30 13:53:05.601026,{}
evt_eb1e73a5,quote_58a1039a,ORDER_CONFIRMED,rep_03d99ec4,SALES_REP,2025-12-07 13:53:05.601026,{}
evt_fd18f710,quote_eebd3262,QUOTE_CREATED,rep_76071164,SALES_REP,2026-02-14 07:10:05.601026,{}
evt_df1e5bdb,quote_eebd3262,PRODUCT_ADDED,rep_76071164,SALES_REP,2026-02-14 07:49:05.601026,{}
evt_be8768d2,quote_eebd3262,DISCOUNT_APPLIED,rep_76071164,SALES_REP,2026-02-14 07:55:05.601026,{}
evt_7699af56,quote_eebd3262,QUOTE_SENT,rep_76071164,SALES_REP,2026-02-15 03:55:05.601026,{}
evt_64875061,quote_eebd3262,CUSTOMER_VIEWED,rep_76071164,SALES_REP,2026-02-17 03:55:05.601026,{}
evt_232c2c2c,quote_eebd3262,REJECTED,rep_76071164,SALES_REP,2026-02-20 03:55:05.601026,{}
evt_3231889a,quote_20ea0f29,QUOTE_CREATED,rep_f976f2b3,SALES_REP,2025-11-17 09:10:05.601026,{}
evt_797f6a5f,quote_20ea0f29,PRODUCT_ADDED,rep_f976f2b3,SALES_REP,2025-11-17 09:51:05.601026,{}
evt_049d1e18,quote_20ea0f29,DISCOUNT_APPLIED,rep_f976f2b3,SALES_REP,2025-11-17 09:59:05.601026,{}
evt_7bcb05d7,quote_20ea0f29,QUOTE_SENT,rep_f976f2b3,SALES_REP,2025-11-17 22:59:05.601026,{}
evt_7587e9f9,quote_20ea0f29,CUSTOMER_VIEWED,rep_f976f2b3,SALES_REP,2025-11-22 22:59:05.601026,{}
evt_3acb97df,quote_20ea0f29,COUNTER_OFFER,rep_f976f2b3,SALES_REP,2025-11-23 22:59:05.601026,{}
evt_920c8b7d,quote_20ea0f29,QUOTE_REVISED,rep_f976f2b3,SALES_REP,2025-11-24 22:59:05.601026,{}
evt_37ed3997,quote_20ea0f29,ORDER_CONFIRMED,rep_f976f2b3,SALES_REP,2025-11-29 22:59:05.601026,{}
evt_43564033,quote_2a96faa0,QUOTE_CREATED,rep_d5902688,SALES_REP,2026-03-22 20:10:05.601026,{}
evt_6d65a579,quote_2a96faa0,PRODUCT_ADDED,rep_d5902688,SALES_REP,2026-03-22 20:31:05.601026,{}
evt_4c1ccaf8,quote_2a96faa0,DISCOUNT_APPLIED,rep_d5902688,SALES_REP,2026-03-22 20:58:05.601026,{}
evt_fe092abb,quote_2a96faa0,QUOTE_SENT,rep_d5902688,SALES_REP,2026-03-23 17:58:05.601026,{}
evt_f6d4df09,quote_2a96faa0,CUSTOMER_VIEWED,rep_d5902688,SALES_REP,2026-03-27 17:58:05.601026,{}
evt_40264261,quote_2a96faa0,REJECTED,rep_d5902688,SALES_REP,2026-03-29 17:58:05.601026,{}
evt_083c42f6,quote_6f9b1ee8,QUOTE_CREATED,rep_76071164,SALES_REP,2026-03-08 13:10:05.601026,{}
evt_619402a1,quote_6f9b1ee8,PRODUCT_ADDED,rep_76071164,SALES_REP,2026-03-08 13:31:05.601026,{}
evt_73abe2a9,quote_6f9b1ee8,DISCOUNT_APPLIED,rep_76071164,SALES_REP,2026-03-08 13:46:05.601026,{}
evt_b3b8664b,quote_6f9b1ee8,QUOTE_SENT,rep_76071164,SALES_REP,2026-03-09 01:46:05.601026,{}
evt_cca56d7a,quote_6f9b1ee8,CUSTOMER_VIEWED,rep_76071164,SALES_REP,2026-03-10 01:46:05.601026,{}
evt_82222a34,quote_6f9b1ee8,REJECTED,rep_76071164,SALES_REP,2026-03-13 01:46:05.601026,{}
evt_ba0ba3f6,quote_b25a2a33,QUOTE_CREATED,rep_f976f2b3,SALES_REP,2026-04-28 19:10:05.601026,{}
evt_e2c33dfc,quote_b25a2a33,PRODUCT_ADDED,rep_f976f2b3,SALES_REP,2026-04-28 19:23:05.601026,{}
evt_fd9d827c,quote_b25a2a33,DISCOUNT_APPLIED,rep_f976f2b3,SALES_REP,2026-04-28 20:21:05.601026,{}
evt_807723f8,quote_b25a2a33,QUOTE_SENT,rep_f976f2b3,SALES_REP,2026-04-29 17:21:05.601026,{}
evt_d5fa0674,quote_b25a2a33,CUSTOMER_VIEWED,rep_f976f2b3,SALES_REP,2026-05-02 17:21:05.601026,{}
evt_a777e408,quote_b25a2a33,COUNTER_OFFER,rep_f976f2b3,SALES_REP,2026-05-04 17:21:05.601026,{}
evt_9e0d54f0,quote_b25a2a33,QUOTE_REVISED,rep_f976f2b3,SALES_REP,2026-05-06 17:21:05.601026,{}
evt_2d2fab8d,quote_b25a2a33,REJECTED,rep_f976f2b3,SALES_REP,2026-05-10 17:21:05.601026,{}
evt_fbec978a,quote_6100c1d9,QUOTE_CREATED,rep_71ed5975,SALES_REP,2026-04-20 18:10:05.601026,{}
evt_3ba6e807,quote_6100c1d9,PRODUCT_ADDED,rep_71ed5975,SALES_REP,2026-04-20 18:40:05.601026,{}
evt_5fdde25f,quote_6100c1d9,DISCOUNT_APPLIED,rep_71ed5975,SALES_REP,2026-04-20 18:53:05.601026,{}
evt_c06b1e50,quote_6100c1d9,QUOTE_SENT,rep_71ed5975,SALES_REP,2026-04-21 18:53:05.601026,{}
evt_a4658c8b,quote_6100c1d9,CUSTOMER_VIEWED,rep_71ed5975,SALES_REP,2026-04-26 18:53:05.601026,{}
evt_37b33e9c,quote_6100c1d9,COUNTER_OFFER,rep_71ed5975,SALES_REP,2026-04-27 18:53:05.601026,{}
evt_6b0ea38c,quote_6100c1d9,QUOTE_REVISED,rep_71ed5975,SALES_REP,2026-04-28 18:53:05.601026,{}
evt_d1f559c7,quote_3c8fa0cf,QUOTE_CREATED,rep_d5902688,SALES_REP,2026-03-10 20:10:05.601026,{}
evt_cece1524,quote_3c8fa0cf,PRODUCT_ADDED,rep_d5902688,SALES_REP,2026-03-10 20:56:05.601026,{}
evt_ee41cb33,quote_3c8fa0cf,DISCOUNT_APPLIED,rep_d5902688,SALES_REP,2026-03-10 21:20:05.601026,{}
evt_5078f12c,quote_3c8fa0cf,QUOTE_SENT,rep_d5902688,SALES_REP,2026-03-11 04:20:05.601026,{}
evt_4ec1049b,quote_3c8fa0cf,CUSTOMER_VIEWED,rep_d5902688,SALES_REP,2026-03-15 04:20:05.601026,{}
evt_c2e0a4e5,quote_3c8fa0cf,COUNTER_OFFER,rep_d5902688,SALES_REP,2026-03-16 04:20:05.601026,{}
evt_5968d7f8,quote_3c8fa0cf,QUOTE_REVISED,rep_d5902688,SALES_REP,2026-03-18 04:20:05.601026,{}
evt_aaee058b,quote_3c8fa0cf,ORDER_CONFIRMED,rep_d5902688,SALES_REP,2026-03-21 04:20:05.601026,{}
evt_4b694ed1,quote_29aefbf1,QUOTE_CREATED,rep_03d99ec4,SALES_REP,2026-05-27 19:10:05.601026,{}
evt_ca3e199c,quote_29aefbf1,PRODUCT_ADDED,rep_03d99ec4,SALES_REP,2026-05-27 19:40:05.601026,{}
evt_1f1f7d33,quote_29aefbf1,DISCOUNT_APPLIED,rep_03d99ec4,SALES_REP,2026-05-27 20:21:05.601026,{}
evt_bf8e0cf3,quote_29aefbf1,QUOTE_SENT,rep_03d99ec4,SALES_REP,2026-05-28 03:21:05.601026,{}
evt_120f0051,quote_29aefbf1,CUSTOMER_VIEWED,rep_03d99ec4,SALES_REP,2026-05-30 03:21:05.601026,{}
evt_fcf6f73a,quote_f613766f,QUOTE_CREATED,rep_4fd63151,SALES_REP,2026-05-12 16:10:05.601026,{}
evt_026da2af,quote_f613766f,PRODUCT_ADDED,rep_4fd63151,SALES_REP,2026-05-12 17:02:05.601026,{}
evt_880ffaf0,quote_f613766f,DISCOUNT_APPLIED,rep_4fd63151,SALES_REP,2026-05-12 17:47:05.601026,{}
evt_aad7941c,quote_f613766f,QUOTE_SENT,rep_4fd63151,SALES_REP,2026-05-12 19:47:05.601026,{}
evt_de537aa8,quote_f613766f,CUSTOMER_VIEWED,rep_4fd63151,SALES_REP,2026-05-13 19:47:05.601026,{}
evt_7ef0d34a,quote_f613766f,REJECTED,rep_4fd63151,SALES_REP,2026-05-14 19:47:05.601026,{}
evt_d14010a1,quote_4b2a8b2d,QUOTE_CREATED,rep_f976f2b3,SALES_REP,2025-10-02 16:10:05.601026,{}
evt_090d8ac1,quote_4b2a8b2d,PRODUCT_ADDED,rep_f976f2b3,SALES_REP,2025-10-02 17:02:05.601026,{}
evt_36961628,quote_4b2a8b2d,DISCOUNT_APPLIED,rep_f976f2b3,SALES_REP,2025-10-02 17:16:05.601026,{}
evt_4c1bc3be,quote_4b2a8b2d,QUOTE_SENT,rep_f976f2b3,SALES_REP,2025-10-03 00:16:05.601026,{}
evt_fabd8c4b,quote_4b2a8b2d,CUSTOMER_VIEWED,rep_f976f2b3,SALES_REP,2025-10-06 00:16:05.601026,{}
evt_ec28f507,quote_84a09f1f,QUOTE_CREATED,rep_b548fdfc,SALES_REP,2026-06-30 20:10:05.601026,{}
evt_2e41ce92,quote_84a09f1f,PRODUCT_ADDED,rep_b548fdfc,SALES_REP,2026-06-30 20:34:05.601026,{}
evt_865167d4,quote_84a09f1f,DISCOUNT_APPLIED,rep_b548fdfc,SALES_REP,2026-06-30 20:45:05.601026,{}
evt_ea699a72,quote_84a09f1f,QUOTE_SENT,rep_b548fdfc,SALES_REP,2026-07-01 14:45:05.601026,{}
evt_e6917753,quote_84a09f1f,CUSTOMER_VIEWED,rep_b548fdfc,SALES_REP,2026-07-03 14:45:05.601026,{}
evt_5647ee6b,quote_84a09f1f,ORDER_CONFIRMED,rep_b548fdfc,SALES_REP,2026-07-05 14:45:05.601026,{}
evt_1f718ab4,quote_5b4c5f96,QUOTE_CREATED,rep_76071164,SALES_REP,2026-06-15 02:10:05.601026,{}
evt_a94cc351,quote_5b4c5f96,PRODUCT_ADDED,rep_76071164,SALES_REP,2026-06-15 02:57:05.601026,{}
evt_da7afcee,quote_5b4c5f96,DISCOUNT_APPLIED,rep_76071164,SALES_REP,2026-06-15 03:11:05.601026,{}
evt_9b3cde59,quote_5b4c5f96,QUOTE_SENT,rep_76071164,SALES_REP,2026-06-15 18:11:05.601026,{}
evt_41caa6f1,quote_5b4c5f96,CUSTOMER_VIEWED,rep_76071164,SALES_REP,2026-06-16 18:11:05.601026,{}
evt_0ae6c550,quote_5b4c5f96,ORDER_CONFIRMED,rep_76071164,SALES_REP,2026-06-18 18:11:05.601026,{}
evt_5158b92d,quote_f91be412,QUOTE_CREATED,rep_b548fdfc,SALES_REP,2026-04-19 00:10:05.601026,{}
evt_c6e2c8b0,quote_f91be412,PRODUCT_ADDED,rep_b548fdfc,SALES_REP,2026-04-19 00:36:05.601026,{}
evt_48181382,quote_f91be412,DISCOUNT_APPLIED,rep_b548fdfc,SALES_REP,2026-04-19 00:46:05.601026,{}
evt_90971145,quote_f91be412,QUOTE_SENT,rep_b548fdfc,SALES_REP,2026-04-19 12:46:05.601026,{}
evt_a5b25955,quote_f91be412,CUSTOMER_VIEWED,rep_b548fdfc,SALES_REP,2026-04-20 12:46:05.601026,{}
evt_d729b7d4,quote_f91be412,COUNTER_OFFER,rep_b548fdfc,SALES_REP,2026-04-23 12:46:05.601026,{}
evt_17bcfbce,quote_f91be412,QUOTE_REVISED,rep_b548fdfc,SALES_REP,2026-04-25 12:46:05.601026,{}
evt_00d4b0aa,quote_f91be412,ORDER_CONFIRMED,rep_b548fdfc,SALES_REP,2026-05-01 12:46:05.601026,{}
evt_5b4a48fa,quote_a2af1d3b,QUOTE_CREATED,rep_b548fdfc,SALES_REP,2026-02-02 04:10:05.601026,{}
evt_aec3d030,quote_a2af1d3b,PRODUCT_ADDED,rep_b548fdfc,SALES_REP,2026-02-02 05:06:05.601026,{}
evt_1f79891a,quote_a2af1d3b,DISCOUNT_APPLIED,rep_b548fdfc,SALES_REP,2026-02-02 05:42:05.601026,{}
evt_15bb3140,quote_a2af1d3b,QUOTE_SENT,rep_b548fdfc,SALES_REP,2026-02-02 06:42:05.601026,{}
evt_cde75b93,quote_a2af1d3b,CUSTOMER_VIEWED,rep_b548fdfc,SALES_REP,2026-02-07 06:42:05.601026,{}
evt_066e58cc,quote_a2af1d3b,REJECTED,rep_b548fdfc,SALES_REP,2026-02-11 06:42:05.601026,{}
evt_940c19bb,quote_36f016fe,QUOTE_CREATED,rep_b548fdfc,SALES_REP,2026-01-12 12:10:05.601026,{}
evt_a09bc597,quote_36f016fe,PRODUCT_ADDED,rep_b548fdfc,SALES_REP,2026-01-12 12:35:05.601026,{}
evt_0718d4e2,quote_36f016fe,DISCOUNT_APPLIED,rep_b548fdfc,SALES_REP,2026-01-12 12:50:05.601026,{}
evt_a0d96986,quote_36f016fe,QUOTE_SENT,rep_b548fdfc,SALES_REP,2026-01-12 14:50:05.601026,{}
evt_5f33bd37,quote_36f016fe,CUSTOMER_VIEWED,rep_b548fdfc,SALES_REP,2026-01-14 14:50:05.601026,{}
evt_e835b641,quote_875e07fb,QUOTE_CREATED,rep_03d99ec4,SALES_REP,2026-02-24 07:10:05.601026,{}
evt_99118af3,quote_875e07fb,PRODUCT_ADDED,rep_03d99ec4,SALES_REP,2026-02-24 07:20:05.601026,{}
evt_6e5fb05f,quote_875e07fb,DISCOUNT_APPLIED,rep_03d99ec4,SALES_REP,2026-02-24 07:46:05.601026,{}
evt_663a302b,quote_875e07fb,QUOTE_SENT,rep_03d99ec4,SALES_REP,2026-02-25 01:46:05.601026,{}
evt_cd152230,quote_875e07fb,CUSTOMER_VIEWED,rep_03d99ec4,SALES_REP,2026-02-26 01:46:05.601026,{}
evt_c83c7e30,quote_875e07fb,COUNTER_OFFER,rep_03d99ec4,SALES_REP,2026-03-01 01:46:05.601026,{}
evt_7890c690,quote_875e07fb,QUOTE_REVISED,rep_03d99ec4,SALES_REP,2026-03-02 01:46:05.601026,{}
evt_a2ec06a2,quote_875e07fb,REJECTED,rep_03d99ec4,SALES_REP,2026-03-08 01:46:05.601026,{}
evt_f10d041f,quote_65a467a9,QUOTE_CREATED,rep_f976f2b3,SALES_REP,2026-02-06 18:10:05.601026,{}
evt_b21a728b,quote_65a467a9,PRODUCT_ADDED,rep_f976f2b3,SALES_REP,2026-02-06 18:17:05.601026,{}
evt_8f4d99be,quote_65a467a9,DISCOUNT_APPLIED,rep_f976f2b3,SALES_REP,2026-02-06 19:06:05.601026,{}
evt_f5a3324e,quote_65a467a9,QUOTE_SENT,rep_f976f2b3,SALES_REP,2026-02-07 17:06:05.601026,{}
evt_b4240302,quote_65a467a9,CUSTOMER_VIEWED,rep_f976f2b3,SALES_REP,2026-02-10 17:06:05.601026,{}
evt_71ddd435,quote_65a467a9,ORDER_CONFIRMED,rep_f976f2b3,SALES_REP,2026-02-13 17:06:05.601026,{}
evt_d585c736,quote_b2f775d0,QUOTE_CREATED,rep_b548fdfc,SALES_REP,2025-11-11 17:10:05.601026,{}
evt_b7c28ef7,quote_b2f775d0,PRODUCT_ADDED,rep_b548fdfc,SALES_REP,2025-11-11 17:33:05.601026,{}
evt_ae468893,quote_b2f775d0,DISCOUNT_APPLIED,rep_b548fdfc,SALES_REP,2025-11-11 17:55:05.601026,{}
evt_185e76b4,quote_b2f775d0,QUOTE_SENT,rep_b548fdfc,SALES_REP,2025-11-11 20:55:05.601026,{}
evt_7bb902da,quote_b2f775d0,CUSTOMER_VIEWED,rep_b548fdfc,SALES_REP,2025-11-15 20:55:05.601026,{}
evt_cea1cfd1,quote_a7c1bc30,QUOTE_CREATED,rep_b548fdfc,SALES_REP,2026-05-23 09:10:05.601026,{}
evt_ad1fd33a,quote_a7c1bc30,PRODUCT_ADDED,rep_b548fdfc,SALES_REP,2026-05-23 09:38:05.601026,{}
evt_f7146f62,quote_a7c1bc30,DISCOUNT_APPLIED,rep_b548fdfc,SALES_REP,2026-05-23 09:47:05.601026,{}
evt_393fe877,quote_a7c1bc30,QUOTE_SENT,rep_b548fdfc,SALES_REP,2026-05-23 14:47:05.601026,{}
evt_f880eb98,quote_a7c1bc30,CUSTOMER_VIEWED,rep_b548fdfc,SALES_REP,2026-05-28 14:47:05.601026,{}
evt_d728b6b1,quote_a7c1bc30,APPROVAL_REQUESTED,rep_b548fdfc,SALES_REP,2026-05-28 16:47:05.601026,{}
evt_4a47a4b7,quote_a7c1bc30,APPROVED,rep_b548fdfc,SALES_REP,2026-05-29 16:47:05.601026,{}
evt_f3a63755,quote_a7c1bc30,ORDER_CONFIRMED,rep_b548fdfc,SALES_REP,2026-05-30 16:47:05.601026,{}
evt_7a3262a5,quote_189f08a9,QUOTE_CREATED,rep_d5902688,SALES_REP,2026-07-22 20:10:05.601026,{}
evt_2938934a,quote_189f08a9,PRODUCT_ADDED,rep_d5902688,SALES_REP,2026-07-22 20:22:05.601026,{}
evt_ed70647a,quote_189f08a9,DISCOUNT_APPLIED,rep_d5902688,SALES_REP,2026-07-22 20:30:05.601026,{}
evt_7dc135ad,quote_189f08a9,QUOTE_SENT,rep_d5902688,SALES_REP,2026-07-23 19:30:05.601026,{}
evt_8a9815f7,quote_189f08a9,CUSTOMER_VIEWED,rep_d5902688,SALES_REP,2026-07-25 19:30:05.601026,{}
evt_7adeeb67,quote_189f08a9,COUNTER_OFFER,rep_d5902688,SALES_REP,2026-07-28 19:30:05.601026,{}
evt_742b752b,quote_189f08a9,QUOTE_REVISED,rep_d5902688,SALES_REP,2026-07-29 19:30:05.601026,{}
evt_e856a2d5,quote_4fd354e0,QUOTE_CREATED,rep_221b7f39,SALES_REP,2025-09-06 19:10:05.601026,{}
evt_8ee28eed,quote_4fd354e0,PRODUCT_ADDED,rep_221b7f39,SALES_REP,2025-09-06 20:00:05.601026,{}
evt_e7b1b15d,quote_4fd354e0,DISCOUNT_APPLIED,rep_221b7f39,SALES_REP,2025-09-06 20:10:05.601026,{}
evt_a7984063,quote_4fd354e0,QUOTE_SENT,rep_221b7f39,SALES_REP,2025-09-07 09:10:05.601026,{}
evt_dd73339d,quote_4fd354e0,CUSTOMER_VIEWED,rep_221b7f39,SALES_REP,2025-09-10 09:10:05.601026,{}
evt_85b0da98,quote_4fd354e0,ORDER_CONFIRMED,rep_221b7f39,SALES_REP,2025-09-12 09:10:05.601026,{}
evt_bf917bfc,quote_6109a8ea,QUOTE_CREATED,rep_e08a1589,SALES_REP,2026-08-18 00:10:05.601026,{}
evt_c894b338,quote_6109a8ea,PRODUCT_ADDED,rep_e08a1589,SALES_REP,2026-08-18 00:27:05.601026,{}
evt_9913e313,quote_6109a8ea,DISCOUNT_APPLIED,rep_e08a1589,SALES_REP,2026-08-18 01:16:05.601026,{}
evt_2ba026e2,quote_6109a8ea,QUOTE_SENT,rep_e08a1589,SALES_REP,2026-08-18 05:16:05.601026,{}
evt_3047876e,quote_6109a8ea,CUSTOMER_VIEWED,rep_e08a1589,SALES_REP,2026-08-19 05:16:05.601026,{}
evt_7699c6af,quote_6109a8ea,COUNTER_OFFER,rep_e08a1589,SALES_REP,2026-08-21 05:16:05.601026,{}
evt_74fa4d97,quote_6109a8ea,QUOTE_REVISED,rep_e08a1589,SALES_REP,2026-08-22 05:16:05.601026,{}
evt_1f101a66,quote_2bfadefd,QUOTE_CREATED,rep_d5902688,SALES_REP,2026-02-04 01:10:05.601026,{}
evt_5d459f8d,quote_2bfadefd,PRODUCT_ADDED,rep_d5902688,SALES_REP,2026-02-04 01:30:05.601026,{}
evt_89c700e7,quote_2bfadefd,DISCOUNT_APPLIED,rep_d5902688,SALES_REP,2026-02-04 02:08:05.601026,{}
evt_cfa377ff,quote_2bfadefd,QUOTE_SENT,rep_d5902688,SALES_REP,2026-02-04 03:08:05.601026,{}
evt_6c769ab8,quote_2bfadefd,CUSTOMER_VIEWED,rep_d5902688,SALES_REP,2026-02-07 03:08:05.601026,{}
evt_a5bbd642,quote_2bfadefd,COUNTER_OFFER,rep_d5902688,SALES_REP,2026-02-08 03:08:05.601026,{}
evt_8de155c9,quote_2bfadefd,QUOTE_REVISED,rep_d5902688,SALES_REP,2026-02-09 03:08:05.601026,{}
evt_4569ecb8,quote_2bfadefd,REJECTED,rep_d5902688,SALES_REP,2026-02-10 03:08:05.601026,{}
evt_bb511caa,quote_ff9eaf09,QUOTE_CREATED,rep_71ed5975,SALES_REP,2026-03-01 05:10:05.601026,{}
evt_87a7aa59,quote_ff9eaf09,PRODUCT_ADDED,rep_71ed5975,SALES_REP,2026-03-01 05:58:05.601026,{}
evt_d17b967b,quote_ff9eaf09,DISCOUNT_APPLIED,rep_71ed5975,SALES_REP,2026-03-01 06:51:05.601026,{}
evt_110fb6b1,quote_ff9eaf09,QUOTE_SENT,rep_71ed5975,SALES_REP,2026-03-02 05:51:05.601026,{}
evt_673a95aa,quote_ff9eaf09,CUSTOMER_VIEWED,rep_71ed5975,SALES_REP,2026-03-06 05:51:05.601026,{}
evt_1dcd464c,quote_ff9eaf09,COUNTER_OFFER,rep_71ed5975,SALES_REP,2026-03-09 05:51:05.601026,{}
evt_fcb1950a,quote_ff9eaf09,QUOTE_REVISED,rep_71ed5975,SALES_REP,2026-03-10 05:51:05.601026,{}
evt_4e02c8e2,quote_ff9eaf09,ORDER_CONFIRMED,rep_71ed5975,SALES_REP,2026-03-13 05:51:05.601026,{}
evt_5d3fa045,quote_2ae2261d,QUOTE_CREATED,rep_b548fdfc,SALES_REP,2026-04-23 17:10:05.601026,{}
evt_709fddd6,quote_2ae2261d,PRODUCT_ADDED,rep_b548fdfc,SALES_REP,2026-04-23 17:34:05.601026,{}
evt_21b7db7a,quote_2ae2261d,DISCOUNT_APPLIED,rep_b548fdfc,SALES_REP,2026-04-23 18:27:05.601026,{}
evt_1cdd29c1,quote_2ae2261d,QUOTE_SENT,rep_b548fdfc,SALES_REP,2026-04-24 10:27:05.601026,{}
evt_44b42642,quote_2ae2261d,CUSTOMER_VIEWED,rep_b548fdfc,SALES_REP,2026-04-27 10:27:05.601026,{}
evt_83f26043,quote_2ae2261d,ORDER_CONFIRMED,rep_b548fdfc,SALES_REP,2026-05-03 10:27:05.601026,{}
evt_4bdd56c2,quote_3c93c033,QUOTE_CREATED,rep_71ed5975,SALES_REP,2026-04-29 16:10:05.601026,{}
evt_f3376a3f,quote_3c93c033,PRODUCT_ADDED,rep_71ed5975,SALES_REP,2026-04-29 16:16:05.601026,{}
evt_6fb7226a,quote_3c93c033,DISCOUNT_APPLIED,rep_71ed5975,SALES_REP,2026-04-29 17:16:05.601026,{}
evt_dfef251a,quote_3c93c033,QUOTE_SENT,rep_71ed5975,SALES_REP,2026-04-29 22:16:05.601026,{}
evt_5b0c5142,quote_3c93c033,CUSTOMER_VIEWED,rep_71ed5975,SALES_REP,2026-05-02 22:16:05.601026,{}
evt_0621db52,quote_3c93c033,ORDER_CONFIRMED,rep_71ed5975,SALES_REP,2026-05-09 22:16:05.601026,{}
evt_b38d3cd7,quote_355675a8,QUOTE_CREATED,rep_d5902688,SALES_REP,2025-12-08 12:10:05.601026,{}
evt_297cabd6,quote_355675a8,PRODUCT_ADDED,rep_d5902688,SALES_REP,2025-12-08 12:29:05.601026,{}
evt_f805e5db,quote_355675a8,DISCOUNT_APPLIED,rep_d5902688,SALES_REP,2025-12-08 12:46:05.601026,{}
evt_fda2e94f,quote_355675a8,QUOTE_SENT,rep_d5902688,SALES_REP,2025-12-09 04:46:05.601026,{}
evt_030a692b,quote_355675a8,CUSTOMER_VIEWED,rep_d5902688,SALES_REP,2025-12-14 04:46:05.601026,{}
evt_8e845e9e,quote_355675a8,REJECTED,rep_d5902688,SALES_REP,2025-12-18 04:46:05.601026,{}
evt_6922aec7,quote_1163461e,QUOTE_CREATED,rep_4fd63151,SALES_REP,2026-05-13 03:10:05.601026,{}
evt_450b4ea5,quote_1163461e,PRODUCT_ADDED,rep_4fd63151,SALES_REP,2026-05-13 03:30:05.601026,{}
evt_8bd8e38b,quote_1163461e,DISCOUNT_APPLIED,rep_4fd63151,SALES_REP,2026-05-13 04:08:05.601026,{}
evt_f6df9e7f,quote_1163461e,QUOTE_SENT,rep_4fd63151,SALES_REP,2026-05-13 20:08:05.601026,{}
evt_992d5cd6,quote_1163461e,CUSTOMER_VIEWED,rep_4fd63151,SALES_REP,2026-05-15 20:08:05.601026,{}
evt_b473802a,quote_1163461e,REJECTED,rep_4fd63151,SALES_REP,2026-05-16 20:08:05.601026,{}
evt_41326fd4,quote_af6c6754,QUOTE_CREATED,rep_4fd63151,SALES_REP,2026-02-26 02:10:05.601026,{}
evt_51495e62,quote_af6c6754,PRODUCT_ADDED,rep_4fd63151,SALES_REP,2026-02-26 03:06:05.601026,{}
evt_91111320,quote_af6c6754,DISCOUNT_APPLIED,rep_4fd63151,SALES_REP,2026-02-26 03:55:05.601026,{}
evt_943f6da8,quote_af6c6754,QUOTE_SENT,rep_4fd63151,SALES_REP,2026-02-26 08:55:05.601026,{}
evt_4560c384,quote_af6c6754,CUSTOMER_VIEWED,rep_4fd63151,SALES_REP,2026-03-01 08:55:05.601026,{}
evt_be5115ba,quote_f5a674a1,QUOTE_CREATED,rep_f976f2b3,SALES_REP,2026-04-21 17:10:05.601026,{}
evt_84ce2422,quote_f5a674a1,PRODUCT_ADDED,rep_f976f2b3,SALES_REP,2026-04-21 17:29:05.601026,{}
evt_33b6224d,quote_f5a674a1,DISCOUNT_APPLIED,rep_f976f2b3,SALES_REP,2026-04-21 18:29:05.601026,{}
evt_6711de3f,quote_f5a674a1,QUOTE_SENT,rep_f976f2b3,SALES_REP,2026-04-22 05:29:05.601026,{}
evt_cb602cff,quote_f5a674a1,CUSTOMER_VIEWED,rep_f976f2b3,SALES_REP,2026-04-26 05:29:05.601026,{}
evt_f3173fc6,quote_f5a674a1,REJECTED,rep_f976f2b3,SALES_REP,2026-05-01 05:29:05.601026,{}
evt_57892d25,quote_448eadf9,QUOTE_CREATED,rep_d5902688,SALES_REP,2026-02-22 04:10:05.601026,{}
evt_2d42fb0d,quote_448eadf9,PRODUCT_ADDED,rep_d5902688,SALES_REP,2026-02-22 04:55:05.601026,{}
evt_398e9b29,quote_448eadf9,DISCOUNT_APPLIED,rep_d5902688,SALES_REP,2026-02-22 05:36:05.601026,{}
evt_af301491,quote_448eadf9,QUOTE_SENT,rep_d5902688,SALES_REP,2026-02-22 13:36:05.601026,{}
evt_bb637cdb,quote_448eadf9,CUSTOMER_VIEWED,rep_d5902688,SALES_REP,2026-02-27 13:36:05.601026,{}
evt_76f68b52,quote_448eadf9,ORDER_CONFIRMED,rep_d5902688,SALES_REP,2026-03-06 13:36:05.601026,{}
evt_b5b02393,quote_9c6286a5,QUOTE_CREATED,rep_221b7f39,SALES_REP,2026-03-20 10:10:05.601026,{}
evt_04cdb0b1,quote_9c6286a5,PRODUCT_ADDED,rep_221b7f39,SALES_REP,2026-03-20 10:44:05.601026,{}
evt_9ba1cf52,quote_9c6286a5,DISCOUNT_APPLIED,rep_221b7f39,SALES_REP,2026-03-20 11:27:05.601026,{}
evt_a96e0b62,quote_9c6286a5,QUOTE_SENT,rep_221b7f39,SALES_REP,2026-03-21 11:27:05.601026,{}
evt_abd18611,quote_9c6286a5,CUSTOMER_VIEWED,rep_221b7f39,SALES_REP,2026-03-24 11:27:05.601026,{}
evt_4f5e7bc9,quote_9c6286a5,COUNTER_OFFER,rep_221b7f39,SALES_REP,2026-03-26 11:27:05.601026,{}
evt_d89a7189,quote_9c6286a5,QUOTE_REVISED,rep_221b7f39,SALES_REP,2026-03-27 11:27:05.601026,{}
evt_36aa0e78,quote_9c6286a5,REJECTED,rep_221b7f39,SALES_REP,2026-04-03 11:27:05.601026,{}
evt_5ac12217,quote_e60f5d31,QUOTE_CREATED,rep_e08a1589,SALES_REP,2025-11-17 17:10:05.601026,{}
evt_f646fd59,quote_e60f5d31,PRODUCT_ADDED,rep_e08a1589,SALES_REP,2025-11-17 17:32:05.601026,{}
evt_b0c149cb,quote_e60f5d31,DISCOUNT_APPLIED,rep_e08a1589,SALES_REP,2025-11-17 17:57:05.601026,{}
evt_5d9b4b43,quote_e60f5d31,QUOTE_SENT,rep_e08a1589,SALES_REP,2025-11-18 09:57:05.601026,{}
evt_07756f0c,quote_e60f5d31,CUSTOMER_VIEWED,rep_e08a1589,SALES_REP,2025-11-21 09:57:05.601026,{}
evt_f9b0d8d1,quote_2645a647,QUOTE_CREATED,rep_26645e7c,SALES_REP,2026-07-08 01:10:05.601026,{}
evt_986d08cd,quote_2645a647,PRODUCT_ADDED,rep_26645e7c,SALES_REP,2026-07-08 01:27:05.601026,{}
evt_23633947,quote_2645a647,DISCOUNT_APPLIED,rep_26645e7c,SALES_REP,2026-07-08 02:05:05.601026,{}
evt_1d323e9b,quote_2645a647,QUOTE_SENT,rep_26645e7c,SALES_REP,2026-07-08 19:05:05.601026,{}
evt_dccd736f,quote_2645a647,CUSTOMER_VIEWED,rep_26645e7c,SALES_REP,2026-07-11 19:05:05.601026,{}
evt_2f55d051,quote_2645a647,COUNTER_OFFER,rep_26645e7c,SALES_REP,2026-07-13 19:05:05.601026,{}
evt_80025d98,quote_2645a647,QUOTE_REVISED,rep_26645e7c,SALES_REP,2026-07-15 19:05:05.601026,{}
evt_8c0aa0dd,quote_1de8ee7b,QUOTE_CREATED,rep_e08a1589,SALES_REP,2026-01-16 12:10:05.601026,{}
evt_ab95d73b,quote_1de8ee7b,PRODUCT_ADDED,rep_e08a1589,SALES_REP,2026-01-16 12:44:05.601026,{}
evt_8ee00bab,quote_1de8ee7b,DISCOUNT_APPLIED,rep_e08a1589,SALES_REP,2026-01-16 13:38:05.601026,{}
evt_20f3cf62,quote_1de8ee7b,QUOTE_SENT,rep_e08a1589,SALES_REP,2026-01-16 18:38:05.601026,{}
evt_4fef247c,quote_1de8ee7b,CUSTOMER_VIEWED,rep_e08a1589,SALES_REP,2026-01-20 18:38:05.601026,{}
evt_3705e54e,quote_1de8ee7b,ORDER_CONFIRMED,rep_e08a1589,SALES_REP,2026-01-25 18:38:05.601026,{}
evt_78242ce0,quote_2cf5b837,QUOTE_CREATED,rep_71ed5975,SALES_REP,2026-01-24 12:10:05.601026,{}
evt_a31b836e,quote_2cf5b837,PRODUCT_ADDED,rep_71ed5975,SALES_REP,2026-01-24 12:45:05.601026,{}
evt_bcf000cb,quote_2cf5b837,DISCOUNT_APPLIED,rep_71ed5975,SALES_REP,2026-01-24 13:13:05.601026,{}
evt_2a624f41,quote_2cf5b837,QUOTE_SENT,rep_71ed5975,SALES_REP,2026-01-24 18:13:05.601026,{}
evt_0516d4e3,quote_2cf5b837,CUSTOMER_VIEWED,rep_71ed5975,SALES_REP,2026-01-27 18:13:05.601026,{}
evt_4d54a1eb,quote_2cf5b837,ORDER_CONFIRMED,rep_71ed5975,SALES_REP,2026-01-31 18:13:05.601026,{}
evt_81163200,quote_e4d90b99,QUOTE_CREATED,rep_d5902688,SALES_REP,2025-09-23 02:10:05.601026,{}
evt_9ee1a3cd,quote_e4d90b99,PRODUCT_ADDED,rep_d5902688,SALES_REP,2025-09-23 02:47:05.601026,{}
evt_4398c6cf,quote_e4d90b99,DISCOUNT_APPLIED,rep_d5902688,SALES_REP,2025-09-23 02:55:05.601026,{}
evt_9f385fad,quote_e4d90b99,QUOTE_SENT,rep_d5902688,SALES_REP,2025-09-24 02:55:05.601026,{}
evt_22e5e6b1,quote_e4d90b99,CUSTOMER_VIEWED,rep_d5902688,SALES_REP,2025-09-26 02:55:05.601026,{}
evt_293bce77,quote_e4d90b99,REJECTED,rep_d5902688,SALES_REP,2025-09-27 02:55:05.601026,{}
evt_4b2684d7,quote_64921213,QUOTE_CREATED,rep_4fd63151,SALES_REP,2025-10-27 22:10:05.601026,{}
evt_26441983,quote_64921213,PRODUCT_ADDED,rep_4fd63151,SALES_REP,2025-10-27 23:03:05.601026,{}
evt_7d5d3802,quote_64921213,DISCOUNT_APPLIED,rep_4fd63151,SALES_REP,2025-10-27 23:31:05.601026,{}
evt_ee052c89,quote_64921213,QUOTE_SENT,rep_4fd63151,SALES_REP,2025-10-28 11:31:05.601026,{}
evt_c644e1ad,quote_64921213,CUSTOMER_VIEWED,rep_4fd63151,SALES_REP,2025-10-31 11:31:05.601026,{}
evt_a70abea4,quote_64921213,COUNTER_OFFER,rep_4fd63151,SALES_REP,2025-11-02 11:31:05.601026,{}
evt_520b9651,quote_64921213,QUOTE_REVISED,rep_4fd63151,SALES_REP,2025-11-03 11:31:05.601026,{}
evt_86fd35d6,quote_64921213,ORDER_CONFIRMED,rep_4fd63151,SALES_REP,2025-11-07 11:31:05.601026,{}
evt_99f0def0,quote_016c2b57,QUOTE_CREATED,rep_4fd63151,SALES_REP,2026-06-12 08:10:05.601026,{}
evt_e727d124,quote_016c2b57,PRODUCT_ADDED,rep_4fd63151,SALES_REP,2026-06-12 08:17:05.601026,{}
evt_aa0c64aa,quote_016c2b57,DISCOUNT_APPLIED,rep_4fd63151,SALES_REP,2026-06-12 08:24:05.601026,{}
evt_fcd60f24,quote_016c2b57,QUOTE_SENT,rep_4fd63151,SALES_REP,2026-06-12 16:24:05.601026,{}
evt_c1f9080b,quote_016c2b57,CUSTOMER_VIEWED,rep_4fd63151,SALES_REP,2026-06-14 16:24:05.601026,{}
evt_812bbc98,quote_016c2b57,ORDER_CONFIRMED,rep_4fd63151,SALES_REP,2026-06-21 16:24:05.601026,{}
evt_46e50b86,quote_aa5bbdca,QUOTE_CREATED,rep_76071164,SALES_REP,2026-01-31 21:10:05.601026,{}
evt_9a696475,quote_aa5bbdca,PRODUCT_ADDED,rep_76071164,SALES_REP,2026-01-31 21:27:05.601026,{}
evt_82f4be03,quote_aa5bbdca,DISCOUNT_APPLIED,rep_76071164,SALES_REP,2026-01-31 22:09:05.601026,{}
evt_c95625f8,quote_aa5bbdca,QUOTE_SENT,rep_76071164,SALES_REP,2026-02-01 00:09:05.601026,{}
evt_a2c8578b,quote_aa5bbdca,CUSTOMER_VIEWED,rep_76071164,SALES_REP,2026-02-03 00:09:05.601026,{}
evt_bf22e35c,quote_aa5bbdca,COUNTER_OFFER,rep_76071164,SALES_REP,2026-02-05 00:09:05.601026,{}
evt_ae3b3085,quote_aa5bbdca,QUOTE_REVISED,rep_76071164,SALES_REP,2026-02-06 00:09:05.601026,{}
evt_b5cd6259,quote_aa5bbdca,APPROVAL_REQUESTED,rep_76071164,SALES_REP,2026-02-06 06:09:05.601026,{}
evt_6827da63,quote_aa5bbdca,REJECTED,rep_76071164,SALES_REP,2026-02-07 06:09:05.601026,{}
evt_cbf4f9ae,quote_aa5bbdca,REJECTED,rep_76071164,SALES_REP,2026-02-12 06:09:05.601026,{}
evt_38a67fe9,quote_bdc6ed2c,QUOTE_CREATED,rep_76071164,SALES_REP,2025-11-28 18:10:05.601026,{}
evt_e8f2ca35,quote_bdc6ed2c,PRODUCT_ADDED,rep_76071164,SALES_REP,2025-11-28 18:55:05.601026,{}
evt_6c8ce1b4,quote_bdc6ed2c,DISCOUNT_APPLIED,rep_76071164,SALES_REP,2025-11-28 19:47:05.601026,{}
evt_050a523e,quote_bdc6ed2c,QUOTE_SENT,rep_76071164,SALES_REP,2025-11-29 15:47:05.601026,{}
evt_a17a3402,quote_bdc6ed2c,CUSTOMER_VIEWED,rep_76071164,SALES_REP,2025-12-02 15:47:05.601026,{}
evt_2788e630,quote_bdc6ed2c,COUNTER_OFFER,rep_76071164,SALES_REP,2025-12-04 15:47:05.601026,{}
evt_50ec6237,quote_bdc6ed2c,QUOTE_REVISED,rep_76071164,SALES_REP,2025-12-06 15:47:05.601026,{}
evt_664c3c4c,quote_faa4024b,QUOTE_CREATED,rep_d5902688,SALES_REP,2026-01-14 16:10:05.601026,{}
evt_c9bdbb13,quote_faa4024b,PRODUCT_ADDED,rep_d5902688,SALES_REP,2026-01-14 16:56:05.601026,{}
evt_d40468e2,quote_faa4024b,DISCOUNT_APPLIED,rep_d5902688,SALES_REP,2026-01-14 17:19:05.601026,{}
evt_3f683dc3,quote_faa4024b,QUOTE_SENT,rep_d5902688,SALES_REP,2026-01-15 08:19:05.601026,{}
evt_7663c157,quote_faa4024b,CUSTOMER_VIEWED,rep_d5902688,SALES_REP,2026-01-16 08:19:05.601026,{}
evt_4e12227e,quote_faa4024b,REJECTED,rep_d5902688,SALES_REP,2026-01-22 08:19:05.601026,{}
evt_ff37295d,quote_8443cb8b,QUOTE_CREATED,rep_76071164,SALES_REP,2026-03-31 12:10:05.601026,{}
evt_0e16e9e8,quote_8443cb8b,PRODUCT_ADDED,rep_76071164,SALES_REP,2026-03-31 13:03:05.601026,{}
evt_add28a55,quote_8443cb8b,DISCOUNT_APPLIED,rep_76071164,SALES_REP,2026-03-31 13:44:05.601026,{}
evt_666440d5,quote_8443cb8b,QUOTE_SENT,rep_76071164,SALES_REP,2026-04-01 13:44:05.601026,{}
evt_b6e85540,quote_8443cb8b,CUSTOMER_VIEWED,rep_76071164,SALES_REP,2026-04-04 13:44:05.601026,{}
evt_06861c61,quote_8443cb8b,ORDER_CONFIRMED,rep_76071164,SALES_REP,2026-04-10 13:44:05.601026,{}
evt_542e0535,quote_7b1e0bb8,QUOTE_CREATED,rep_26645e7c,SALES_REP,2026-06-22 14:10:05.601026,{}
evt_758fbc6e,quote_7b1e0bb8,PRODUCT_ADDED,rep_26645e7c,SALES_REP,2026-06-22 14:46:05.601026,{}
evt_a31c8b35,quote_7b1e0bb8,DISCOUNT_APPLIED,rep_26645e7c,SALES_REP,2026-06-22 15:37:05.601026,{}
evt_f4ee2acd,quote_7b1e0bb8,QUOTE_SENT,rep_26645e7c,SALES_REP,2026-06-23 04:37:05.601026,{}
evt_8e1cc655,quote_7b1e0bb8,CUSTOMER_VIEWED,rep_26645e7c,SALES_REP,2026-06-26 04:37:05.601026,{}
evt_6fcc591d,quote_7b1e0bb8,REJECTED,rep_26645e7c,SALES_REP,2026-06-30 04:37:05.601026,{}
evt_0a1c01eb,quote_3e854756,QUOTE_CREATED,rep_4fd63151,SALES_REP,2026-05-14 21:10:05.601026,{}
evt_33eb80e1,quote_3e854756,PRODUCT_ADDED,rep_4fd63151,SALES_REP,2026-05-14 21:15:05.601026,{}
evt_e9885bae,quote_3e854756,DISCOUNT_APPLIED,rep_4fd63151,SALES_REP,2026-05-14 21:37:05.601026,{}
evt_f112d4ea,quote_3e854756,QUOTE_SENT,rep_4fd63151,SALES_REP,2026-05-14 22:37:05.601026,{}
evt_a97fe9ac,quote_3e854756,CUSTOMER_VIEWED,rep_4fd63151,SALES_REP,2026-05-17 22:37:05.601026,{}
evt_7fd8c003,quote_3e854756,ORDER_CONFIRMED,rep_4fd63151,SALES_REP,2026-05-23 22:37:05.601026,{}
evt_a99f03bd,quote_c12c93a9,QUOTE_CREATED,rep_b548fdfc,SALES_REP,2025-10-13 14:10:05.601026,{}
evt_d926b226,quote_c12c93a9,PRODUCT_ADDED,rep_b548fdfc,SALES_REP,2025-10-13 14:31:05.601026,{}
evt_be271cd3,quote_c12c93a9,DISCOUNT_APPLIED,rep_b548fdfc,SALES_REP,2025-10-13 15:05:05.601026,{}
evt_d68ab626,quote_c12c93a9,QUOTE_SENT,rep_b548fdfc,SALES_REP,2025-10-13 22:05:05.601026,{}
evt_66a0adb6,quote_c12c93a9,CUSTOMER_VIEWED,rep_b548fdfc,SALES_REP,2025-10-14 22:05:05.601026,{}
evt_6cfae0b3,quote_c12c93a9,REJECTED,rep_b548fdfc,SALES_REP,2025-10-20 22:05:05.601026,{}
evt_f7357bd0,quote_2d7d8d95,QUOTE_CREATED,rep_f976f2b3,SALES_REP,2026-05-06 11:10:05.601026,{}
evt_f25f6e2a,quote_2d7d8d95,PRODUCT_ADDED,rep_f976f2b3,SALES_REP,2026-05-06 11:52:05.601026,{}
evt_81d63310,quote_2d7d8d95,DISCOUNT_APPLIED,rep_f976f2b3,SALES_REP,2026-05-06 12:41:05.601026,{}
evt_78d274a5,quote_2d7d8d95,QUOTE_SENT,rep_f976f2b3,SALES_REP,2026-05-07 06:41:05.601026,{}
evt_811ad23d,quote_2d7d8d95,CUSTOMER_VIEWED,rep_f976f2b3,SALES_REP,2026-05-10 06:41:05.601026,{}
evt_bdb83370,quote_2d7d8d95,COUNTER_OFFER,rep_f976f2b3,SALES_REP,2026-05-13 06:41:05.601026,{}
evt_af40b063,quote_2d7d8d95,QUOTE_REVISED,rep_f976f2b3,SALES_REP,2026-05-15 06:41:05.601026,{}
evt_f0b95e91,quote_2d7d8d95,APPROVAL_REQUESTED,rep_f976f2b3,SALES_REP,2026-05-15 08:41:05.601026,{}
evt_8c6d7664,quote_2d7d8d95,REJECTED,rep_f976f2b3,SALES_REP,2026-05-17 08:41:05.601026,{}
evt_a553bc2c,quote_b5430c20,QUOTE_CREATED,rep_03d99ec4,SALES_REP,2026-08-18 18:10:05.601026,{}
evt_291e5cd0,quote_b5430c20,PRODUCT_ADDED,rep_03d99ec4,SALES_REP,2026-08-18 18:26:05.601026,{}
evt_800edd8e,quote_b5430c20,DISCOUNT_APPLIED,rep_03d99ec4,SALES_REP,2026-08-18 18:31:05.601026,{}
evt_e28cc192,quote_b5430c20,QUOTE_SENT,rep_03d99ec4,SALES_REP,2026-08-19 13:31:05.601026,{}
evt_e6f83b9a,quote_b5430c20,CUSTOMER_VIEWED,rep_03d99ec4,SALES_REP,2026-08-20 13:31:05.601026,{}
evt_0574d223,quote_b5430c20,APPROVAL_REQUESTED,rep_03d99ec4,SALES_REP,2026-08-20 18:31:05.601026,{}
evt_d21447e3,quote_b5430c20,REJECTED,rep_03d99ec4,SALES_REP,2026-08-23 18:31:05.601026,{}
evt_1fcd3a8f,quote_e4cde46f,QUOTE_CREATED,rep_26645e7c,SALES_REP,2026-01-19 06:10:05.601026,{}
evt_f395c09c,quote_e4cde46f,PRODUCT_ADDED,rep_26645e7c,SALES_REP,2026-01-19 06:43:05.601026,{}
evt_b4076d78,quote_e4cde46f,DISCOUNT_APPLIED,rep_26645e7c,SALES_REP,2026-01-19 07:39:05.601026,{}
evt_32079ac2,quote_e4cde46f,QUOTE_SENT,rep_26645e7c,SALES_REP,2026-01-19 08:39:05.601026,{}
evt_b7e2f945,quote_e4cde46f,CUSTOMER_VIEWED,rep_26645e7c,SALES_REP,2026-01-20 08:39:05.601026,{}
evt_5a4a377b,quote_e4cde46f,ORDER_CONFIRMED,rep_26645e7c,SALES_REP,2026-01-27 08:39:05.601026,{}
evt_0964368a,quote_d3df0672,QUOTE_CREATED,rep_f976f2b3,SALES_REP,2026-01-29 17:10:05.601026,{}
evt_c605fcd5,quote_d3df0672,PRODUCT_ADDED,rep_f976f2b3,SALES_REP,2026-01-29 17:38:05.601026,{}
evt_73a7544f,quote_d3df0672,DISCOUNT_APPLIED,rep_f976f2b3,SALES_REP,2026-01-29 18:29:05.601026,{}
evt_cce135a9,quote_d3df0672,QUOTE_SENT,rep_f976f2b3,SALES_REP,2026-01-30 12:29:05.601026,{}
evt_a85f373c,quote_d3df0672,CUSTOMER_VIEWED,rep_f976f2b3,SALES_REP,2026-02-04 12:29:05.601026,{}
evt_31feaad4,quote_d3df0672,COUNTER_OFFER,rep_f976f2b3,SALES_REP,2026-02-07 12:29:05.601026,{}
evt_5309552c,quote_d3df0672,QUOTE_REVISED,rep_f976f2b3,SALES_REP,2026-02-09 12:29:05.601026,{}
evt_0c4d3d27,quote_d3df0672,APPROVAL_REQUESTED,rep_f976f2b3,SALES_REP,2026-02-09 19:29:05.601026,{}
evt_fcbdf56d,quote_d3df0672,REJECTED,rep_f976f2b3,SALES_REP,2026-02-09 19:29:05.601026,{}
evt_d70b01cc,quote_d3df0672,REJECTED,rep_f976f2b3,SALES_REP,2026-02-14 19:29:05.601026,{}
evt_bfa0dba8,quote_26e330f7,QUOTE_CREATED,rep_b548fdfc,SALES_REP,2026-05-02 17:10:05.601026,{}
evt_46b853b2,quote_26e330f7,PRODUCT_ADDED,rep_b548fdfc,SALES_REP,2026-05-02 17:23:05.601026,{}
evt_5ffc7666,quote_26e330f7,DISCOUNT_APPLIED,rep_b548fdfc,SALES_REP,2026-05-02 17:49:05.601026,{}
evt_1e7b9791,quote_26e330f7,QUOTE_SENT,rep_b548fdfc,SALES_REP,2026-05-03 05:49:05.601026,{}
evt_623d6fba,quote_26e330f7,CUSTOMER_VIEWED,rep_b548fdfc,SALES_REP,2026-05-07 05:49:05.601026,{}
evt_7db4595b,quote_26e330f7,REJECTED,rep_b548fdfc,SALES_REP,2026-05-12 05:49:05.601026,{}
evt_17977110,quote_e79f8501,QUOTE_CREATED,rep_4fd63151,SALES_REP,2025-09-26 16:10:05.601026,{}
evt_54008ec7,quote_e79f8501,PRODUCT_ADDED,rep_4fd63151,SALES_REP,2025-09-26 17:06:05.601026,{}
evt_c88c06db,quote_e79f8501,DISCOUNT_APPLIED,rep_4fd63151,SALES_REP,2025-09-26 17:47:05.601026,{}
evt_0555d26a,quote_e79f8501,QUOTE_SENT,rep_4fd63151,SALES_REP,2025-09-26 22:47:05.601026,{}
evt_b7b0138a,quote_e79f8501,CUSTOMER_VIEWED,rep_4fd63151,SALES_REP,2025-09-28 22:47:05.601026,{}
evt_c85ecce6,quote_e79f8501,ORDER_CONFIRMED,rep_4fd63151,SALES_REP,2025-10-02 22:47:05.601026,{}
evt_a27ab499,quote_ab9aac06,QUOTE_CREATED,rep_221b7f39,SALES_REP,2026-06-26 06:10:05.601026,{}
evt_18e4661f,quote_ab9aac06,PRODUCT_ADDED,rep_221b7f39,SALES_REP,2026-06-26 06:29:05.601026,{}
evt_0259c1c9,quote_ab9aac06,DISCOUNT_APPLIED,rep_221b7f39,SALES_REP,2026-06-26 07:17:05.601026,{}
evt_a66d85de,quote_ab9aac06,QUOTE_SENT,rep_221b7f39,SALES_REP,2026-06-27 06:17:05.601026,{}
evt_f7aad216,quote_ab9aac06,CUSTOMER_VIEWED,rep_221b7f39,SALES_REP,2026-06-30 06:17:05.601026,{}
evt_c6ef808b,quote_ab9aac06,REJECTED,rep_221b7f39,SALES_REP,2026-07-03 06:17:05.601026,{}
evt_2b69f69d,quote_bf945d60,QUOTE_CREATED,rep_b548fdfc,SALES_REP,2026-06-12 18:10:05.601026,{}
evt_d5d8cadf,quote_bf945d60,PRODUCT_ADDED,rep_b548fdfc,SALES_REP,2026-06-12 18:15:05.601026,{}
evt_026e8b5e,quote_bf945d60,DISCOUNT_APPLIED,rep_b548fdfc,SALES_REP,2026-06-12 19:10:05.601026,{}
evt_d210977e,quote_bf945d60,QUOTE_SENT,rep_b548fdfc,SALES_REP,2026-06-13 12:10:05.601026,{}
evt_c17b4609,quote_bf945d60,CUSTOMER_VIEWED,rep_b548fdfc,SALES_REP,2026-06-14 12:10:05.601026,{}
evt_67d6417c,quote_bf945d60,ORDER_CONFIRMED,rep_b548fdfc,SALES_REP,2026-06-15 12:10:05.601026,{}
evt_3a6c8743,quote_4b9f740f,QUOTE_CREATED,rep_221b7f39,SALES_REP,2025-12-11 06:10:05.601026,{}
evt_f31c2218,quote_4b9f740f,PRODUCT_ADDED,rep_221b7f39,SALES_REP,2025-12-11 06:36:05.601026,{}
evt_eff7ce46,quote_4b9f740f,DISCOUNT_APPLIED,rep_221b7f39,SALES_REP,2025-12-11 07:05:05.601026,{}
evt_df31156b,quote_4b9f740f,QUOTE_SENT,rep_221b7f39,SALES_REP,2025-12-11 19:05:05.601026,{}
evt_24428495,quote_4b9f740f,CUSTOMER_VIEWED,rep_221b7f39,SALES_REP,2025-12-13 19:05:05.601026,{}
evt_4f7f923d,quote_4b9f740f,APPROVAL_REQUESTED,rep_221b7f39,SALES_REP,2025-12-14 05:05:05.601026,{}
evt_0a8817fa,quote_4b9f740f,REJECTED,rep_221b7f39,SALES_REP,2025-12-19 05:05:05.601026,{}
evt_6dd52912,quote_0f994ad4,QUOTE_CREATED,rep_d5902688,SALES_REP,2026-07-05 07:10:05.601026,{}
evt_a89a0486,quote_0f994ad4,PRODUCT_ADDED,rep_d5902688,SALES_REP,2026-07-05 08:03:05.601026,{}
evt_669b9260,quote_0f994ad4,DISCOUNT_APPLIED,rep_d5902688,SALES_REP,2026-07-05 08:42:05.601026,{}
evt_11240e4a,quote_0f994ad4,QUOTE_SENT,rep_d5902688,SALES_REP,2026-07-05 12:42:05.601026,{}
evt_06401568,quote_0f994ad4,CUSTOMER_VIEWED,rep_d5902688,SALES_REP,2026-07-09 12:42:05.601026,{}
evt_dbbdf343,quote_9fa06aa9,QUOTE_CREATED,rep_71ed5975,SALES_REP,2025-09-18 18:10:05.601026,{}
evt_28cc253a,quote_9fa06aa9,PRODUCT_ADDED,rep_71ed5975,SALES_REP,2025-09-18 18:31:05.601026,{}
evt_ed828692,quote_9fa06aa9,DISCOUNT_APPLIED,rep_71ed5975,SALES_REP,2025-09-18 19:10:05.601026,{}
evt_560d2c5b,quote_9fa06aa9,QUOTE_SENT,rep_71ed5975,SALES_REP,2025-09-18 22:10:05.601026,{}
evt_95e0a62b,quote_9fa06aa9,CUSTOMER_VIEWED,rep_71ed5975,SALES_REP,2025-09-19 22:10:05.601026,{}
evt_f3e24ce1,quote_9fa06aa9,COUNTER_OFFER,rep_71ed5975,SALES_REP,2025-09-22 22:10:05.601026,{}
evt_58fb5361,quote_9fa06aa9,QUOTE_REVISED,rep_71ed5975,SALES_REP,2025-09-23 22:10:05.601026,{}
evt_d59cb793,quote_9fa06aa9,ORDER_CONFIRMED,rep_71ed5975,SALES_REP,2025-09-27 22:10:05.601026,{}
evt_aefebad0,quote_06b1b6f2,QUOTE_CREATED,rep_e08a1589,SALES_REP,2026-06-15 04:10:05.601026,{}
evt_3a5db0a7,quote_06b1b6f2,PRODUCT_ADDED,rep_e08a1589,SALES_REP,2026-06-15 04:21:05.601026,{}
evt_e523b009,quote_06b1b6f2,DISCOUNT_APPLIED,rep_e08a1589,SALES_REP,2026-06-15 04:26:05.601026,{}
evt_1da3a65f,quote_06b1b6f2,QUOTE_SENT,rep_e08a1589,SALES_REP,2026-06-16 02:26:05.601026,{}
evt_a3af6994,quote_06b1b6f2,CUSTOMER_VIEWED,rep_e08a1589,SALES_REP,2026-06-18 02:26:05.601026,{}
evt_af8039e2,quote_d31bb3c9,QUOTE_CREATED,rep_f976f2b3,SALES_REP,2026-05-22 20:10:05.601026,{}
evt_68f2171b,quote_d31bb3c9,PRODUCT_ADDED,rep_f976f2b3,SALES_REP,2026-05-22 20:59:05.601026,{}
evt_c6355214,quote_d31bb3c9,DISCOUNT_APPLIED,rep_f976f2b3,SALES_REP,2026-05-22 21:40:05.601026,{}
evt_f9afabfb,quote_d31bb3c9,QUOTE_SENT,rep_f976f2b3,SALES_REP,2026-05-23 10:40:05.601026,{}
evt_587d928f,quote_d31bb3c9,CUSTOMER_VIEWED,rep_f976f2b3,SALES_REP,2026-05-28 10:40:05.601026,{}
evt_4ab6c534,quote_d31bb3c9,REJECTED,rep_f976f2b3,SALES_REP,2026-05-29 10:40:05.601026,{}
evt_d0768da0,quote_9120b7ed,QUOTE_CREATED,rep_d5902688,SALES_REP,2025-11-05 04:10:05.601026,{}
evt_a3296f14,quote_9120b7ed,PRODUCT_ADDED,rep_d5902688,SALES_REP,2025-11-05 05:09:05.601026,{}
evt_e8bbcb24,quote_9120b7ed,DISCOUNT_APPLIED,rep_d5902688,SALES_REP,2025-11-05 05:24:05.601026,{}
evt_33c32a61,quote_9120b7ed,QUOTE_SENT,rep_d5902688,SALES_REP,2025-11-05 07:24:05.601026,{}
evt_88b659c7,quote_9120b7ed,CUSTOMER_VIEWED,rep_d5902688,SALES_REP,2025-11-08 07:24:05.601026,{}
evt_25f9a73c,quote_9120b7ed,ORDER_CONFIRMED,rep_d5902688,SALES_REP,2025-11-12 07:24:05.601026,{}
evt_1359faf9,quote_f82f4c82,QUOTE_CREATED,rep_71ed5975,SALES_REP,2026-01-10 06:10:05.601026,{}
evt_5eccd0d9,quote_f82f4c82,PRODUCT_ADDED,rep_71ed5975,SALES_REP,2026-01-10 07:00:05.601026,{}
evt_6b7d0ed9,quote_f82f4c82,DISCOUNT_APPLIED,rep_71ed5975,SALES_REP,2026-01-10 07:33:05.601026,{}
evt_4fcf16b6,quote_f82f4c82,QUOTE_SENT,rep_71ed5975,SALES_REP,2026-01-11 06:33:05.601026,{}
evt_6cf69cb7,quote_f82f4c82,CUSTOMER_VIEWED,rep_71ed5975,SALES_REP,2026-01-12 06:33:05.601026,{}
evt_3f2482de,quote_f82f4c82,COUNTER_OFFER,rep_71ed5975,SALES_REP,2026-01-13 06:33:05.601026,{}
evt_72f38883,quote_f82f4c82,QUOTE_REVISED,rep_71ed5975,SALES_REP,2026-01-14 06:33:05.601026,{}
evt_0baf46b4,quote_dd94c064,QUOTE_CREATED,rep_d5902688,SALES_REP,2025-09-17 20:10:05.601026,{}
evt_54dc3f79,quote_dd94c064,PRODUCT_ADDED,rep_d5902688,SALES_REP,2025-09-17 21:00:05.601026,{}
evt_0ce70648,quote_dd94c064,DISCOUNT_APPLIED,rep_d5902688,SALES_REP,2025-09-17 21:38:05.601026,{}
evt_2e6fbcf2,quote_dd94c064,QUOTE_SENT,rep_d5902688,SALES_REP,2025-09-18 20:38:05.601026,{}
evt_72ab14cb,quote_dd94c064,CUSTOMER_VIEWED,rep_d5902688,SALES_REP,2025-09-21 20:38:05.601026,{}
evt_0c52753c,quote_dfe35311,QUOTE_CREATED,rep_71ed5975,SALES_REP,2025-09-22 14:10:05.601026,{}
evt_9ca98b36,quote_dfe35311,PRODUCT_ADDED,rep_71ed5975,SALES_REP,2025-09-22 14:19:05.601026,{}
evt_cd2ae4ee,quote_dfe35311,DISCOUNT_APPLIED,rep_71ed5975,SALES_REP,2025-09-22 14:29:05.601026,{}
evt_a1d06832,quote_dfe35311,QUOTE_SENT,rep_71ed5975,SALES_REP,2025-09-22 23:29:05.601026,{}
evt_12444479,quote_dfe35311,CUSTOMER_VIEWED,rep_71ed5975,SALES_REP,2025-09-25 23:29:05.601026,{}
evt_111747c7,quote_dfe35311,ORDER_CONFIRMED,rep_71ed5975,SALES_REP,2025-09-30 23:29:05.601026,{}
evt_5a56fa70,quote_8deb6af3,QUOTE_CREATED,rep_4fd63151,SALES_REP,2026-08-11 12:10:05.601026,{}
evt_ac03e710,quote_8deb6af3,PRODUCT_ADDED,rep_4fd63151,SALES_REP,2026-08-11 12:31:05.601026,{}
evt_1214ea41,quote_8deb6af3,DISCOUNT_APPLIED,rep_4fd63151,SALES_REP,2026-08-11 13:06:05.601026,{}
evt_b6f90840,quote_8deb6af3,QUOTE_SENT,rep_4fd63151,SALES_REP,2026-08-11 16:06:05.601026,{}
evt_e7a15ca0,quote_8deb6af3,CUSTOMER_VIEWED,rep_4fd63151,SALES_REP,2026-08-13 16:06:05.601026,{}
evt_04917eb3,quote_8deb6af3,ORDER_CONFIRMED,rep_4fd63151,SALES_REP,2026-08-14 16:06:05.601026,{}
evt_7eda9b2c,quote_67ed72aa,QUOTE_CREATED,rep_03d99ec4,SALES_REP,2025-09-10 17:10:05.601026,{}
evt_74092222,quote_67ed72aa,PRODUCT_ADDED,rep_03d99ec4,SALES_REP,2025-09-10 17:57:05.601026,{}
evt_1d7cd631,quote_67ed72aa,DISCOUNT_APPLIED,rep_03d99ec4,SALES_REP,2025-09-10 18:19:05.601026,{}
evt_90d07610,quote_67ed72aa,QUOTE_SENT,rep_03d99ec4,SALES_REP,2025-09-11 13:19:05.601026,{}
evt_066ddfa6,quote_67ed72aa,CUSTOMER_VIEWED,rep_03d99ec4,SALES_REP,2025-09-16 13:19:05.601026,{}
evt_58aa33e3,quote_67ed72aa,COUNTER_OFFER,rep_03d99ec4,SALES_REP,2025-09-17 13:19:05.601026,{}
evt_8de89ec8,quote_67ed72aa,QUOTE_REVISED,rep_03d99ec4,SALES_REP,2025-09-19 13:19:05.601026,{}
evt_ddeaa3d5,quote_67ed72aa,ORDER_CONFIRMED,rep_03d99ec4,SALES_REP,2025-09-21 13:19:05.601026,{}
evt_142f99a8,quote_6fcd0eaa,QUOTE_CREATED,rep_26645e7c,SALES_REP,2025-10-25 11:10:05.601026,{}
evt_7a0f7b9b,quote_6fcd0eaa,PRODUCT_ADDED,rep_26645e7c,SALES_REP,2025-10-25 11:24:05.601026,{}
evt_7d97de07,quote_6fcd0eaa,DISCOUNT_APPLIED,rep_26645e7c,SALES_REP,2025-10-25 12:11:05.601026,{}
evt_7cbc64dd,quote_6fcd0eaa,QUOTE_SENT,rep_26645e7c,SALES_REP,2025-10-25 17:11:05.601026,{}
evt_93debc3b,quote_6fcd0eaa,CUSTOMER_VIEWED,rep_26645e7c,SALES_REP,2025-10-30 17:11:05.601026,{}
evt_7946c251,quote_6fcd0eaa,COUNTER_OFFER,rep_26645e7c,SALES_REP,2025-10-31 17:11:05.601026,{}
evt_93d6668a,quote_6fcd0eaa,QUOTE_REVISED,rep_26645e7c,SALES_REP,2025-11-02 17:11:05.601026,{}
evt_92e8eef5,quote_6fcd0eaa,ORDER_CONFIRMED,rep_26645e7c,SALES_REP,2025-11-07 17:11:05.601026,{}
evt_2472cc92,quote_a29b5589,QUOTE_CREATED,rep_b548fdfc,SALES_REP,2025-12-29 14:10:05.601026,{}
evt_c41ce081,quote_a29b5589,PRODUCT_ADDED,rep_b548fdfc,SALES_REP,2025-12-29 15:10:05.601026,{}
evt_11a92533,quote_a29b5589,DISCOUNT_APPLIED,rep_b548fdfc,SALES_REP,2025-12-29 15:35:05.601026,{}
evt_69976b1a,quote_a29b5589,QUOTE_SENT,rep_b548fdfc,SALES_REP,2025-12-30 04:35:05.601026,{}
evt_c36e4275,quote_a29b5589,CUSTOMER_VIEWED,rep_b548fdfc,SALES_REP,2025-12-31 04:35:05.601026,{}
evt_79fb3f7c,quote_a29b5589,COUNTER_OFFER,rep_b548fdfc,SALES_REP,2026-01-03 04:35:05.601026,{}
evt_9b1f1da1,quote_a29b5589,QUOTE_REVISED,rep_b548fdfc,SALES_REP,2026-01-05 04:35:05.601026,{}
evt_bd86472e,quote_a29b5589,ORDER_CONFIRMED,rep_b548fdfc,SALES_REP,2026-01-09 04:35:05.601026,{}
evt_f8199cc6,quote_baaf5e21,QUOTE_CREATED,rep_d5902688,SALES_REP,2026-05-23 19:10:05.601026,{}
evt_8cd7ea1e,quote_baaf5e21,PRODUCT_ADDED,rep_d5902688,SALES_REP,2026-05-23 19:53:05.601026,{}
evt_485858de,quote_baaf5e21,DISCOUNT_APPLIED,rep_d5902688,SALES_REP,2026-05-23 20:31:05.601026,{}
evt_d0bcfa0e,quote_baaf5e21,QUOTE_SENT,rep_d5902688,SALES_REP,2026-05-24 06:31:05.601026,{}
evt_26c1b462,quote_baaf5e21,CUSTOMER_VIEWED,rep_d5902688,SALES_REP,2026-05-28 06:31:05.601026,{}
evt_21d6c9f7,quote_baaf5e21,REJECTED,rep_d5902688,SALES_REP,2026-06-01 06:31:05.601026,{}
evt_2e59d266,quote_d2dd2be0,QUOTE_CREATED,rep_f976f2b3,SALES_REP,2026-04-06 08:10:05.601026,{}
evt_634a2ab8,quote_d2dd2be0,PRODUCT_ADDED,rep_f976f2b3,SALES_REP,2026-04-06 08:56:05.601026,{}
evt_25a3429f,quote_d2dd2be0,DISCOUNT_APPLIED,rep_f976f2b3,SALES_REP,2026-04-06 09:03:05.601026,{}
evt_d93b5586,quote_d2dd2be0,QUOTE_SENT,rep_f976f2b3,SALES_REP,2026-04-06 21:03:05.601026,{}
evt_529d0ba2,quote_d2dd2be0,CUSTOMER_VIEWED,rep_f976f2b3,SALES_REP,2026-04-09 21:03:05.601026,{}
evt_817b502f,quote_d2dd2be0,ORDER_CONFIRMED,rep_f976f2b3,SALES_REP,2026-04-13 21:03:05.601026,{}
evt_aa53c754,quote_21479d12,QUOTE_CREATED,rep_71ed5975,SALES_REP,2026-05-24 21:10:05.601026,{}
evt_81341b0f,quote_21479d12,PRODUCT_ADDED,rep_71ed5975,SALES_REP,2026-05-24 21:50:05.601026,{}
evt_380dd49b,quote_21479d12,DISCOUNT_APPLIED,rep_71ed5975,SALES_REP,2026-05-24 22:38:05.601026,{}
evt_f349d6d3,quote_21479d12,QUOTE_SENT,rep_71ed5975,SALES_REP,2026-05-25 18:38:05.601026,{}
evt_849d7a63,quote_21479d12,CUSTOMER_VIEWED,rep_71ed5975,SALES_REP,2026-05-30 18:38:05.601026,{}
evt_81cf5058,quote_21479d12,ORDER_CONFIRMED,rep_71ed5975,SALES_REP,2026-06-04 18:38:05.601026,{}
evt_3588036c,quote_76a00d6e,QUOTE_CREATED,rep_76071164,SALES_REP,2026-05-28 01:10:05.601026,{}
evt_58faa589,quote_76a00d6e,PRODUCT_ADDED,rep_76071164,SALES_REP,2026-05-28 01:32:05.601026,{}
evt_8d6507e9,quote_76a00d6e,DISCOUNT_APPLIED,rep_76071164,SALES_REP,2026-05-28 02:32:05.601026,{}
evt_c63ed058,quote_76a00d6e,QUOTE_SENT,rep_76071164,SALES_REP,2026-05-28 12:32:05.601026,{}
evt_d5617d75,quote_76a00d6e,CUSTOMER_VIEWED,rep_76071164,SALES_REP,2026-06-02 12:32:05.601026,{}
evt_a62e510f,quote_76a00d6e,REJECTED,rep_76071164,SALES_REP,2026-06-05 12:32:05.601026,{}
evt_115eb136,quote_02d509fa,QUOTE_CREATED,rep_26645e7c,SALES_REP,2026-06-21 12:10:05.601026,{}
evt_806de79d,quote_02d509fa,PRODUCT_ADDED,rep_26645e7c,SALES_REP,2026-06-21 12:53:05.601026,{}
evt_a8ccbf37,quote_02d509fa,DISCOUNT_APPLIED,rep_26645e7c,SALES_REP,2026-06-21 13:25:05.601026,{}
evt_0ba5cedb,quote_02d509fa,QUOTE_SENT,rep_26645e7c,SALES_REP,2026-06-22 11:25:05.601026,{}
evt_a3eb76bd,quote_02d509fa,CUSTOMER_VIEWED,rep_26645e7c,SALES_REP,2026-06-24 11:25:05.601026,{}
evt_832b1787,quote_822074b2,QUOTE_CREATED,rep_e08a1589,SALES_REP,2025-12-12 03:10:05.601026,{}
evt_f4e09094,quote_822074b2,PRODUCT_ADDED,rep_e08a1589,SALES_REP,2025-12-12 03:35:05.601026,{}
evt_32b8b0d3,quote_822074b2,DISCOUNT_APPLIED,rep_e08a1589,SALES_REP,2025-12-12 03:53:05.601026,{}
evt_450844ec,quote_822074b2,QUOTE_SENT,rep_e08a1589,SALES_REP,2025-12-12 18:53:05.601026,{}
evt_020e648a,quote_822074b2,CUSTOMER_VIEWED,rep_e08a1589,SALES_REP,2025-12-17 18:53:05.601026,{}
evt_d110e81e,quote_822074b2,REJECTED,rep_e08a1589,SALES_REP,2025-12-18 18:53:05.601026,{}
evt_899ed3f2,quote_823a5e9a,QUOTE_CREATED,rep_e08a1589,SALES_REP,2026-07-28 13:10:05.601026,{}
evt_4c4d8251,quote_823a5e9a,PRODUCT_ADDED,rep_e08a1589,SALES_REP,2026-07-28 13:40:05.601026,{}
evt_9958aaf5,quote_823a5e9a,DISCOUNT_APPLIED,rep_e08a1589,SALES_REP,2026-07-28 14:15:05.601026,{}
evt_4ab05bcb,quote_823a5e9a,QUOTE_SENT,rep_e08a1589,SALES_REP,2026-07-29 13:15:05.601026,{}
evt_4ee374b8,quote_823a5e9a,CUSTOMER_VIEWED,rep_e08a1589,SALES_REP,2026-08-01 13:15:05.601026,{}
evt_35680faa,quote_823a5e9a,REJECTED,rep_e08a1589,SALES_REP,2026-08-05 13:15:05.601026,{}
evt_5de676d1,quote_6abe532f,QUOTE_CREATED,rep_b548fdfc,SALES_REP,2025-11-18 14:10:05.601026,{}
evt_335c00de,quote_6abe532f,PRODUCT_ADDED,rep_b548fdfc,SALES_REP,2025-11-18 15:07:05.601026,{}
evt_c3ff77a8,quote_6abe532f,DISCOUNT_APPLIED,rep_b548fdfc,SALES_REP,2025-11-18 15:47:05.601026,{}
evt_f531c5dc,quote_6abe532f,QUOTE_SENT,rep_b548fdfc,SALES_REP,2025-11-19 04:47:05.601026,{}
evt_ddb251cb,quote_6abe532f,CUSTOMER_VIEWED,rep_b548fdfc,SALES_REP,2025-11-20 04:47:05.601026,{}
evt_26f41a27,quote_6abe532f,COUNTER_OFFER,rep_b548fdfc,SALES_REP,2025-11-22 04:47:05.601026,{}
evt_40db82dc,quote_6abe532f,QUOTE_REVISED,rep_b548fdfc,SALES_REP,2025-11-24 04:47:05.601026,{}
evt_1354364c,quote_6abe532f,REJECTED,rep_b548fdfc,SALES_REP,2025-11-28 04:47:05.601026,{}
evt_c8028a39,quote_83997731,QUOTE_CREATED,rep_d5902688,SALES_REP,2026-01-24 22:10:05.601026,{}
evt_a1146f7e,quote_83997731,PRODUCT_ADDED,rep_d5902688,SALES_REP,2026-01-24 22:42:05.601026,{}
evt_09818a28,quote_83997731,DISCOUNT_APPLIED,rep_d5902688,SALES_REP,2026-01-24 23:27:05.601026,{}
evt_a6a43d4d,quote_83997731,QUOTE_SENT,rep_d5902688,SALES_REP,2026-01-25 15:27:05.601026,{}
evt_e706a63e,quote_83997731,CUSTOMER_VIEWED,rep_d5902688,SALES_REP,2026-01-30 15:27:05.601026,{}
evt_43e3230f,quote_83997731,COUNTER_OFFER,rep_d5902688,SALES_REP,2026-02-01 15:27:05.601026,{}
evt_8106c99e,quote_83997731,QUOTE_REVISED,rep_d5902688,SALES_REP,2026-02-03 15:27:05.601026,{}
evt_96cf0d6e,quote_83997731,REJECTED,rep_d5902688,SALES_REP,2026-02-06 15:27:05.601026,{}
evt_8ed6a9fc,quote_08cb64a6,QUOTE_CREATED,rep_4fd63151,SALES_REP,2025-12-06 09:10:05.601026,{}
evt_31891b89,quote_08cb64a6,PRODUCT_ADDED,rep_4fd63151,SALES_REP,2025-12-06 10:02:05.601026,{}
evt_944d3b7b,quote_08cb64a6,DISCOUNT_APPLIED,rep_4fd63151,SALES_REP,2025-12-06 10:50:05.601026,{}
evt_2ca5347a,quote_08cb64a6,QUOTE_SENT,rep_4fd63151,SALES_REP,2025-12-07 00:50:05.601026,{}
evt_686e684b,quote_08cb64a6,CUSTOMER_VIEWED,rep_4fd63151,SALES_REP,2025-12-09 00:50:05.601026,{}
evt_173e5b97,quote_08cb64a6,COUNTER_OFFER,rep_4fd63151,SALES_REP,2025-12-12 00:50:05.601026,{}
evt_5f6b8398,quote_08cb64a6,QUOTE_REVISED,rep_4fd63151,SALES_REP,2025-12-13 00:50:05.601026,{}
evt_84e4ac34,quote_08cb64a6,REJECTED,rep_4fd63151,SALES_REP,2025-12-14 00:50:05.601026,{}
evt_b78cf19c,quote_734101a1,QUOTE_CREATED,rep_b548fdfc,SALES_REP,2026-07-22 05:10:05.601026,{}
evt_b2db2913,quote_734101a1,PRODUCT_ADDED,rep_b548fdfc,SALES_REP,2026-07-22 05:29:05.601026,{}
evt_174ecaa7,quote_734101a1,DISCOUNT_APPLIED,rep_b548fdfc,SALES_REP,2026-07-22 06:13:05.601026,{}
evt_a86cf0a0,quote_734101a1,QUOTE_SENT,rep_b548fdfc,SALES_REP,2026-07-23 02:13:05.601026,{}
evt_574a8b3b,quote_734101a1,CUSTOMER_VIEWED,rep_b548fdfc,SALES_REP,2026-07-28 02:13:05.601026,{}
evt_3a639a2f,quote_734101a1,ORDER_CONFIRMED,rep_b548fdfc,SALES_REP,2026-08-02 02:13:05.601026,{}
evt_0b7b74b9,quote_dda88128,QUOTE_CREATED,rep_26645e7c,SALES_REP,2025-12-01 18:10:05.601026,{}
evt_735ba062,quote_dda88128,PRODUCT_ADDED,rep_26645e7c,SALES_REP,2025-12-01 18:21:05.601026,{}
evt_af706769,quote_dda88128,DISCOUNT_APPLIED,rep_26645e7c,SALES_REP,2025-12-01 18:41:05.601026,{}
evt_784f3a8b,quote_dda88128,QUOTE_SENT,rep_26645e7c,SALES_REP,2025-12-02 08:41:05.601026,{}
evt_98cd6162,quote_dda88128,CUSTOMER_VIEWED,rep_26645e7c,SALES_REP,2025-12-04 08:41:05.601026,{}
evt_b7c949e4,quote_dda88128,COUNTER_OFFER,rep_26645e7c,SALES_REP,2025-12-07 08:41:05.601026,{}
evt_63fe2010,quote_dda88128,QUOTE_REVISED,rep_26645e7c,SALES_REP,2025-12-08 08:41:05.601026,{}
evt_5b101c69,quote_dda88128,ORDER_CONFIRMED,rep_26645e7c,SALES_REP,2025-12-10 08:41:05.601026,{}
evt_b48ac32e,quote_c3a0a586,QUOTE_CREATED,rep_d5902688,SALES_REP,2026-07-09 18:10:05.601026,{}
evt_f450f85e,quote_c3a0a586,PRODUCT_ADDED,rep_d5902688,SALES_REP,2026-07-09 18:20:05.601026,{}
evt_174e1a56,quote_c3a0a586,DISCOUNT_APPLIED,rep_d5902688,SALES_REP,2026-07-09 18:51:05.601026,{}
evt_144c0239,quote_c3a0a586,QUOTE_SENT,rep_d5902688,SALES_REP,2026-07-10 17:51:05.601026,{}
evt_b72e545c,quote_c3a0a586,CUSTOMER_VIEWED,rep_d5902688,SALES_REP,2026-07-14 17:51:05.601026,{}
evt_a80eecb6,quote_c3a0a586,ORDER_CONFIRMED,rep_d5902688,SALES_REP,2026-07-20 17:51:05.601026,{}
evt_629c19a3,quote_890640eb,QUOTE_CREATED,rep_71ed5975,SALES_REP,2026-04-16 22:10:05.601026,{}
evt_f3e12c08,quote_890640eb,PRODUCT_ADDED,rep_71ed5975,SALES_REP,2026-04-16 22:28:05.601026,{}
evt_4649f856,quote_890640eb,DISCOUNT_APPLIED,rep_71ed5975,SALES_REP,2026-04-16 22:56:05.601026,{}
evt_66f5186f,quote_890640eb,QUOTE_SENT,rep_71ed5975,SALES_REP,2026-04-17 03:56:05.601026,{}
evt_42d249e4,quote_890640eb,CUSTOMER_VIEWED,rep_71ed5975,SALES_REP,2026-04-18 03:56:05.601026,{}
evt_79be63cc,quote_890640eb,ORDER_CONFIRMED,rep_71ed5975,SALES_REP,2026-04-24 03:56:05.601026,{}
evt_40290c44,quote_1d0dcc9a,QUOTE_CREATED,rep_b548fdfc,SALES_REP,2026-03-31 14:10:05.601026,{}
evt_30aabc66,quote_1d0dcc9a,PRODUCT_ADDED,rep_b548fdfc,SALES_REP,2026-03-31 14:59:05.601026,{}
evt_4116248a,quote_1d0dcc9a,DISCOUNT_APPLIED,rep_b548fdfc,SALES_REP,2026-03-31 15:08:05.601026,{}
evt_0f4610c7,quote_1d0dcc9a,QUOTE_SENT,rep_b548fdfc,SALES_REP,2026-04-01 06:08:05.601026,{}
evt_804f784a,quote_1d0dcc9a,CUSTOMER_VIEWED,rep_b548fdfc,SALES_REP,2026-04-02 06:08:05.601026,{}
evt_e375cc4c,quote_1d0dcc9a,ORDER_CONFIRMED,rep_b548fdfc,SALES_REP,2026-04-05 06:08:05.601026,{}
evt_5a898a6f,quote_f105dacd,QUOTE_CREATED,rep_221b7f39,SALES_REP,2026-04-16 14:10:05.601026,{}
evt_f423af24,quote_f105dacd,PRODUCT_ADDED,rep_221b7f39,SALES_REP,2026-04-16 14:31:05.601026,{}
evt_0a1068ab,quote_f105dacd,DISCOUNT_APPLIED,rep_221b7f39,SALES_REP,2026-04-16 15:06:05.601026,{}
evt_dff89397,quote_f105dacd,QUOTE_SENT,rep_221b7f39,SALES_REP,2026-04-16 21:06:05.601026,{}
evt_e38a2d3f,quote_f105dacd,CUSTOMER_VIEWED,rep_221b7f39,SALES_REP,2026-04-18 21:06:05.601026,{}
evt_f613f5ee,quote_f105dacd,COUNTER_OFFER,rep_221b7f39,SALES_REP,2026-04-21 21:06:05.601026,{}
evt_41c567b6,quote_f105dacd,QUOTE_REVISED,rep_221b7f39,SALES_REP,2026-04-22 21:06:05.601026,{}
evt_296d3abb,quote_f105dacd,REJECTED,rep_221b7f39,SALES_REP,2026-04-29 21:06:05.601026,{}
evt_66dcd590,quote_cd530cfb,QUOTE_CREATED,rep_03d99ec4,SALES_REP,2026-03-10 07:10:05.601026,{}
evt_aa024033,quote_cd530cfb,PRODUCT_ADDED,rep_03d99ec4,SALES_REP,2026-03-10 07:54:05.601026,{}
evt_1fb2cf47,quote_cd530cfb,DISCOUNT_APPLIED,rep_03d99ec4,SALES_REP,2026-03-10 08:43:05.601026,{}
evt_7ebab11a,quote_cd530cfb,QUOTE_SENT,rep_03d99ec4,SALES_REP,2026-03-11 02:43:05.601026,{}
evt_ba8bdbfe,quote_cd530cfb,CUSTOMER_VIEWED,rep_03d99ec4,SALES_REP,2026-03-12 02:43:05.601026,{}
evt_be6746bd,quote_cd530cfb,COUNTER_OFFER,rep_03d99ec4,SALES_REP,2026-03-15 02:43:05.601026,{}
evt_d94b8078,quote_cd530cfb,QUOTE_REVISED,rep_03d99ec4,SALES_REP,2026-03-17 02:43:05.601026,{}
evt_a0dfa4f4,quote_cd530cfb,REJECTED,rep_03d99ec4,SALES_REP,2026-03-21 02:43:05.601026,{}
evt_39a2b6e8,quote_dc88822b,QUOTE_CREATED,rep_e08a1589,SALES_REP,2025-11-16 19:10:05.601026,{}
evt_0af7eba4,quote_dc88822b,PRODUCT_ADDED,rep_e08a1589,SALES_REP,2025-11-16 19:34:05.601026,{}
evt_ec6aea46,quote_dc88822b,DISCOUNT_APPLIED,rep_e08a1589,SALES_REP,2025-11-16 19:49:05.601026,{}
evt_ce634a89,quote_dc88822b,QUOTE_SENT,rep_e08a1589,SALES_REP,2025-11-17 12:49:05.601026,{}
evt_6b37623c,quote_dc88822b,CUSTOMER_VIEWED,rep_e08a1589,SALES_REP,2025-11-18 12:49:05.601026,{}
evt_e42d660e,quote_dc88822b,COUNTER_OFFER,rep_e08a1589,SALES_REP,2025-11-19 12:49:05.601026,{}
evt_f048aefe,quote_dc88822b,QUOTE_REVISED,rep_e08a1589,SALES_REP,2025-11-20 12:49:05.601026,{}
evt_45e81f3e,quote_dc88822b,ORDER_CONFIRMED,rep_e08a1589,SALES_REP,2025-11-25 12:49:05.601026,{}
evt_75679de7,quote_b7f53b32,QUOTE_CREATED,rep_f976f2b3,SALES_REP,2025-12-15 01:10:05.601026,{}
evt_8be0a4cc,quote_b7f53b32,PRODUCT_ADDED,rep_f976f2b3,SALES_REP,2025-12-15 02:07:05.601026,{}
evt_3bf8ca56,quote_b7f53b32,DISCOUNT_APPLIED,rep_f976f2b3,SALES_REP,2025-12-15 03:02:05.601026,{}
evt_0bd09893,quote_b7f53b32,QUOTE_SENT,rep_f976f2b3,SALES_REP,2025-12-15 09:02:05.601026,{}
evt_d81ee358,quote_b7f53b32,CUSTOMER_VIEWED,rep_f976f2b3,SALES_REP,2025-12-20 09:02:05.601026,{}
evt_0c5bdb9c,quote_b7f53b32,COUNTER_OFFER,rep_f976f2b3,SALES_REP,2025-12-22 09:02:05.601026,{}
evt_78059d76,quote_b7f53b32,QUOTE_REVISED,rep_f976f2b3,SALES_REP,2025-12-24 09:02:05.601026,{}
evt_faaa98e4,quote_b7f53b32,REJECTED,rep_f976f2b3,SALES_REP,2025-12-30 09:02:05.601026,{}
evt_a873c34b,quote_07ea48bd,QUOTE_CREATED,rep_4fd63151,SALES_REP,2026-06-05 11:10:05.601026,{}
evt_d767233e,quote_07ea48bd,PRODUCT_ADDED,rep_4fd63151,SALES_REP,2026-06-05 11:25:05.601026,{}
evt_21233521,quote_07ea48bd,DISCOUNT_APPLIED,rep_4fd63151,SALES_REP,2026-06-05 12:19:05.601026,{}
evt_32020737,quote_07ea48bd,QUOTE_SENT,rep_4fd63151,SALES_REP,2026-06-05 21:19:05.601026,{}
evt_0d8d3c49,quote_07ea48bd,CUSTOMER_VIEWED,rep_4fd63151,SALES_REP,2026-06-10 21:19:05.601026,{}
evt_0fdca099,quote_07ea48bd,REJECTED,rep_4fd63151,SALES_REP,2026-06-15 21:19:05.601026,{}
evt_de579c51,quote_e142efa1,QUOTE_CREATED,rep_f976f2b3,SALES_REP,2026-03-25 10:10:05.601026,{}
evt_07aa1011,quote_e142efa1,PRODUCT_ADDED,rep_f976f2b3,SALES_REP,2026-03-25 10:23:05.601026,{}
evt_555f60cf,quote_e142efa1,DISCOUNT_APPLIED,rep_f976f2b3,SALES_REP,2026-03-25 10:43:05.601026,{}
evt_de43c13f,quote_e142efa1,QUOTE_SENT,rep_f976f2b3,SALES_REP,2026-03-26 06:43:05.601026,{}
evt_cb1d323e,quote_e142efa1,CUSTOMER_VIEWED,rep_f976f2b3,SALES_REP,2026-03-29 06:43:05.601026,{}
evt_6ed4487f,quote_e142efa1,ORDER_CONFIRMED,rep_f976f2b3,SALES_REP,2026-04-01 06:43:05.601026,{}
evt_312f6c86,quote_70f94f54,QUOTE_CREATED,rep_26645e7c,SALES_REP,2025-11-27 02:10:05.601026,{}
evt_d376a1aa,quote_70f94f54,PRODUCT_ADDED,rep_26645e7c,SALES_REP,2025-11-27 02:46:05.601026,{}
evt_065e6986,quote_70f94f54,DISCOUNT_APPLIED,rep_26645e7c,SALES_REP,2025-11-27 03:34:05.601026,{}
evt_1be98d27,quote_70f94f54,QUOTE_SENT,rep_26645e7c,SALES_REP,2025-11-27 16:34:05.601026,{}
evt_b37ac24d,quote_70f94f54,CUSTOMER_VIEWED,rep_26645e7c,SALES_REP,2025-12-02 16:34:05.601026,{}
evt_a2a35673,quote_70f94f54,ORDER_CONFIRMED,rep_26645e7c,SALES_REP,2025-12-06 16:34:05.601026,{}
evt_05e34e64,quote_001b89b7,QUOTE_CREATED,rep_e08a1589,SALES_REP,2026-05-31 19:10:05.601026,{}
evt_7a37f2cd,quote_001b89b7,PRODUCT_ADDED,rep_e08a1589,SALES_REP,2026-05-31 19:17:05.601026,{}
evt_86d010ef,quote_001b89b7,DISCOUNT_APPLIED,rep_e08a1589,SALES_REP,2026-05-31 19:35:05.601026,{}
evt_88fba6dc,quote_001b89b7,QUOTE_SENT,rep_e08a1589,SALES_REP,2026-05-31 22:35:05.601026,{}
evt_27befcb9,quote_001b89b7,CUSTOMER_VIEWED,rep_e08a1589,SALES_REP,2026-06-05 22:35:05.601026,{}
evt_f7debe85,quote_001b89b7,ORDER_CONFIRMED,rep_e08a1589,SALES_REP,2026-06-12 22:35:05.601026,{}
evt_0f18422c,quote_2eb9800e,QUOTE_CREATED,rep_e08a1589,SALES_REP,2026-03-15 06:10:05.601026,{}
evt_26b08efb,quote_2eb9800e,PRODUCT_ADDED,rep_e08a1589,SALES_REP,2026-03-15 06:42:05.601026,{}
evt_83b511ea,quote_2eb9800e,DISCOUNT_APPLIED,rep_e08a1589,SALES_REP,2026-03-15 07:36:05.601026,{}
evt_9c67380c,quote_2eb9800e,QUOTE_SENT,rep_e08a1589,SALES_REP,2026-03-16 04:36:05.601026,{}
evt_ccb7f3c8,quote_2eb9800e,CUSTOMER_VIEWED,rep_e08a1589,SALES_REP,2026-03-18 04:36:05.601026,{}
evt_5f17fbfc,quote_2eb9800e,ORDER_CONFIRMED,rep_e08a1589,SALES_REP,2026-03-23 04:36:05.601026,{}
evt_a93ad8c8,quote_3e94eaf7,QUOTE_CREATED,rep_71ed5975,SALES_REP,2026-01-12 21:10:05.601026,{}
evt_d9758240,quote_3e94eaf7,PRODUCT_ADDED,rep_71ed5975,SALES_REP,2026-01-12 21:28:05.601026,{}
evt_21c10ee1,quote_3e94eaf7,DISCOUNT_APPLIED,rep_71ed5975,SALES_REP,2026-01-12 22:02:05.601026,{}
evt_a891f52b,quote_3e94eaf7,QUOTE_SENT,rep_71ed5975,SALES_REP,2026-01-13 03:02:05.601026,{}
evt_e3908192,quote_3e94eaf7,CUSTOMER_VIEWED,rep_71ed5975,SALES_REP,2026-01-17 03:02:05.601026,{}
evt_337e61ff,quote_3e94eaf7,REJECTED,rep_71ed5975,SALES_REP,2026-01-19 03:02:05.601026,{}
evt_27595f9d,quote_a38b3ca6,QUOTE_CREATED,rep_221b7f39,SALES_REP,2026-02-03 17:10:05.601026,{}
evt_aaa935a9,quote_a38b3ca6,PRODUCT_ADDED,rep_221b7f39,SALES_REP,2026-02-03 18:07:05.601026,{}
evt_2dda1339,quote_a38b3ca6,DISCOUNT_APPLIED,rep_221b7f39,SALES_REP,2026-02-03 18:44:05.601026,{}
evt_770d5551,quote_a38b3ca6,QUOTE_SENT,rep_221b7f39,SALES_REP,2026-02-04 12:44:05.601026,{}
evt_a471395e,quote_a38b3ca6,CUSTOMER_VIEWED,rep_221b7f39,SALES_REP,2026-02-08 12:44:05.601026,{}
evt_d2055c8f,quote_a38b3ca6,COUNTER_OFFER,rep_221b7f39,SALES_REP,2026-02-10 12:44:05.601026,{}
evt_d6fc73c0,quote_a38b3ca6,QUOTE_REVISED,rep_221b7f39,SALES_REP,2026-02-11 12:44:05.601026,{}
evt_d0a5f479,quote_a38b3ca6,ORDER_CONFIRMED,rep_221b7f39,SALES_REP,2026-02-14 12:44:05.601026,{}
evt_65b9ab81,quote_ceb56d68,QUOTE_CREATED,rep_221b7f39,SALES_REP,2025-11-19 05:10:05.601026,{}
evt_481a4d27,quote_ceb56d68,PRODUCT_ADDED,rep_221b7f39,SALES_REP,2025-11-19 05:47:05.601026,{}
evt_51469af0,quote_ceb56d68,DISCOUNT_APPLIED,rep_221b7f39,SALES_REP,2025-11-19 06:05:05.601026,{}
evt_242a1255,quote_ceb56d68,QUOTE_SENT,rep_221b7f39,SALES_REP,2025-11-20 03:05:05.601026,{}
evt_be100247,quote_ceb56d68,CUSTOMER_VIEWED,rep_221b7f39,SALES_REP,2025-11-25 03:05:05.601026,{}
evt_2e2f5c4f,quote_ceb56d68,ORDER_CONFIRMED,rep_221b7f39,SALES_REP,2025-11-29 03:05:05.601026,{}
evt_e04bc930,quote_cf02527a,QUOTE_CREATED,rep_b548fdfc,SALES_REP,2026-01-28 17:10:05.601026,{}
evt_ec6ddbb6,quote_cf02527a,PRODUCT_ADDED,rep_b548fdfc,SALES_REP,2026-01-28 17:43:05.601026,{}
evt_07ba59c3,quote_cf02527a,DISCOUNT_APPLIED,rep_b548fdfc,SALES_REP,2026-01-28 18:36:05.601026,{}
evt_b37d3471,quote_cf02527a,QUOTE_SENT,rep_b548fdfc,SALES_REP,2026-01-29 10:36:05.601026,{}
evt_cf724f8f,quote_cf02527a,CUSTOMER_VIEWED,rep_b548fdfc,SALES_REP,2026-02-02 10:36:05.601026,{}
evt_162a4a95,quote_53137752,QUOTE_CREATED,rep_76071164,SALES_REP,2026-06-21 22:10:05.601026,{}
evt_eda14246,quote_53137752,PRODUCT_ADDED,rep_76071164,SALES_REP,2026-06-21 22:40:05.601026,{}
evt_21b834e4,quote_53137752,DISCOUNT_APPLIED,rep_76071164,SALES_REP,2026-06-21 22:59:05.601026,{}
evt_777e0dc8,quote_53137752,QUOTE_SENT,rep_76071164,SALES_REP,2026-06-22 00:59:05.601026,{}
evt_4ce414da,quote_53137752,CUSTOMER_VIEWED,rep_76071164,SALES_REP,2026-06-23 00:59:05.601026,{}
evt_1e5925c6,quote_53137752,ORDER_CONFIRMED,rep_76071164,SALES_REP,2026-06-25 00:59:05.601026,{}
evt_34e87871,quote_803fe3ca,QUOTE_CREATED,rep_76071164,SALES_REP,2026-06-22 14:10:05.601026,{}
evt_28eac573,quote_803fe3ca,PRODUCT_ADDED,rep_76071164,SALES_REP,2026-06-22 14:25:05.601026,{}
evt_260aecbc,quote_803fe3ca,DISCOUNT_APPLIED,rep_76071164,SALES_REP,2026-06-22 15:24:05.601026,{}
evt_949bc0f1,quote_803fe3ca,QUOTE_SENT,rep_76071164,SALES_REP,2026-06-22 17:24:05.601026,{}
evt_c2a19ea8,quote_803fe3ca,CUSTOMER_VIEWED,rep_76071164,SALES_REP,2026-06-25 17:24:05.601026,{}
evt_de1be1d9,quote_803fe3ca,ORDER_CONFIRMED,rep_76071164,SALES_REP,2026-07-02 17:24:05.601026,{}
evt_41c76832,quote_7291de45,QUOTE_CREATED,rep_221b7f39,SALES_REP,2026-08-13 20:10:05.601026,{}
evt_71da02d3,quote_7291de45,PRODUCT_ADDED,rep_221b7f39,SALES_REP,2026-08-13 20:38:05.601026,{}
evt_8e453370,quote_7291de45,DISCOUNT_APPLIED,rep_221b7f39,SALES_REP,2026-08-13 21:37:05.601026,{}
evt_4f87edf9,quote_7291de45,QUOTE_SENT,rep_221b7f39,SALES_REP,2026-08-14 13:37:05.601026,{}
evt_e9d9c0d9,quote_7291de45,CUSTOMER_VIEWED,rep_221b7f39,SALES_REP,2026-08-17 13:37:05.601026,{}
evt_7e674f80,quote_7291de45,REJECTED,rep_221b7f39,SALES_REP,2026-08-22 13:37:05.601026,{}
evt_e1374e5d,quote_581e50d1,QUOTE_CREATED,rep_b548fdfc,SALES_REP,2026-07-26 03:10:05.601026,{}
evt_b22bad74,quote_581e50d1,PRODUCT_ADDED,rep_b548fdfc,SALES_REP,2026-07-26 03:45:05.601026,{}
evt_b9d75a44,quote_581e50d1,DISCOUNT_APPLIED,rep_b548fdfc,SALES_REP,2026-07-26 04:07:05.601026,{}
evt_436c0b75,quote_581e50d1,QUOTE_SENT,rep_b548fdfc,SALES_REP,2026-07-26 15:07:05.601026,{}
evt_0b5928ab,quote_581e50d1,CUSTOMER_VIEWED,rep_b548fdfc,SALES_REP,2026-07-31 15:07:05.601026,{}
evt_8cf2f6e4,quote_581e50d1,ORDER_CONFIRMED,rep_b548fdfc,SALES_REP,2026-08-06 15:07:05.601026,{}
evt_61f9d7d8,quote_2194b569,QUOTE_CREATED,rep_4fd63151,SALES_REP,2026-06-16 13:10:05.601026,{}
evt_3cc34be8,quote_2194b569,PRODUCT_ADDED,rep_4fd63151,SALES_REP,2026-06-16 13:24:05.601026,{}
evt_e04affcc,quote_2194b569,DISCOUNT_APPLIED,rep_4fd63151,SALES_REP,2026-06-16 13:35:05.601026,{}
evt_a54313ae,quote_2194b569,QUOTE_SENT,rep_4fd63151,SALES_REP,2026-06-17 12:35:05.601026,{}
evt_0937bd49,quote_2194b569,CUSTOMER_VIEWED,rep_4fd63151,SALES_REP,2026-06-22 12:35:05.601026,{}
evt_65328272,quote_2194b569,ORDER_CONFIRMED,rep_4fd63151,SALES_REP,2026-06-26 12:35:05.601026,{}
evt_c6f8e973,quote_2e8324ee,QUOTE_CREATED,rep_4fd63151,SALES_REP,2026-07-21 21:10:05.601026,{}
evt_20183127,quote_2e8324ee,PRODUCT_ADDED,rep_4fd63151,SALES_REP,2026-07-21 21:35:05.601026,{}
evt_3d5541f9,quote_2e8324ee,DISCOUNT_APPLIED,rep_4fd63151,SALES_REP,2026-07-21 21:43:05.601026,{}
evt_d57708bb,quote_2e8324ee,QUOTE_SENT,rep_4fd63151,SALES_REP,2026-07-22 11:43:05.601026,{}
evt_789ea3f9,quote_2e8324ee,CUSTOMER_VIEWED,rep_4fd63151,SALES_REP,2026-07-26 11:43:05.601026,{}
evt_765f7b99,quote_2e8324ee,ORDER_CONFIRMED,rep_4fd63151,SALES_REP,2026-07-28 11:43:05.601026,{}
evt_26d7a57a,quote_0a893d9a,QUOTE_CREATED,rep_e08a1589,SALES_REP,2026-01-03 21:10:05.601026,{}
evt_57ba30ea,quote_0a893d9a,PRODUCT_ADDED,rep_e08a1589,SALES_REP,2026-01-03 21:28:05.601026,{}
evt_b0c2d1c1,quote_0a893d9a,DISCOUNT_APPLIED,rep_e08a1589,SALES_REP,2026-01-03 21:58:05.601026,{}
evt_d33e43c2,quote_0a893d9a,QUOTE_SENT,rep_e08a1589,SALES_REP,2026-01-04 11:58:05.601026,{}
evt_aedb32bf,quote_0a893d9a,CUSTOMER_VIEWED,rep_e08a1589,SALES_REP,2026-01-06 11:58:05.601026,{}
evt_38d61f11,quote_0a893d9a,COUNTER_OFFER,rep_e08a1589,SALES_REP,2026-01-09 11:58:05.601026,{}
evt_97f4c8c5,quote_0a893d9a,QUOTE_REVISED,rep_e08a1589,SALES_REP,2026-01-10 11:58:05.601026,{}
evt_9a5040e9,quote_0a893d9a,ORDER_CONFIRMED,rep_e08a1589,SALES_REP,2026-01-13 11:58:05.601026,{}
evt_97ed7b6f,quote_f3264bd6,QUOTE_CREATED,rep_221b7f39,SALES_REP,2025-10-18 05:10:05.601026,{}
evt_0a35dc58,quote_f3264bd6,PRODUCT_ADDED,rep_221b7f39,SALES_REP,2025-10-18 06:05:05.601026,{}
evt_3dac72c9,quote_f3264bd6,DISCOUNT_APPLIED,rep_221b7f39,SALES_REP,2025-10-18 07:01:05.601026,{}
evt_8dacf5e4,quote_f3264bd6,QUOTE_SENT,rep_221b7f39,SALES_REP,2025-10-19 06:01:05.601026,{}
evt_160366d7,quote_f3264bd6,CUSTOMER_VIEWED,rep_221b7f39,SALES_REP,2025-10-21 06:01:05.601026,{}
evt_537a9da9,quote_f3264bd6,APPROVAL_REQUESTED,rep_221b7f39,SALES_REP,2025-10-21 07:01:05.601026,{}
evt_15e23c02,quote_f3264bd6,REJECTED,rep_221b7f39,SALES_REP,2025-10-25 07:01:05.601026,{}
evt_250a2261,quote_f3264bd6,REJECTED,rep_221b7f39,SALES_REP,2025-10-27 07:01:05.601026,{}
evt_24afcab5,quote_b2f6c6d0,QUOTE_CREATED,rep_4fd63151,SALES_REP,2026-02-01 17:10:05.601026,{}
evt_23159da3,quote_b2f6c6d0,PRODUCT_ADDED,rep_4fd63151,SALES_REP,2026-02-01 17:51:05.601026,{}
evt_f6aa6976,quote_b2f6c6d0,DISCOUNT_APPLIED,rep_4fd63151,SALES_REP,2026-02-01 18:01:05.601026,{}
evt_90519ecd,quote_b2f6c6d0,QUOTE_SENT,rep_4fd63151,SALES_REP,2026-02-01 20:01:05.601026,{}
evt_dbdea0c2,quote_b2f6c6d0,CUSTOMER_VIEWED,rep_4fd63151,SALES_REP,2026-02-03 20:01:05.601026,{}
evt_4a9fca97,quote_52def8d2,QUOTE_CREATED,rep_f976f2b3,SALES_REP,2026-06-30 08:10:05.601026,{}
evt_48c2698c,quote_52def8d2,PRODUCT_ADDED,rep_f976f2b3,SALES_REP,2026-06-30 08:46:05.601026,{}
evt_77050c05,quote_52def8d2,DISCOUNT_APPLIED,rep_f976f2b3,SALES_REP,2026-06-30 08:57:05.601026,{}
evt_a6d6c870,quote_52def8d2,QUOTE_SENT,rep_f976f2b3,SALES_REP,2026-06-30 17:57:05.601026,{}
evt_cc4ec6a2,quote_52def8d2,CUSTOMER_VIEWED,rep_f976f2b3,SALES_REP,2026-07-05 17:57:05.601026,{}
evt_daad80eb,quote_52def8d2,COUNTER_OFFER,rep_f976f2b3,SALES_REP,2026-07-08 17:57:05.601026,{}
evt_75ed05df,quote_52def8d2,QUOTE_REVISED,rep_f976f2b3,SALES_REP,2026-07-09 17:57:05.601026,{}
evt_a816aebf,quote_52def8d2,REJECTED,rep_f976f2b3,SALES_REP,2026-07-16 17:57:05.601026,{}
evt_204eaebc,quote_503d4192,QUOTE_CREATED,rep_e08a1589,SALES_REP,2025-11-14 08:10:05.601026,{}
evt_2b53f15b,quote_503d4192,PRODUCT_ADDED,rep_e08a1589,SALES_REP,2025-11-14 09:04:05.601026,{}
evt_ab31bb87,quote_503d4192,DISCOUNT_APPLIED,rep_e08a1589,SALES_REP,2025-11-14 09:53:05.601026,{}
evt_215f8313,quote_503d4192,QUOTE_SENT,rep_e08a1589,SALES_REP,2025-11-15 02:53:05.601026,{}
evt_08cb8b70,quote_503d4192,CUSTOMER_VIEWED,rep_e08a1589,SALES_REP,2025-11-16 02:53:05.601026,{}
evt_d1710827,quote_503d4192,REJECTED,rep_e08a1589,SALES_REP,2025-11-18 02:53:05.601026,{}
evt_c75c9e71,quote_37366718,QUOTE_CREATED,rep_e08a1589,SALES_REP,2025-09-21 18:10:05.601026,{}
evt_9770829a,quote_37366718,PRODUCT_ADDED,rep_e08a1589,SALES_REP,2025-09-21 18:45:05.601026,{}
evt_38dacb70,quote_37366718,DISCOUNT_APPLIED,rep_e08a1589,SALES_REP,2025-09-21 19:41:05.601026,{}
evt_3e9a1bdf,quote_37366718,QUOTE_SENT,rep_e08a1589,SALES_REP,2025-09-22 10:41:05.601026,{}
evt_a2ddce73,quote_37366718,CUSTOMER_VIEWED,rep_e08a1589,SALES_REP,2025-09-25 10:41:05.601026,{}
evt_0db70bc0,quote_37366718,ORDER_CONFIRMED,rep_e08a1589,SALES_REP,2025-09-28 10:41:05.601026,{}
evt_4627023a,quote_41b4577f,QUOTE_CREATED,rep_b548fdfc,SALES_REP,2025-12-21 13:10:05.601026,{}
evt_6d5920dc,quote_41b4577f,PRODUCT_ADDED,rep_b548fdfc,SALES_REP,2025-12-21 13:20:05.601026,{}
evt_6340e78c,quote_41b4577f,DISCOUNT_APPLIED,rep_b548fdfc,SALES_REP,2025-12-21 13:28:05.601026,{}
evt_b401aa69,quote_41b4577f,QUOTE_SENT,rep_b548fdfc,SALES_REP,2025-12-22 08:28:05.601026,{}
evt_3e95145d,quote_41b4577f,CUSTOMER_VIEWED,rep_b548fdfc,SALES_REP,2025-12-23 08:28:05.601026,{}
evt_2d78b7b6,quote_41b4577f,COUNTER_OFFER,rep_b548fdfc,SALES_REP,2025-12-25 08:28:05.601026,{}
evt_a4e397c8,quote_41b4577f,QUOTE_REVISED,rep_b548fdfc,SALES_REP,2025-12-26 08:28:05.601026,{}
evt_47d9b396,quote_41b4577f,ORDER_CONFIRMED,rep_b548fdfc,SALES_REP,2025-12-28 08:28:05.601026,{}
evt_225f5a0c,quote_f9606019,QUOTE_CREATED,rep_26645e7c,SALES_REP,2026-05-09 19:10:05.601026,{}
evt_60a1ddac,quote_f9606019,PRODUCT_ADDED,rep_26645e7c,SALES_REP,2026-05-09 19:52:05.601026,{}
evt_97977f51,quote_f9606019,DISCOUNT_APPLIED,rep_26645e7c,SALES_REP,2026-05-09 20:16:05.601026,{}
evt_87a99cca,quote_f9606019,QUOTE_SENT,rep_26645e7c,SALES_REP,2026-05-10 19:16:05.601026,{}
evt_5cc5cd55,quote_f9606019,CUSTOMER_VIEWED,rep_26645e7c,SALES_REP,2026-05-12 19:16:05.601026,{}
evt_a515c43c,quote_f9606019,ORDER_CONFIRMED,rep_26645e7c,SALES_REP,2026-05-18 19:16:05.601026,{}
evt_2e61b4cd,quote_05831cf9,QUOTE_CREATED,rep_f976f2b3,SALES_REP,2025-09-21 14:10:05.601026,{}
evt_e14fa637,quote_05831cf9,PRODUCT_ADDED,rep_f976f2b3,SALES_REP,2025-09-21 14:40:05.601026,{}
evt_dc353f83,quote_05831cf9,DISCOUNT_APPLIED,rep_f976f2b3,SALES_REP,2025-09-21 15:35:05.601026,{}
evt_7f617628,quote_05831cf9,QUOTE_SENT,rep_f976f2b3,SALES_REP,2025-09-22 14:35:05.601026,{}
evt_b6d58a9c,quote_05831cf9,CUSTOMER_VIEWED,rep_f976f2b3,SALES_REP,2025-09-25 14:35:05.601026,{}
evt_851b7150,quote_05831cf9,ORDER_CONFIRMED,rep_f976f2b3,SALES_REP,2025-10-02 14:35:05.601026,{}
evt_5e285f2d,quote_dde6514e,QUOTE_CREATED,rep_4fd63151,SALES_REP,2026-01-11 19:10:05.601026,{}
evt_5c3f06d8,quote_dde6514e,PRODUCT_ADDED,rep_4fd63151,SALES_REP,2026-01-11 19:23:05.601026,{}
evt_65cddc70,quote_dde6514e,DISCOUNT_APPLIED,rep_4fd63151,SALES_REP,2026-01-11 19:43:05.601026,{}
evt_d350c1b3,quote_dde6514e,QUOTE_SENT,rep_4fd63151,SALES_REP,2026-01-12 12:43:05.601026,{}
evt_bc430e78,quote_dde6514e,CUSTOMER_VIEWED,rep_4fd63151,SALES_REP,2026-01-17 12:43:05.601026,{}
evt_42188e30,quote_dde6514e,ORDER_CONFIRMED,rep_4fd63151,SALES_REP,2026-01-20 12:43:05.601026,{}
evt_39079359,quote_2aeb4b29,QUOTE_CREATED,rep_b548fdfc,SALES_REP,2026-07-16 17:10:05.601026,{}
evt_e88c55c9,quote_2aeb4b29,PRODUCT_ADDED,rep_b548fdfc,SALES_REP,2026-07-16 17:58:05.601026,{}
evt_6a128016,quote_2aeb4b29,DISCOUNT_APPLIED,rep_b548fdfc,SALES_REP,2026-07-16 18:45:05.601026,{}
evt_50722afa,quote_2aeb4b29,QUOTE_SENT,rep_b548fdfc,SALES_REP,2026-07-17 18:45:05.601026,{}
evt_e58a68be,quote_2aeb4b29,CUSTOMER_VIEWED,rep_b548fdfc,SALES_REP,2026-07-22 18:45:05.601026,{}
evt_cff371e3,quote_2aeb4b29,COUNTER_OFFER,rep_b548fdfc,SALES_REP,2026-07-24 18:45:05.601026,{}
evt_5ac4474e,quote_2aeb4b29,QUOTE_REVISED,rep_b548fdfc,SALES_REP,2026-07-25 18:45:05.601026,{}
evt_14aeb8ce,quote_10488cf1,QUOTE_CREATED,rep_f976f2b3,SALES_REP,2026-04-26 05:10:05.601026,{}
evt_b56343d9,quote_10488cf1,PRODUCT_ADDED,rep_f976f2b3,SALES_REP,2026-04-26 05:52:05.601026,{}
evt_a1be8c41,quote_10488cf1,DISCOUNT_APPLIED,rep_f976f2b3,SALES_REP,2026-04-26 06:37:05.601026,{}
evt_f72e583b,quote_10488cf1,QUOTE_SENT,rep_f976f2b3,SALES_REP,2026-04-26 09:37:05.601026,{}
evt_d23b5587,quote_10488cf1,CUSTOMER_VIEWED,rep_f976f2b3,SALES_REP,2026-04-30 09:37:05.601026,{}
evt_f599a9cf,quote_10488cf1,REJECTED,rep_f976f2b3,SALES_REP,2026-05-04 09:37:05.601026,{}
evt_e37264c8,quote_b5f7de36,QUOTE_CREATED,rep_d5902688,SALES_REP,2026-06-24 13:10:05.601026,{}
evt_d033ccd3,quote_b5f7de36,PRODUCT_ADDED,rep_d5902688,SALES_REP,2026-06-24 13:31:05.601026,{}
evt_7cf059ca,quote_b5f7de36,DISCOUNT_APPLIED,rep_d5902688,SALES_REP,2026-06-24 13:55:05.601026,{}
evt_e39423af,quote_b5f7de36,QUOTE_SENT,rep_d5902688,SALES_REP,2026-06-25 10:55:05.601026,{}
evt_60bb60fa,quote_b5f7de36,CUSTOMER_VIEWED,rep_d5902688,SALES_REP,2026-06-26 10:55:05.601026,{}
evt_02cc13a9,quote_b5f7de36,ORDER_CONFIRMED,rep_d5902688,SALES_REP,2026-07-02 10:55:05.601026,{}
evt_3dffd16c,quote_cece5b0e,QUOTE_CREATED,rep_26645e7c,SALES_REP,2026-04-23 13:10:05.601026,{}
evt_365ba547,quote_cece5b0e,PRODUCT_ADDED,rep_26645e7c,SALES_REP,2026-04-23 14:06:05.601026,{}
evt_b294a67a,quote_cece5b0e,DISCOUNT_APPLIED,rep_26645e7c,SALES_REP,2026-04-23 15:02:05.601026,{}
evt_71ce55d2,quote_cece5b0e,QUOTE_SENT,rep_26645e7c,SALES_REP,2026-04-24 00:02:05.601026,{}
evt_4e5e816b,quote_cece5b0e,CUSTOMER_VIEWED,rep_26645e7c,SALES_REP,2026-04-29 00:02:05.601026,{}
evt_edbb2c8d,quote_dd1ff898,QUOTE_CREATED,rep_f976f2b3,SALES_REP,2026-05-20 05:10:05.601026,{}
evt_a9f65b63,quote_dd1ff898,PRODUCT_ADDED,rep_f976f2b3,SALES_REP,2026-05-20 05:28:05.601026,{}
evt_a0a8816c,quote_dd1ff898,DISCOUNT_APPLIED,rep_f976f2b3,SALES_REP,2026-05-20 06:07:05.601026,{}
evt_7ebc8fa2,quote_dd1ff898,QUOTE_SENT,rep_f976f2b3,SALES_REP,2026-05-21 04:07:05.601026,{}
evt_3571df4d,quote_dd1ff898,CUSTOMER_VIEWED,rep_f976f2b3,SALES_REP,2026-05-26 04:07:05.601026,{}
evt_25aaf2e2,quote_dd1ff898,COUNTER_OFFER,rep_f976f2b3,SALES_REP,2026-05-27 04:07:05.601026,{}
evt_2cdb7acc,quote_dd1ff898,QUOTE_REVISED,rep_f976f2b3,SALES_REP,2026-05-28 04:07:05.601026,{}
evt_794460b9,quote_dd1ff898,ORDER_CONFIRMED,rep_f976f2b3,SALES_REP,2026-06-01 04:07:05.601026,{}
evt_c4fb666f,quote_b5484de0,QUOTE_CREATED,rep_03d99ec4,SALES_REP,2025-10-15 16:10:05.601026,{}
evt_f297a60a,quote_b5484de0,PRODUCT_ADDED,rep_03d99ec4,SALES_REP,2025-10-15 16:23:05.601026,{}
evt_b01729ea,quote_b5484de0,DISCOUNT_APPLIED,rep_03d99ec4,SALES_REP,2025-10-15 17:15:05.601026,{}
evt_4b572a62,quote_b5484de0,QUOTE_SENT,rep_03d99ec4,SALES_REP,2025-10-16 17:15:05.601026,{}
evt_77d96bf4,quote_b5484de0,CUSTOMER_VIEWED,rep_03d99ec4,SALES_REP,2025-10-19 17:15:05.601026,{}
evt_e46e3410,quote_b5484de0,COUNTER_OFFER,rep_03d99ec4,SALES_REP,2025-10-21 17:15:05.601026,{}
evt_b7a27bc9,quote_b5484de0,QUOTE_REVISED,rep_03d99ec4,SALES_REP,2025-10-23 17:15:05.601026,{}
evt_673003be,quote_b5484de0,ORDER_CONFIRMED,rep_03d99ec4,SALES_REP,2025-10-27 17:15:05.601026,{}
evt_3d0eed09,quote_6484b267,QUOTE_CREATED,rep_e08a1589,SALES_REP,2026-02-10 23:10:05.601026,{}
evt_b90fbd54,quote_6484b267,PRODUCT_ADDED,rep_e08a1589,SALES_REP,2026-02-10 23:15:05.601026,{}
evt_e374e17b,quote_6484b267,DISCOUNT_APPLIED,rep_e08a1589,SALES_REP,2026-02-10 23:35:05.601026,{}
evt_6a5cf23e,quote_6484b267,QUOTE_SENT,rep_e08a1589,SALES_REP,2026-02-11 02:35:05.601026,{}
evt_d35c7bec,quote_6484b267,CUSTOMER_VIEWED,rep_e08a1589,SALES_REP,2026-02-14 02:35:05.601026,{}
evt_142afadb,quote_6484b267,ORDER_CONFIRMED,rep_e08a1589,SALES_REP,2026-02-15 02:35:05.601026,{}
evt_5f7789ca,quote_e74e6a62,QUOTE_CREATED,rep_221b7f39,SALES_REP,2026-05-10 03:10:05.601026,{}
evt_8084d47c,quote_e74e6a62,PRODUCT_ADDED,rep_221b7f39,SALES_REP,2026-05-10 03:20:05.601026,{}
evt_08aecd3c,quote_e74e6a62,DISCOUNT_APPLIED,rep_221b7f39,SALES_REP,2026-05-10 03:47:05.601026,{}
evt_dcd24aa0,quote_e74e6a62,QUOTE_SENT,rep_221b7f39,SALES_REP,2026-05-10 09:47:05.601026,{}
evt_a78fb787,quote_e74e6a62,CUSTOMER_VIEWED,rep_221b7f39,SALES_REP,2026-05-14 09:47:05.601026,{}
evt_b852de64,quote_8fb06c94,QUOTE_CREATED,rep_f976f2b3,SALES_REP,2026-07-19 08:10:05.601026,{}
evt_2494b007,quote_8fb06c94,PRODUCT_ADDED,rep_f976f2b3,SALES_REP,2026-07-19 08:25:05.601026,{}
evt_6fa98a2d,quote_8fb06c94,DISCOUNT_APPLIED,rep_f976f2b3,SALES_REP,2026-07-19 09:03:05.601026,{}
evt_d5bb5ce4,quote_8fb06c94,QUOTE_SENT,rep_f976f2b3,SALES_REP,2026-07-20 08:03:05.601026,{}
evt_f91d6c2a,quote_8fb06c94,CUSTOMER_VIEWED,rep_f976f2b3,SALES_REP,2026-07-25 08:03:05.601026,{}
evt_b8e9f9f0,quote_8fb06c94,COUNTER_OFFER,rep_f976f2b3,SALES_REP,2026-07-28 08:03:05.601026,{}
evt_fc4a73c1,quote_8fb06c94,QUOTE_REVISED,rep_f976f2b3,SALES_REP,2026-07-30 08:03:05.601026,{}
evt_3a05372e,quote_8fb06c94,ORDER_CONFIRMED,rep_f976f2b3,SALES_REP,2026-07-31 08:03:05.601026,{}
evt_83e7883f,quote_075518cb,QUOTE_CREATED,rep_03d99ec4,SALES_REP,2025-12-22 11:10:05.601026,{}
evt_fcf03a14,quote_075518cb,PRODUCT_ADDED,rep_03d99ec4,SALES_REP,2025-12-22 11:57:05.601026,{}
evt_5711c6f9,quote_075518cb,DISCOUNT_APPLIED,rep_03d99ec4,SALES_REP,2025-12-22 12:51:05.601026,{}
evt_5d522116,quote_075518cb,QUOTE_SENT,rep_03d99ec4,SALES_REP,2025-12-23 04:51:05.601026,{}
evt_fd4b1eb4,quote_075518cb,CUSTOMER_VIEWED,rep_03d99ec4,SALES_REP,2025-12-28 04:51:05.601026,{}
evt_a4b30ef1,quote_075518cb,ORDER_CONFIRMED,rep_03d99ec4,SALES_REP,2026-01-01 04:51:05.601026,{}
evt_4b5aaf48,quote_de98fcae,QUOTE_CREATED,rep_26645e7c,SALES_REP,2025-09-07 00:10:05.601026,{}
evt_520ce923,quote_de98fcae,PRODUCT_ADDED,rep_26645e7c,SALES_REP,2025-09-07 00:36:05.601026,{}
evt_5ee5a6a9,quote_de98fcae,DISCOUNT_APPLIED,rep_26645e7c,SALES_REP,2025-09-07 01:07:05.601026,{}
evt_3c096400,quote_de98fcae,QUOTE_SENT,rep_26645e7c,SALES_REP,2025-09-08 01:07:05.601026,{}
evt_7c93341e,quote_de98fcae,CUSTOMER_VIEWED,rep_26645e7c,SALES_REP,2025-09-09 01:07:05.601026,{}
evt_3872234f,quote_de98fcae,REJECTED,rep_26645e7c,SALES_REP,2025-09-16 01:07:05.601026,{}
evt_d40e4048,quote_3ca14b4a,QUOTE_CREATED,rep_221b7f39,SALES_REP,2025-11-12 09:10:05.601026,{}
evt_d31b2bba,quote_3ca14b4a,PRODUCT_ADDED,rep_221b7f39,SALES_REP,2025-11-12 09:23:05.601026,{}
evt_393ca444,quote_3ca14b4a,DISCOUNT_APPLIED,rep_221b7f39,SALES_REP,2025-11-12 09:58:05.601026,{}
evt_2e874309,quote_3ca14b4a,QUOTE_SENT,rep_221b7f39,SALES_REP,2025-11-13 01:58:05.601026,{}
evt_55bd6bd3,quote_3ca14b4a,CUSTOMER_VIEWED,rep_221b7f39,SALES_REP,2025-11-18 01:58:05.601026,{}
evt_36c27169,quote_3ca14b4a,REJECTED,rep_221b7f39,SALES_REP,2025-11-24 01:58:05.601026,{}
evt_8eae1560,quote_552d6ffc,QUOTE_CREATED,rep_b548fdfc,SALES_REP,2025-11-06 01:10:05.601026,{}
evt_b4a65c96,quote_552d6ffc,PRODUCT_ADDED,rep_b548fdfc,SALES_REP,2025-11-06 01:17:05.601026,{}
evt_5ab6f23a,quote_552d6ffc,DISCOUNT_APPLIED,rep_b548fdfc,SALES_REP,2025-11-06 02:16:05.601026,{}
evt_cdbad9ef,quote_552d6ffc,QUOTE_SENT,rep_b548fdfc,SALES_REP,2025-11-06 06:16:05.601026,{}
evt_cfe8b100,quote_552d6ffc,CUSTOMER_VIEWED,rep_b548fdfc,SALES_REP,2025-11-07 06:16:05.601026,{}
evt_22fa7233,quote_552d6ffc,REJECTED,rep_b548fdfc,SALES_REP,2025-11-13 06:16:05.601026,{}
evt_02f4d609,quote_e8a5129d,QUOTE_CREATED,rep_e08a1589,SALES_REP,2026-03-18 10:10:05.601026,{}
evt_c00dfc85,quote_e8a5129d,PRODUCT_ADDED,rep_e08a1589,SALES_REP,2026-03-18 10:38:05.601026,{}
evt_0cd4b551,quote_e8a5129d,DISCOUNT_APPLIED,rep_e08a1589,SALES_REP,2026-03-18 10:47:05.601026,{}
evt_1c42750c,quote_e8a5129d,QUOTE_SENT,rep_e08a1589,SALES_REP,2026-03-19 02:47:05.601026,{}
evt_d0f8e9b3,quote_e8a5129d,CUSTOMER_VIEWED,rep_e08a1589,SALES_REP,2026-03-22 02:47:05.601026,{}
evt_15da03fe,quote_e8a5129d,ORDER_CONFIRMED,rep_e08a1589,SALES_REP,2026-03-26 02:47:05.601026,{}
evt_35060209,quote_e7088921,QUOTE_CREATED,rep_221b7f39,SALES_REP,2025-11-14 22:10:05.601026,{}
evt_a0cfd59e,quote_e7088921,PRODUCT_ADDED,rep_221b7f39,SALES_REP,2025-11-14 23:06:05.601026,{}
evt_397d5d21,quote_e7088921,DISCOUNT_APPLIED,rep_221b7f39,SALES_REP,2025-11-14 23:16:05.601026,{}
evt_30ea34d1,quote_e7088921,QUOTE_SENT,rep_221b7f39,SALES_REP,2025-11-15 07:16:05.601026,{}
evt_90302d3b,quote_e7088921,CUSTOMER_VIEWED,rep_221b7f39,SALES_REP,2025-11-16 07:16:05.601026,{}
evt_386e8962,quote_e7088921,COUNTER_OFFER,rep_221b7f39,SALES_REP,2025-11-19 07:16:05.601026,{}
evt_c899b3d2,quote_e7088921,QUOTE_REVISED,rep_221b7f39,SALES_REP,2025-11-20 07:16:05.601026,{}
evt_0260a282,quote_e7088921,REJECTED,rep_221b7f39,SALES_REP,2025-11-27 07:16:05.601026,{}
evt_f35a0879,quote_f3d7bc75,QUOTE_CREATED,rep_76071164,SALES_REP,2026-06-28 04:10:05.601026,{}
evt_6175003c,quote_f3d7bc75,PRODUCT_ADDED,rep_76071164,SALES_REP,2026-06-28 04:40:05.601026,{}
evt_c75d3a07,quote_f3d7bc75,DISCOUNT_APPLIED,rep_76071164,SALES_REP,2026-06-28 05:33:05.601026,{}
evt_6262d7ff,quote_f3d7bc75,QUOTE_SENT,rep_76071164,SALES_REP,2026-06-28 07:33:05.601026,{}
evt_5b85ff14,quote_f3d7bc75,CUSTOMER_VIEWED,rep_76071164,SALES_REP,2026-07-01 07:33:05.601026,{}
evt_ee0f0741,quote_f3d7bc75,ORDER_CONFIRMED,rep_76071164,SALES_REP,2026-07-05 07:33:05.601026,{}
evt_0337dd7a,quote_81c6f1db,QUOTE_CREATED,rep_221b7f39,SALES_REP,2026-07-03 06:10:05.601026,{}
evt_42be38b8,quote_81c6f1db,PRODUCT_ADDED,rep_221b7f39,SALES_REP,2026-07-03 07:06:05.601026,{}
evt_9ee9db00,quote_81c6f1db,DISCOUNT_APPLIED,rep_221b7f39,SALES_REP,2026-07-03 07:34:05.601026,{}
evt_6dd436da,quote_81c6f1db,QUOTE_SENT,rep_221b7f39,SALES_REP,2026-07-03 20:34:05.601026,{}
evt_ebe1a85e,quote_81c6f1db,CUSTOMER_VIEWED,rep_221b7f39,SALES_REP,2026-07-08 20:34:05.601026,{}
evt_0a10bff6,quote_81c6f1db,COUNTER_OFFER,rep_221b7f39,SALES_REP,2026-07-09 20:34:05.601026,{}
evt_55fcb515,quote_81c6f1db,QUOTE_REVISED,rep_221b7f39,SALES_REP,2026-07-10 20:34:05.601026,{}
evt_10c611d1,quote_81c6f1db,ORDER_CONFIRMED,rep_221b7f39,SALES_REP,2026-07-11 20:34:05.601026,{}
evt_31eb3cb1,quote_bfee9e4e,QUOTE_CREATED,rep_f976f2b3,SALES_REP,2026-05-03 12:10:05.601026,{}
evt_563a106e,quote_bfee9e4e,PRODUCT_ADDED,rep_f976f2b3,SALES_REP,2026-05-03 13:07:05.601026,{}
evt_44219710,quote_bfee9e4e,DISCOUNT_APPLIED,rep_f976f2b3,SALES_REP,2026-05-03 14:07:05.601026,{}
evt_6076685f,quote_bfee9e4e,QUOTE_SENT,rep_f976f2b3,SALES_REP,2026-05-04 12:07:05.601026,{}
evt_2615607b,quote_bfee9e4e,CUSTOMER_VIEWED,rep_f976f2b3,SALES_REP,2026-05-09 12:07:05.601026,{}
evt_ce54bc5b,quote_bfee9e4e,COUNTER_OFFER,rep_f976f2b3,SALES_REP,2026-05-11 12:07:05.601026,{}
evt_ea19242a,quote_bfee9e4e,QUOTE_REVISED,rep_f976f2b3,SALES_REP,2026-05-12 12:07:05.601026,{}
evt_aec1d9a5,quote_bfee9e4e,ORDER_CONFIRMED,rep_f976f2b3,SALES_REP,2026-05-18 12:07:05.601026,{}
evt_9c3c355b,quote_d4bec15a,QUOTE_CREATED,rep_26645e7c,SALES_REP,2025-10-05 19:10:05.601026,{}
evt_0a9c9392,quote_d4bec15a,PRODUCT_ADDED,rep_26645e7c,SALES_REP,2025-10-05 20:07:05.601026,{}
evt_4bd26df4,quote_d4bec15a,DISCOUNT_APPLIED,rep_26645e7c,SALES_REP,2025-10-05 20:45:05.601026,{}
evt_462fc109,quote_d4bec15a,QUOTE_SENT,rep_26645e7c,SALES_REP,2025-10-06 06:45:05.601026,{}
evt_5f7b5c19,quote_d4bec15a,CUSTOMER_VIEWED,rep_26645e7c,SALES_REP,2025-10-09 06:45:05.601026,{}
evt_5c8570d0,quote_d4bec15a,COUNTER_OFFER,rep_26645e7c,SALES_REP,2025-10-12 06:45:05.601026,{}
evt_659a36ed,quote_d4bec15a,QUOTE_REVISED,rep_26645e7c,SALES_REP,2025-10-14 06:45:05.601026,{}
evt_6bbbe223,quote_87c59eef,QUOTE_CREATED,rep_e08a1589,SALES_REP,2026-01-11 01:10:05.601026,{}
evt_7f28cd9d,quote_87c59eef,PRODUCT_ADDED,rep_e08a1589,SALES_REP,2026-01-11 01:56:05.601026,{}
evt_66abc3f0,quote_87c59eef,DISCOUNT_APPLIED,rep_e08a1589,SALES_REP,2026-01-11 02:39:05.601026,{}
evt_0a44a7df,quote_87c59eef,QUOTE_SENT,rep_e08a1589,SALES_REP,2026-01-11 18:39:05.601026,{}
evt_db0f2c56,quote_87c59eef,CUSTOMER_VIEWED,rep_e08a1589,SALES_REP,2026-01-12 18:39:05.601026,{}
evt_06f4114b,quote_87c59eef,REJECTED,rep_e08a1589,SALES_REP,2026-01-16 18:39:05.601026,{}
evt_87db2052,quote_fe26374b,QUOTE_CREATED,rep_26645e7c,SALES_REP,2026-01-13 04:10:05.601026,{}
evt_83559d5b,quote_fe26374b,PRODUCT_ADDED,rep_26645e7c,SALES_REP,2026-01-13 04:57:05.601026,{}
evt_519c5f45,quote_fe26374b,DISCOUNT_APPLIED,rep_26645e7c,SALES_REP,2026-01-13 05:17:05.601026,{}
evt_2b18dde1,quote_fe26374b,QUOTE_SENT,rep_26645e7c,SALES_REP,2026-01-13 10:17:05.601026,{}
evt_188cf2b7,quote_fe26374b,CUSTOMER_VIEWED,rep_26645e7c,SALES_REP,2026-01-14 10:17:05.601026,{}
evt_9d4683cc,quote_fe26374b,COUNTER_OFFER,rep_26645e7c,SALES_REP,2026-01-15 10:17:05.601026,{}
evt_3dd343eb,quote_fe26374b,QUOTE_REVISED,rep_26645e7c,SALES_REP,2026-01-16 10:17:05.601026,{}
evt_8fa132aa,quote_fe26374b,ORDER_CONFIRMED,rep_26645e7c,SALES_REP,2026-01-22 10:17:05.601026,{}
evt_65e029a7,quote_729f6fb6,QUOTE_CREATED,rep_d5902688,SALES_REP,2025-09-07 02:10:05.601026,{}
evt_d5868e10,quote_729f6fb6,PRODUCT_ADDED,rep_d5902688,SALES_REP,2025-09-07 02:21:05.601026,{}
evt_58218590,quote_729f6fb6,DISCOUNT_APPLIED,rep_d5902688,SALES_REP,2025-09-07 02:47:05.601026,{}
evt_72f15209,quote_729f6fb6,QUOTE_SENT,rep_d5902688,SALES_REP,2025-09-07 09:47:05.601026,{}
evt_8e770654,quote_729f6fb6,CUSTOMER_VIEWED,rep_d5902688,SALES_REP,2025-09-11 09:47:05.601026,{}
evt_5266c392,quote_729f6fb6,COUNTER_OFFER,rep_d5902688,SALES_REP,2025-09-14 09:47:05.601026,{}
evt_89d8fbd5,quote_729f6fb6,QUOTE_REVISED,rep_d5902688,SALES_REP,2025-09-15 09:47:05.601026,{}
evt_e9d0bc93,quote_729f6fb6,ORDER_CONFIRMED,rep_d5902688,SALES_REP,2025-09-22 09:47:05.601026,{}
evt_4e30f372,quote_0a18ee5a,QUOTE_CREATED,rep_26645e7c,SALES_REP,2026-07-27 10:10:05.601026,{}
evt_1507ce4e,quote_0a18ee5a,PRODUCT_ADDED,rep_26645e7c,SALES_REP,2026-07-27 10:57:05.601026,{}
evt_16a40084,quote_0a18ee5a,DISCOUNT_APPLIED,rep_26645e7c,SALES_REP,2026-07-27 11:56:05.601026,{}
evt_6306057c,quote_0a18ee5a,QUOTE_SENT,rep_26645e7c,SALES_REP,2026-07-28 09:56:05.601026,{}
evt_1745b9a4,quote_0a18ee5a,CUSTOMER_VIEWED,rep_26645e7c,SALES_REP,2026-07-30 09:56:05.601026,{}
evt_efefb297,quote_0a18ee5a,ORDER_CONFIRMED,rep_26645e7c,SALES_REP,2026-08-02 09:56:05.601026,{}
evt_9c09ac66,quote_b7506b63,QUOTE_CREATED,rep_f976f2b3,SALES_REP,2025-10-06 05:10:05.601026,{}
evt_f436a659,quote_b7506b63,PRODUCT_ADDED,rep_f976f2b3,SALES_REP,2025-10-06 05:45:05.601026,{}
evt_434c82c7,quote_b7506b63,DISCOUNT_APPLIED,rep_f976f2b3,SALES_REP,2025-10-06 06:40:05.601026,{}
evt_885d041f,quote_b7506b63,QUOTE_SENT,rep_f976f2b3,SALES_REP,2025-10-06 23:40:05.601026,{}
evt_473f7505,quote_b7506b63,CUSTOMER_VIEWED,rep_f976f2b3,SALES_REP,2025-10-07 23:40:05.601026,{}
evt_d765e549,quote_b7506b63,ORDER_CONFIRMED,rep_f976f2b3,SALES_REP,2025-10-10 23:40:05.601026,{}
evt_6a77b477,quote_8f35809b,QUOTE_CREATED,rep_03d99ec4,SALES_REP,2026-01-21 11:10:05.601026,{}
evt_3d4bdf2a,quote_8f35809b,PRODUCT_ADDED,rep_03d99ec4,SALES_REP,2026-01-21 11:31:05.601026,{}
evt_56641d7a,quote_8f35809b,DISCOUNT_APPLIED,rep_03d99ec4,SALES_REP,2026-01-21 12:20:05.601026,{}
evt_50466676,quote_8f35809b,QUOTE_SENT,rep_03d99ec4,SALES_REP,2026-01-21 16:20:05.601026,{}
evt_f80847a6,quote_8f35809b,CUSTOMER_VIEWED,rep_03d99ec4,SALES_REP,2026-01-24 16:20:05.601026,{}
evt_ffdbe0ae,quote_8f35809b,ORDER_CONFIRMED,rep_03d99ec4,SALES_REP,2026-01-29 16:20:05.601026,{}
evt_e6c745f1,quote_da9f35e6,QUOTE_CREATED,rep_e08a1589,SALES_REP,2026-01-12 13:10:05.601026,{}
evt_83ff0d88,quote_da9f35e6,PRODUCT_ADDED,rep_e08a1589,SALES_REP,2026-01-12 13:54:05.601026,{}
evt_9b4d4047,quote_da9f35e6,DISCOUNT_APPLIED,rep_e08a1589,SALES_REP,2026-01-12 14:35:05.601026,{}
evt_76fe8eab,quote_da9f35e6,QUOTE_SENT,rep_e08a1589,SALES_REP,2026-01-13 07:35:05.601026,{}
evt_007216f0,quote_da9f35e6,CUSTOMER_VIEWED,rep_e08a1589,SALES_REP,2026-01-15 07:35:05.601026,{}
evt_1e890fb6,quote_aae03c79,QUOTE_CREATED,rep_4fd63151,SALES_REP,2025-09-15 16:10:05.601026,{}
evt_ac8a2266,quote_aae03c79,PRODUCT_ADDED,rep_4fd63151,SALES_REP,2025-09-15 16:51:05.601026,{}
evt_bb9bac58,quote_aae03c79,DISCOUNT_APPLIED,rep_4fd63151,SALES_REP,2025-09-15 17:17:05.601026,{}
evt_fea133a0,quote_aae03c79,QUOTE_SENT,rep_4fd63151,SALES_REP,2025-09-15 18:17:05.601026,{}
evt_30dd7a23,quote_aae03c79,CUSTOMER_VIEWED,rep_4fd63151,SALES_REP,2025-09-19 18:17:05.601026,{}
evt_36920cd5,quote_aae03c79,COUNTER_OFFER,rep_4fd63151,SALES_REP,2025-09-20 18:17:05.601026,{}
evt_656ea17e,quote_aae03c79,QUOTE_REVISED,rep_4fd63151,SALES_REP,2025-09-22 18:17:05.601026,{}
evt_a790d6d6,quote_aae03c79,ORDER_CONFIRMED,rep_4fd63151,SALES_REP,2025-09-28 18:17:05.601026,{}
evt_307419c6,quote_50718441,QUOTE_CREATED,rep_03d99ec4,SALES_REP,2026-08-14 01:10:05.601026,{}
evt_aa0d0ff6,quote_50718441,PRODUCT_ADDED,rep_03d99ec4,SALES_REP,2026-08-14 01:45:05.601026,{}
evt_b39f34b0,quote_50718441,DISCOUNT_APPLIED,rep_03d99ec4,SALES_REP,2026-08-14 02:29:05.601026,{}
evt_019f0556,quote_50718441,QUOTE_SENT,rep_03d99ec4,SALES_REP,2026-08-14 09:29:05.601026,{}
evt_d5a1798a,quote_50718441,CUSTOMER_VIEWED,rep_03d99ec4,SALES_REP,2026-08-16 09:29:05.601026,{}
evt_a3f51d24,quote_50718441,REJECTED,rep_03d99ec4,SALES_REP,2026-08-23 09:29:05.601026,{}
evt_cc40cb6d,quote_c5f780b8,QUOTE_CREATED,rep_b548fdfc,SALES_REP,2026-05-04 13:10:05.601026,{}
evt_dd0aa8bc,quote_c5f780b8,PRODUCT_ADDED,rep_b548fdfc,SALES_REP,2026-05-04 13:50:05.601026,{}
evt_e7402fd7,quote_c5f780b8,DISCOUNT_APPLIED,rep_b548fdfc,SALES_REP,2026-05-04 13:56:05.601026,{}
evt_8178c107,quote_c5f780b8,QUOTE_SENT,rep_b548fdfc,SALES_REP,2026-05-05 12:56:05.601026,{}
evt_aec0d6f8,quote_c5f780b8,CUSTOMER_VIEWED,rep_b548fdfc,SALES_REP,2026-05-06 12:56:05.601026,{}
evt_c6b5193a,quote_c5f780b8,COUNTER_OFFER,rep_b548fdfc,SALES_REP,2026-05-07 12:56:05.601026,{}
evt_f902a8f3,quote_c5f780b8,QUOTE_REVISED,rep_b548fdfc,SALES_REP,2026-05-08 12:56:05.601026,{}
evt_dea7d0e6,quote_c4e34c25,QUOTE_CREATED,rep_26645e7c,SALES_REP,2026-05-02 19:10:05.601026,{}
evt_04347617,quote_c4e34c25,PRODUCT_ADDED,rep_26645e7c,SALES_REP,2026-05-02 19:38:05.601026,{}
evt_66e8f86b,quote_c4e34c25,DISCOUNT_APPLIED,rep_26645e7c,SALES_REP,2026-05-02 19:49:05.601026,{}
evt_9656b74f,quote_c4e34c25,QUOTE_SENT,rep_26645e7c,SALES_REP,2026-05-02 21:49:05.601026,{}
evt_4844381c,quote_c4e34c25,CUSTOMER_VIEWED,rep_26645e7c,SALES_REP,2026-05-05 21:49:05.601026,{}
evt_0fa63abd,quote_c4e34c25,COUNTER_OFFER,rep_26645e7c,SALES_REP,2026-05-08 21:49:05.601026,{}
evt_d839680b,quote_c4e34c25,QUOTE_REVISED,rep_26645e7c,SALES_REP,2026-05-10 21:49:05.601026,{}
evt_85a43cde,quote_c4e34c25,ORDER_CONFIRMED,rep_26645e7c,SALES_REP,2026-05-11 21:49:05.601026,{}
evt_74583dfa,quote_abbbdc00,QUOTE_CREATED,rep_26645e7c,SALES_REP,2026-07-15 09:10:05.601026,{}
evt_1ffde90f,quote_abbbdc00,PRODUCT_ADDED,rep_26645e7c,SALES_REP,2026-07-15 10:02:05.601026,{}
evt_1e098276,quote_abbbdc00,DISCOUNT_APPLIED,rep_26645e7c,SALES_REP,2026-07-15 10:47:05.601026,{}
evt_96afad86,quote_abbbdc00,QUOTE_SENT,rep_26645e7c,SALES_REP,2026-07-15 18:47:05.601026,{}
evt_e82c07bf,quote_abbbdc00,CUSTOMER_VIEWED,rep_26645e7c,SALES_REP,2026-07-16 18:47:05.601026,{}
evt_85a41a1a,quote_abbbdc00,ORDER_CONFIRMED,rep_26645e7c,SALES_REP,2026-07-19 18:47:05.601026,{}
evt_32c1c635,quote_3f7a805d,QUOTE_CREATED,rep_b548fdfc,SALES_REP,2025-10-26 08:10:05.601026,{}
evt_d120fdf7,quote_3f7a805d,PRODUCT_ADDED,rep_b548fdfc,SALES_REP,2025-10-26 08:15:05.601026,{}
evt_d0c0987e,quote_3f7a805d,DISCOUNT_APPLIED,rep_b548fdfc,SALES_REP,2025-10-26 08:47:05.601026,{}
evt_8d7216ea,quote_3f7a805d,QUOTE_SENT,rep_b548fdfc,SALES_REP,2025-10-27 07:47:05.601026,{}
evt_e3fc6bc3,quote_3f7a805d,CUSTOMER_VIEWED,rep_b548fdfc,SALES_REP,2025-10-30 07:47:05.601026,{}
evt_03dd35ab,quote_627d9a32,QUOTE_CREATED,rep_76071164,SALES_REP,2025-11-28 06:10:05.601026,{}
evt_8234c761,quote_627d9a32,PRODUCT_ADDED,rep_76071164,SALES_REP,2025-11-28 07:07:05.601026,{}
evt_332060f0,quote_627d9a32,DISCOUNT_APPLIED,rep_76071164,SALES_REP,2025-11-28 07:22:05.601026,{}
evt_784a40ad,quote_627d9a32,QUOTE_SENT,rep_76071164,SALES_REP,2025-11-28 15:22:05.601026,{}
evt_db93f62b,quote_627d9a32,CUSTOMER_VIEWED,rep_76071164,SALES_REP,2025-11-29 15:22:05.601026,{}
evt_dc25f38e,quote_627d9a32,REJECTED,rep_76071164,SALES_REP,2025-12-01 15:22:05.601026,{}
evt_2e627e02,quote_64f0d3e9,QUOTE_CREATED,rep_26645e7c,SALES_REP,2025-11-11 15:10:05.601026,{}
evt_2c1489ac,quote_64f0d3e9,PRODUCT_ADDED,rep_26645e7c,SALES_REP,2025-11-11 15:54:05.601026,{}
evt_c9b8a6b7,quote_64f0d3e9,DISCOUNT_APPLIED,rep_26645e7c,SALES_REP,2025-11-11 16:07:05.601026,{}
evt_75b91c59,quote_64f0d3e9,QUOTE_SENT,rep_26645e7c,SALES_REP,2025-11-11 18:07:05.601026,{}
evt_b8a3f526,quote_64f0d3e9,CUSTOMER_VIEWED,rep_26645e7c,SALES_REP,2025-11-12 18:07:05.601026,{}
evt_8b3f0e04,quote_64f0d3e9,ORDER_CONFIRMED,rep_26645e7c,SALES_REP,2025-11-18 18:07:05.601026,{}
evt_993ddd54,quote_9459f076,QUOTE_CREATED,rep_221b7f39,SALES_REP,2025-11-25 21:10:05.601026,{}
evt_4f6e99ca,quote_9459f076,PRODUCT_ADDED,rep_221b7f39,SALES_REP,2025-11-25 21:49:05.601026,{}
evt_2aa70f69,quote_9459f076,DISCOUNT_APPLIED,rep_221b7f39,SALES_REP,2025-11-25 22:05:05.601026,{}
evt_bf3fd1fd,quote_9459f076,QUOTE_SENT,rep_221b7f39,SALES_REP,2025-11-26 20:05:05.601026,{}
evt_a313b925,quote_9459f076,CUSTOMER_VIEWED,rep_221b7f39,SALES_REP,2025-11-30 20:05:05.601026,{}
evt_f933b9e7,quote_9459f076,COUNTER_OFFER,rep_221b7f39,SALES_REP,2025-12-01 20:05:05.601026,{}
evt_59a4ad6a,quote_9459f076,QUOTE_REVISED,rep_221b7f39,SALES_REP,2025-12-02 20:05:05.601026,{}
evt_c6e1cf5a,quote_9459f076,ORDER_CONFIRMED,rep_221b7f39,SALES_REP,2025-12-03 20:05:05.601026,{}
evt_3845ea71,quote_87c26d10,QUOTE_CREATED,rep_76071164,SALES_REP,2026-06-17 03:10:05.601026,{}
evt_d423759c,quote_87c26d10,PRODUCT_ADDED,rep_76071164,SALES_REP,2026-06-17 03:43:05.601026,{}
evt_4e78fcb4,quote_87c26d10,DISCOUNT_APPLIED,rep_76071164,SALES_REP,2026-06-17 03:58:05.601026,{}
evt_d4cc51a6,quote_87c26d10,QUOTE_SENT,rep_76071164,SALES_REP,2026-06-17 23:58:05.601026,{}
evt_a04a6e1e,quote_87c26d10,CUSTOMER_VIEWED,rep_76071164,SALES_REP,2026-06-22 23:58:05.601026,{}
evt_02b6ea8d,quote_87c26d10,REJECTED,rep_76071164,SALES_REP,2026-06-24 23:58:05.601026,{}
evt_9abfd7f8,quote_49927808,QUOTE_CREATED,rep_03d99ec4,SALES_REP,2025-12-03 01:10:05.601026,{}
evt_a5d0b689,quote_49927808,PRODUCT_ADDED,rep_03d99ec4,SALES_REP,2025-12-03 01:16:05.601026,{}
evt_f236466f,quote_49927808,DISCOUNT_APPLIED,rep_03d99ec4,SALES_REP,2025-12-03 01:33:05.601026,{}
evt_f797874e,quote_49927808,QUOTE_SENT,rep_03d99ec4,SALES_REP,2025-12-03 14:33:05.601026,{}
evt_6e5f8ede,quote_49927808,CUSTOMER_VIEWED,rep_03d99ec4,SALES_REP,2025-12-06 14:33:05.601026,{}
evt_f199d27e,quote_49927808,ORDER_CONFIRMED,rep_03d99ec4,SALES_REP,2025-12-11 14:33:05.601026,{}
evt_b5936cf8,quote_4ae1a1b4,QUOTE_CREATED,rep_26645e7c,SALES_REP,2026-06-05 09:10:05.601026,{}
evt_4d4e4a15,quote_4ae1a1b4,PRODUCT_ADDED,rep_26645e7c,SALES_REP,2026-06-05 09:29:05.601026,{}
evt_2bde9185,quote_4ae1a1b4,DISCOUNT_APPLIED,rep_26645e7c,SALES_REP,2026-06-05 10:25:05.601026,{}
evt_6616203b,quote_4ae1a1b4,QUOTE_SENT,rep_26645e7c,SALES_REP,2026-06-05 15:25:05.601026,{}
evt_8dc74b6e,quote_4ae1a1b4,CUSTOMER_VIEWED,rep_26645e7c,SALES_REP,2026-06-07 15:25:05.601026,{}
evt_c3a414bb,quote_4ae1a1b4,ORDER_CONFIRMED,rep_26645e7c,SALES_REP,2026-06-12 15:25:05.601026,{}
evt_a2f094a8,quote_161c2548,QUOTE_CREATED,rep_76071164,SALES_REP,2025-10-22 14:10:05.601026,{}
evt_fefbb4de,quote_161c2548,PRODUCT_ADDED,rep_76071164,SALES_REP,2025-10-22 14:26:05.601026,{}
evt_b41d9289,quote_161c2548,DISCOUNT_APPLIED,rep_76071164,SALES_REP,2025-10-22 14:33:05.601026,{}
evt_56825bd6,quote_161c2548,QUOTE_SENT,rep_76071164,SALES_REP,2025-10-23 04:33:05.601026,{}
evt_eb48db85,quote_161c2548,CUSTOMER_VIEWED,rep_76071164,SALES_REP,2025-10-27 04:33:05.601026,{}
evt_84a0b806,quote_b6dfbeba,QUOTE_CREATED,rep_26645e7c,SALES_REP,2026-07-27 08:10:05.601026,{}
evt_e65454d4,quote_b6dfbeba,PRODUCT_ADDED,rep_26645e7c,SALES_REP,2026-07-27 08:58:05.601026,{}
evt_66077d49,quote_b6dfbeba,DISCOUNT_APPLIED,rep_26645e7c,SALES_REP,2026-07-27 09:20:05.601026,{}
evt_ea0b8361,quote_b6dfbeba,QUOTE_SENT,rep_26645e7c,SALES_REP,2026-07-27 20:20:05.601026,{}
evt_cb47fe81,quote_b6dfbeba,CUSTOMER_VIEWED,rep_26645e7c,SALES_REP,2026-07-28 20:20:05.601026,{}
evt_1d32d28d,quote_b6dfbeba,COUNTER_OFFER,rep_26645e7c,SALES_REP,2026-07-29 20:20:05.601026,{}
evt_dcb4818a,quote_b6dfbeba,QUOTE_REVISED,rep_26645e7c,SALES_REP,2026-07-30 20:20:05.601026,{}
evt_6f858b80,quote_19c5a385,QUOTE_CREATED,rep_f976f2b3,SALES_REP,2025-09-20 08:10:05.601026,{}
evt_cc287755,quote_19c5a385,PRODUCT_ADDED,rep_f976f2b3,SALES_REP,2025-09-20 08:20:05.601026,{}
evt_d134a169,quote_19c5a385,DISCOUNT_APPLIED,rep_f976f2b3,SALES_REP,2025-09-20 09:09:05.601026,{}
evt_e695bdd2,quote_19c5a385,QUOTE_SENT,rep_f976f2b3,SALES_REP,2025-09-20 16:09:05.601026,{}
evt_39eb950c,quote_19c5a385,CUSTOMER_VIEWED,rep_f976f2b3,SALES_REP,2025-09-24 16:09:05.601026,{}
evt_5486313b,quote_19c5a385,REJECTED,rep_f976f2b3,SALES_REP,2025-09-25 16:09:05.601026,{}
evt_70a53c87,quote_9685e08b,QUOTE_CREATED,rep_76071164,SALES_REP,2026-08-02 17:10:05.601026,{}
evt_bc562497,quote_9685e08b,PRODUCT_ADDED,rep_76071164,SALES_REP,2026-08-02 17:39:05.601026,{}
evt_9f6bcc4d,quote_9685e08b,DISCOUNT_APPLIED,rep_76071164,SALES_REP,2026-08-02 18:27:05.601026,{}
evt_0fb2a48e,quote_9685e08b,QUOTE_SENT,rep_76071164,SALES_REP,2026-08-02 22:27:05.601026,{}
evt_587f6d9d,quote_9685e08b,CUSTOMER_VIEWED,rep_76071164,SALES_REP,2026-08-07 22:27:05.601026,{}
evt_8052e0ab,quote_9685e08b,ORDER_CONFIRMED,rep_76071164,SALES_REP,2026-08-14 22:27:05.601026,{}
evt_c1a15ac6,quote_5dfdb962,QUOTE_CREATED,rep_d5902688,SALES_REP,2026-06-08 21:10:05.601026,{}
evt_f4a34277,quote_5dfdb962,PRODUCT_ADDED,rep_d5902688,SALES_REP,2026-06-08 21:26:05.601026,{}
evt_2c6783d8,quote_5dfdb962,DISCOUNT_APPLIED,rep_d5902688,SALES_REP,2026-06-08 22:23:05.601026,{}
evt_e7f273c5,quote_5dfdb962,QUOTE_SENT,rep_d5902688,SALES_REP,2026-06-09 08:23:05.601026,{}
evt_9c8a6ed8,quote_5dfdb962,CUSTOMER_VIEWED,rep_d5902688,SALES_REP,2026-06-14 08:23:05.601026,{}
evt_98d03b4d,quote_4fe1a272,QUOTE_CREATED,rep_03d99ec4,SALES_REP,2026-05-03 07:10:05.601026,{}
evt_40b881f6,quote_4fe1a272,PRODUCT_ADDED,rep_03d99ec4,SALES_REP,2026-05-03 07:37:05.601026,{}
evt_0e6d41fa,quote_4fe1a272,DISCOUNT_APPLIED,rep_03d99ec4,SALES_REP,2026-05-03 08:22:05.601026,{}
evt_fc027770,quote_4fe1a272,QUOTE_SENT,rep_03d99ec4,SALES_REP,2026-05-03 19:22:05.601026,{}
evt_71cba9f5,quote_4fe1a272,CUSTOMER_VIEWED,rep_03d99ec4,SALES_REP,2026-05-04 19:22:05.601026,{}
evt_300b3835,quote_4fe1a272,REJECTED,rep_03d99ec4,SALES_REP,2026-05-09 19:22:05.601026,{}
evt_5377c0af,quote_bd452ebd,QUOTE_CREATED,rep_76071164,SALES_REP,2025-11-20 18:10:05.601026,{}
evt_10e711e2,quote_bd452ebd,PRODUCT_ADDED,rep_76071164,SALES_REP,2025-11-20 18:24:05.601026,{}
evt_3f070dcf,quote_bd452ebd,DISCOUNT_APPLIED,rep_76071164,SALES_REP,2025-11-20 19:20:05.601026,{}
evt_2a018452,quote_bd452ebd,QUOTE_SENT,rep_76071164,SALES_REP,2025-11-21 04:20:05.601026,{}
evt_ac47e264,quote_bd452ebd,CUSTOMER_VIEWED,rep_76071164,SALES_REP,2025-11-26 04:20:05.601026,{}
evt_6ecb2118,quote_bd452ebd,COUNTER_OFFER,rep_76071164,SALES_REP,2025-11-28 04:20:05.601026,{}
evt_d92f6eca,quote_bd452ebd,QUOTE_REVISED,rep_76071164,SALES_REP,2025-11-30 04:20:05.601026,{}
evt_899e64d8,quote_bd452ebd,ORDER_CONFIRMED,rep_76071164,SALES_REP,2025-12-06 04:20:05.601026,{}
evt_42957079,quote_473b972b,QUOTE_CREATED,rep_f976f2b3,SALES_REP,2026-06-15 04:10:05.601026,{}
evt_f1854c51,quote_473b972b,PRODUCT_ADDED,rep_f976f2b3,SALES_REP,2026-06-15 04:28:05.601026,{}
evt_08d83390,quote_473b972b,DISCOUNT_APPLIED,rep_f976f2b3,SALES_REP,2026-06-15 04:48:05.601026,{}
evt_0a0b7ff5,quote_473b972b,QUOTE_SENT,rep_f976f2b3,SALES_REP,2026-06-15 18:48:05.601026,{}
evt_98a27162,quote_473b972b,CUSTOMER_VIEWED,rep_f976f2b3,SALES_REP,2026-06-20 18:48:05.601026,{}
evt_7f398099,quote_50614c31,QUOTE_CREATED,rep_d5902688,SALES_REP,2026-03-05 06:10:05.601026,{}
evt_b95d563f,quote_50614c31,PRODUCT_ADDED,rep_d5902688,SALES_REP,2026-03-05 06:23:05.601026,{}
evt_d832c484,quote_50614c31,DISCOUNT_APPLIED,rep_d5902688,SALES_REP,2026-03-05 06:32:05.601026,{}
evt_cb7d5dc8,quote_50614c31,QUOTE_SENT,rep_d5902688,SALES_REP,2026-03-05 08:32:05.601026,{}
evt_dce614a5,quote_50614c31,CUSTOMER_VIEWED,rep_d5902688,SALES_REP,2026-03-08 08:32:05.601026,{}
evt_75526282,quote_50614c31,ORDER_CONFIRMED,rep_d5902688,SALES_REP,2026-03-09 08:32:05.601026,{}
evt_83451593,quote_d3e4fd13,QUOTE_CREATED,rep_e08a1589,SALES_REP,2026-07-31 11:10:05.601026,{}
evt_cdff6919,quote_d3e4fd13,PRODUCT_ADDED,rep_e08a1589,SALES_REP,2026-07-31 11:30:05.601026,{}
evt_f7508664,quote_d3e4fd13,DISCOUNT_APPLIED,rep_e08a1589,SALES_REP,2026-07-31 12:08:05.601026,{}
evt_170d6d01,quote_d3e4fd13,QUOTE_SENT,rep_e08a1589,SALES_REP,2026-07-31 19:08:05.601026,{}
evt_58242824,quote_d3e4fd13,CUSTOMER_VIEWED,rep_e08a1589,SALES_REP,2026-08-04 19:08:05.601026,{}
evt_7840cf9f,quote_d3e4fd13,ORDER_CONFIRMED,rep_e08a1589,SALES_REP,2026-08-06 19:08:05.601026,{}
evt_bdef7aa8,quote_80975e8e,QUOTE_CREATED,rep_03d99ec4,SALES_REP,2026-07-19 03:10:05.601026,{}
evt_1f517526,quote_80975e8e,PRODUCT_ADDED,rep_03d99ec4,SALES_REP,2026-07-19 03:56:05.601026,{}
evt_c8528b6c,quote_80975e8e,DISCOUNT_APPLIED,rep_03d99ec4,SALES_REP,2026-07-19 04:43:05.601026,{}
evt_dd93ac3e,quote_80975e8e,QUOTE_SENT,rep_03d99ec4,SALES_REP,2026-07-20 02:43:05.601026,{}
evt_8842b695,quote_80975e8e,CUSTOMER_VIEWED,rep_03d99ec4,SALES_REP,2026-07-23 02:43:05.601026,{}
evt_e3f8e1f8,quote_7f9c4c08,QUOTE_CREATED,rep_26645e7c,SALES_REP,2026-04-08 04:10:05.601026,{}
evt_b13d38b6,quote_7f9c4c08,PRODUCT_ADDED,rep_26645e7c,SALES_REP,2026-04-08 04:28:05.601026,{}
evt_fb43d36e,quote_7f9c4c08,DISCOUNT_APPLIED,rep_26645e7c,SALES_REP,2026-04-08 04:39:05.601026,{}
evt_6d718b1f,quote_7f9c4c08,QUOTE_SENT,rep_26645e7c,SALES_REP,2026-04-08 14:39:05.601026,{}
evt_142b816a,quote_7f9c4c08,CUSTOMER_VIEWED,rep_26645e7c,SALES_REP,2026-04-11 14:39:05.601026,{}
evt_08a10f01,quote_7f9c4c08,COUNTER_OFFER,rep_26645e7c,SALES_REP,2026-04-12 14:39:05.601026,{}
evt_de408f3c,quote_7f9c4c08,QUOTE_REVISED,rep_26645e7c,SALES_REP,2026-04-14 14:39:05.601026,{}
evt_f78a3b7d,quote_7f9c4c08,ORDER_CONFIRMED,rep_26645e7c,SALES_REP,2026-04-17 14:39:05.601026,{}
evt_fbd45149,quote_6cec5f86,QUOTE_CREATED,rep_4fd63151,SALES_REP,2026-03-30 13:10:05.601026,{}
evt_6fa33764,quote_6cec5f86,PRODUCT_ADDED,rep_4fd63151,SALES_REP,2026-03-30 13:39:05.601026,{}
evt_8726bcfd,quote_6cec5f86,DISCOUNT_APPLIED,rep_4fd63151,SALES_REP,2026-03-30 14:03:05.601026,{}
evt_80b81ce6,quote_6cec5f86,QUOTE_SENT,rep_4fd63151,SALES_REP,2026-03-31 04:03:05.601026,{}
evt_57335933,quote_6cec5f86,CUSTOMER_VIEWED,rep_4fd63151,SALES_REP,2026-04-03 04:03:05.601026,{}
evt_7e89668b,quote_6cec5f86,ORDER_CONFIRMED,rep_4fd63151,SALES_REP,2026-04-08 04:03:05.601026,{}
evt_6864918f,quote_b38fdda3,QUOTE_CREATED,rep_76071164,SALES_REP,2026-05-28 11:10:05.601026,{}
evt_eb5f27b3,quote_b38fdda3,PRODUCT_ADDED,rep_76071164,SALES_REP,2026-05-28 11:23:05.601026,{}
evt_341aa617,quote_b38fdda3,DISCOUNT_APPLIED,rep_76071164,SALES_REP,2026-05-28 11:57:05.601026,{}
evt_c247fc7e,quote_b38fdda3,QUOTE_SENT,rep_76071164,SALES_REP,2026-05-29 07:57:05.601026,{}
evt_8eafb22a,quote_b38fdda3,CUSTOMER_VIEWED,rep_76071164,SALES_REP,2026-05-30 07:57:05.601026,{}
evt_83a6eebd,quote_b38fdda3,ORDER_CONFIRMED,rep_76071164,SALES_REP,2026-06-02 07:57:05.601026,{}
evt_469f14ca,quote_9eb5888a,QUOTE_CREATED,rep_26645e7c,SALES_REP,2025-12-24 12:10:05.601026,{}
evt_e64d0aba,quote_9eb5888a,PRODUCT_ADDED,rep_26645e7c,SALES_REP,2025-12-24 12:48:05.601026,{}
evt_9197ad92,quote_9eb5888a,DISCOUNT_APPLIED,rep_26645e7c,SALES_REP,2025-12-24 13:09:05.601026,{}
evt_38d84672,quote_9eb5888a,QUOTE_SENT,rep_26645e7c,SALES_REP,2025-12-25 08:09:05.601026,{}
evt_c0456d56,quote_9eb5888a,CUSTOMER_VIEWED,rep_26645e7c,SALES_REP,2025-12-28 08:09:05.601026,{}
evt_fe9aee7b,quote_9eb5888a,REJECTED,rep_26645e7c,SALES_REP,2025-12-29 08:09:05.601026,{}
