quote_item_id,quotation_id,product_id,quantity,original_price,discount_percentage,discount_amount,final_price,cost_price,margin_amount
qi_35f456c8,quote_54ef1b58,prod_53e1d316,10,258.72,10.26,265.48,2321.72,134.87,973.02
qi_1754145c,quote_4dfedf73,prod_86baf995,8,53.08,12.1,51.39,373.25,37.74,71.33
qi_1b14a60d,quote_cf8de099,prod_ad64d881,1,2529.7,9.34,236.3,2293.4,1372.17,921.23
qi_ebae0d6a,quote_cf8de099,prod_5aea0ff9,8,535.04,11.07,473.89,3806.43,354.15,973.23
qi_16e2f05a,quote_4b041447,prod_035d78fc,5,708.07,7.63,270.21,3270.14,390.29,1318.69
qi_bea80686,quote_5eb73df2,prod_035d78fc,10,708.07,41.81,2960.47,4120.23,390.29,217.33
qi_c2541a03,quote_5eb73df2,prod_aa9c466e,2,192.86,45.31,174.77,210.95,127.52,-44.09
qi_80d93799,quote_5eb73df2,prod_2a053ba0,1,118.08,48.86,57.69,60.39,92.98,-32.59
qi_087b92ba,quote_47add2fc,prod_81feaa25,8,674.35,12.23,659.85,4734.95,337.49,2035.03
qi_fc8c0b4c,quote_47add2fc,prod_039421d7,4,221.39,11.5,101.88,783.68,117.98,311.76
qi_b6c81c8a,quote_62e6b9a4,prod_704502ed,10,563.8,13.47,759.7,4878.3,439.3,485.3
qi_1276c4be,quote_62e6b9a4,prod_aa9c466e,3,192.86,8.41,48.66,529.92,127.52,147.36
qi_02959dd6,quote_582208c6,prod_24ab3fd0,6,528.46,14.54,461.02,2709.74,335.31,697.88
qi_27f5761f,quote_e6cd6420,prod_7a535b91,7,941.21,7.89,520.08,6068.39,552.83,2198.58
qi_9c4c8f10,quote_bf1c3871,prod_81feaa25,8,674.35,9.02,486.45,4908.35,337.49,2208.43
qi_e6a7e251,quote_bf1c3871,prod_4f0226fb,1,126.37,13.82,17.47,108.9,80.07,28.83
qi_20fb65d3,quote_2ff02b98,prod_566c0f49,8,542.11,9.12,395.7,3941.18,424.39,546.06
qi_0547ff9b,quote_2ff02b98,prod_2a053ba0,1,118.08,10.02,11.83,106.25,92.98,13.27
qi_c6a355ac,quote_1f0e4079,prod_b9a67276,5,132.34,9.3,61.51,600.19,72.74,236.49
qi_0202ac2b,quote_1f0e4079,prod_2a053ba0,1,118.08,8.81,10.41,107.67,92.98,14.69
qi_58c6b206,quote_b35782e3,prod_7a535b91,7,941.21,9.13,601.7,5986.77,552.83,2116.96
qi_58c8294e,quote_cd3007e3,prod_1a600b85,6,467.29,10.64,298.45,2505.29,370.35,283.19
qi_1303bf7e,quote_48be5afb,prod_b572f27a,8,234.88,8.93,167.86,1711.18,172.85,328.38
qi_821adc50,quote_e075f963,prod_704502ed,5,563.8,14.94,421.28,2397.72,439.3,201.22
qi_3cccc5b4,quote_accc42d3,prod_2af333ea,10,445.79,4.98,221.98,4235.92,329.4,941.92
qi_67eedb44,quote_f44be986,prod_b2f3a8f7,2,101.33,10.31,20.89,181.77,55.14,71.49
qi_74e0ff6f,quote_1aabbed4,prod_be2be7f1,10,126.81,8.7,110.35,1157.75,96.34,194.35
qi_f89bf921,quote_1aabbed4,prod_039421d7,3,221.39,9.42,62.58,601.59,117.98,247.65
qi_d53f831f,quote_1aabbed4,prod_2a053ba0,1,118.08,10.9,12.88,105.2,92.98,12.22
qi_e6c7566f,quote_1aabbed4,prod_bfb5489d,1,159.47,9.9,15.78,143.69,108.64,35.05
qi_07d9df2d,quote_c579faca,prod_bfb5489d,3,159.47,6.49,31.07,447.34,108.64,121.42
qi_2704887d,quote_c653e02d,prod_ff879477,6,508.47,13.43,409.68,2641.14,374.73,392.76
qi_3228682f,quote_b80ebed4,prod_e1bddf73,9,561.12,12.26,618.93,4431.15,422.73,626.58
qi_2aa31d8a,quote_b80ebed4,prod_c5ca2c8c,1,432.9,7.59,32.88,400.02,232.13,167.89
qi_14d80e19,quote_b80ebed4,prod_2a053ba0,1,118.08,14.15,16.71,101.37,92.98,8.39
qi_384aa809,quote_2c0d9d95,prod_5d2d5599,9,99.34,11.76,105.15,788.91,56.01,284.82
qi_10e68b94,quote_2c0d9d95,prod_5aea0ff9,2,535.04,16.57,177.33,892.75,354.15,184.45
qi_d005e55d,quote_803fecf5,prod_de12acd0,9,335.68,8.52,257.39,2763.73,228.3,709.03
qi_a8c989d3,quote_5745977e,prod_bcde7343,6,103.88,15.77,98.29,524.99,76.74,64.55
qi_488c49f1,quote_8ecd306b,prod_039421d7,2,221.39,15.12,66.95,375.83,117.98,139.87
qi_9f28ed08,quote_2054ff01,prod_b3825ee4,3,2407.95,17.62,1272.9,5950.95,1308.02,2026.89
qi_1dd3a7e4,quote_2054ff01,prod_7afc80e5,9,500.07,10.35,465.73,4034.9,298.76,1346.06
qi_3b32d07c,quote_25ca35eb,prod_b9a67276,10,132.34,10.21,135.06,1188.34,72.74,460.94
qi_0f2fa08d,quote_25ca35eb,prod_1a600b85,2,467.29,11.61,108.5,826.08,370.35,85.38
qi_baf6b13e,quote_25ca35eb,prod_5d2d5599,1,99.34,7.26,7.21,92.13,56.01,36.12
qi_90cf04fe,quote_9c8c0f7e,prod_86baf995,5,53.08,10.65,28.27,237.13,37.74,48.43
qi_35e94df8,quote_20435b8a,prod_308881b9,2,1352.19,12.03,325.44,2378.94,763.26,852.42
qi_69654eb0,quote_eb53c74e,prod_c5ca2c8c,7,432.9,17.44,528.5,2501.8,232.13,876.89
qi_35561498,quote_353f4f73,prod_fe300255,6,544.27,6.31,205.98,3059.64,378.97,785.82
qi_b37a2c9b,quote_ead3c400,prod_770c0c43,2,304.47,5.18,31.53,577.41,153.4,270.61
qi_5bdabab8,quote_87fbe6de,prod_761255b4,1,377.23,10.55,39.81,337.42,238.42,99.0
qi_d1bfa80f,quote_8348e66a,prod_e1bddf73,2,561.12,10.78,120.97,1001.27,422.73,155.81
qi_4c385d82,quote_8348e66a,prod_aa9c466e,1,192.86,12.35,23.81,169.05,127.52,41.53
qi_30fe75ad,quote_8348e66a,prod_b9a67276,1,132.34,6.29,8.32,124.02,72.74,51.28
qi_16dbfc3b,quote_073328fc,prod_951860a3,10,342.18,6.04,206.63,3215.17,221.24,1002.77
qi_74030091,quote_35086c59,prod_b9a67276,2,132.34,10.75,28.46,236.22,72.74,90.74
qi_444ae8dd,quote_35086c59,prod_b572f27a,3,234.88,11.04,77.79,626.85,172.85,108.3
qi_edd0504b,quote_42ee16df,prod_7a535b91,3,941.21,13.68,386.24,2437.39,552.83,778.9
qi_ca3cace8,quote_001ce1be,prod_b572f27a,6,234.88,43.64,614.96,794.32,172.85,-242.78
qi_ce8bb318,quote_b09d5ca0,prod_71507ccd,6,557.35,17.54,586.63,2757.47,361.29,589.73
qi_c475a4d4,quote_b09d5ca0,prod_67da2a8c,1,502.85,15.52,78.06,424.79,390.19,34.6
qi_9c7685dd,quote_b09d5ca0,prod_5d2d5599,1,99.34,11.35,11.27,88.07,56.01,32.06
qi_b5507381,quote_f6554184,prod_7a535b91,8,941.21,6.43,483.86,7045.82,552.83,2623.18
qi_57fcf13a,quote_79935736,prod_035d78fc,2,708.07,11.97,169.51,1246.63,390.29,466.05
qi_d87db59f,quote_79935736,prod_039421d7,3,221.39,7.75,51.45,612.72,117.98,258.78
qi_4d708ae1,quote_a2789295,prod_1a600b85,9,467.29,11.61,488.22,3717.39,370.35,384.24
qi_97befb5b,quote_ea213dac,prod_035d78fc,2,708.07,11.27,159.65,1256.49,390.29,475.91
qi_ad221359,quote_17e2d297,prod_81feaa25,7,674.35,12.82,605.24,4115.21,337.49,1752.78
qi_95a6cfa6,quote_17e2d297,prod_971152aa,5,452.14,9.26,209.43,2051.27,304.85,527.02
qi_dd1b5097,quote_17e2d297,prod_2a053ba0,1,118.08,7.74,9.14,108.94,92.98,15.96
qi_27a7d4ab,quote_17e2d297,prod_53e1d316,1,258.72,7.33,18.97,239.75,134.87,104.88
qi_df77f471,quote_296a8bf3,prod_566c0f49,6,542.11,7.55,245.66,3007.0,424.39,460.66
qi_6ba34eae,quote_296a8bf3,prod_c5ca2c8c,2,432.9,12.64,109.4,756.4,232.13,292.14
qi_2b0a8e1f,quote_9389feae,prod_b9a67276,6,132.34,9.28,73.7,720.34,72.74,283.9
qi_895e8dd1,quote_9389feae,prod_039421d7,2,221.39,10.04,44.45,398.33,117.98,162.37
qi_e3cf648f,quote_82536009,prod_7a535b91,10,941.21,14.36,1351.63,8060.47,552.83,2532.17
qi_fc730b44,quote_b6b0f373,prod_bcde7343,8,103.88,11.88,98.7,732.34,76.74,118.42
qi_7586938f,quote_3b9ffe8b,prod_b2f3a8f7,4,101.33,7.43,30.11,375.21,55.14,154.65
qi_7ba873ab,quote_9cf222fa,prod_b9a67276,3,132.34,6.79,26.95,370.07,72.74,151.85
qi_9748f3c0,quote_9cf222fa,prod_2a053ba0,1,118.08,11.45,13.52,104.56,92.98,11.58
qi_3f8f31ad,quote_5ae1a61d,prod_c5ca2c8c,2,432.9,9.63,83.36,782.44,232.13,318.18
qi_c9d9faf7,quote_d95c5c0b,prod_cb6fc0eb,1,623.98,38.84,242.35,381.63,498.78,-117.15
qi_f9e35842,quote_bc5facd1,prod_5d2d5599,8,99.34,12.22,97.12,697.6,56.01,249.52
qi_93e96a65,quote_bc5facd1,prod_761255b4,5,377.23,8.64,163.01,1723.14,238.42,531.04
qi_2ad45017,quote_7b65001c,prod_b9a67276,9,132.34,15.33,182.6,1008.46,72.74,353.8
qi_aa12e2fb,quote_7b65001c,prod_761255b4,1,377.23,11.66,43.99,333.24,238.42,94.82
qi_465661e3,quote_2625d639,prod_67da2a8c,8,502.85,12.57,505.63,3517.17,390.19,395.65
qi_a9ebde5e,quote_11948019,prod_71507ccd,9,557.35,13.52,678.16,4337.99,361.29,1086.38
qi_5a249b9c,quote_11948019,prod_1a600b85,4,467.29,14.16,264.6,1604.56,370.35,123.16
qi_5171e320,quote_11948019,prod_2a053ba0,1,118.08,10.35,12.22,105.86,92.98,12.88
qi_f939654a,quote_11948019,prod_bfb5489d,1,159.47,13.46,21.47,138.0,108.64,29.36
qi_16559b38,quote_e5f8d983,prod_f009ca00,8,904.43,16.17,1170.13,6065.31,467.12,2328.35
qi_144cd1da,quote_22182e12,prod_308881b9,2,1352.19,15.15,409.82,2294.56,763.26,768.04
qi_879b94aa,quote_22182e12,prod_039421d7,3,221.39,18.25,121.21,542.96,117.98,189.02
qi_1b53487a,quote_22182e12,prod_2a053ba0,1,118.08,18.16,21.44,96.64,92.98,3.66
qi_3c7f4c7c,quote_22182e12,prod_6bb9d589,1,257.04,10.87,27.93,229.11,173.89,55.22
qi_165155c9,quote_e83532cb,prod_4f0226fb,9,126.37,10.19,115.85,1021.48,80.07,300.85
qi_f7188ae8,quote_56b343f5,prod_587805bf,10,620.3,11.55,716.15,5486.85,395.64,1530.45
qi_8e7cb76a,quote_56b343f5,prod_761255b4,3,377.23,21.56,243.97,887.72,238.42,172.46
qi_2eac71c3,quote_56b343f5,prod_2a053ba0,1,118.08,11.71,13.83,104.25,92.98,11.27
qi_d1118ba9,quote_dea2d4d9,prod_3bcbd935,5,412.02,13.41,276.19,1783.91,239.32,587.31
qi_56875960,quote_ecd73996,prod_b572f27a,8,234.88,12.05,226.5,1652.54,172.85,269.74
qi_feb48a0e,quote_6f5d5c09,prod_7afc80e5,3,500.07,15.28,229.19,1271.02,298.76,374.74
qi_28ea8d70,quote_f03eda0d,prod_2af333ea,10,445.79,8.54,380.88,4077.02,329.4,783.02
qi_575de30e,quote_10ac180a,prod_67da2a8c,3,502.85,10.25,154.56,1353.99,390.19,183.42
qi_b9d3ecde,quote_717c58ea,prod_2a053ba0,5,118.08,12.06,71.2,519.2,92.98,54.3
qi_8de8dd3e,quote_5ff3cb2e,prod_8713c712,1,1310.68,5.16,67.66,1243.02,955.46,287.56
qi_734a272d,quote_b14fb616,prod_24ab3fd0,4,528.46,8.58,181.46,1932.38,335.31,591.14
qi_1be71875,quote_3af2491b,prod_3cf36411,6,100.55,13.27,80.04,523.26,76.96,61.5
qi_02975702,quote_ce536a4d,prod_53e1d316,8,258.72,7.85,162.56,1907.2,134.87,828.24
qi_024aa945,quote_0f315245,prod_8713c712,6,1310.68,12.04,946.74,6917.34,955.46,1184.58
qi_0cc77e5c,quote_f7b6eaf2,prod_54709729,5,876.27,10.14,444.12,3937.23,477.91,1547.68
qi_a42ce44d,quote_f7b6eaf2,prod_761255b4,3,377.23,8.05,91.05,1040.64,238.42,325.38
qi_27f69653,quote_63b1765b,prod_4f0226fb,9,126.37,14.09,160.25,977.08,80.07,256.45
qi_b9550197,quote_63b1765b,prod_c5ca2c8c,5,432.9,12.49,270.27,1894.23,232.13,733.58
qi_5ccc4013,quote_47e9f4ea,prod_b9a67276,7,132.34,8.92,82.68,843.7,72.74,334.52
qi_7e2faf48,quote_47e9f4ea,prod_aa9c466e,1,192.86,15.56,30.01,162.85,127.52,35.33
qi_c6b4b314,quote_47e9f4ea,prod_2a053ba0,1,118.08,13.01,15.37,102.71,92.98,9.73
qi_fe6a1dcc,quote_b41f74fd,prod_71507ccd,8,557.35,12.56,559.9,3898.9,361.29,1008.58
qi_2685f7d4,quote_b41f74fd,prod_2a053ba0,1,118.08,7.68,9.07,109.01,92.98,16.03
qi_d3fd1769,quote_de95be28,prod_3bcbd935,4,412.02,14.98,246.95,1401.13,239.32,443.85
qi_9dcf203d,quote_e50ca031,prod_f24c5a18,8,341.75,10.95,299.46,2434.54,205.73,788.7
qi_6b00379b,quote_c7a78ae6,prod_de12acd0,5,335.68,10.16,170.58,1507.82,228.3,366.32
qi_599dcb3d,quote_3dfa373d,prod_c5ca2c8c,8,432.9,11.13,385.52,3077.68,232.13,1220.64
qi_dd6f0f92,quote_4c48de45,prod_3cf36411,2,100.55,14.95,30.07,171.03,76.96,17.11
qi_30621102,quote_6231e6e2,prod_1a600b85,4,467.29,7.81,145.94,1723.22,370.35,241.82
qi_6a6985df,quote_a9de3004,prod_704502ed,3,563.8,9.16,154.94,1536.46,439.3,218.56
qi_f3756248,quote_a9de3004,prod_1a600b85,2,467.29,14.33,133.94,800.64,370.35,59.94
qi_aabab6bc,quote_a9de3004,prod_2a053ba0,1,118.08,15.32,18.09,99.99,92.98,7.01
qi_68d53d32,quote_66398fbb,prod_e1bddf73,8,561.12,9.94,446.28,4042.68,422.73,660.84
qi_f4f208e0,quote_66398fbb,prod_039421d7,1,221.39,7.2,15.95,205.44,117.98,87.46
qi_fecb24be,quote_66398fbb,prod_2a053ba0,1,118.08,6.12,7.22,110.86,92.98,17.88
qi_86fd41a3,quote_6fffde49,prod_64c08afc,3,239.23,9.68,69.51,648.18,131.55,253.53
qi_5d2654b9,quote_a676ed84,prod_308881b9,3,1352.19,14.63,593.44,3463.13,763.26,1173.35
qi_4b42d27a,quote_354f642f,prod_4e0ad55a,5,394.43,13.97,275.51,1696.64,300.07,196.29
qi_ccbb75e0,quote_354f642f,prod_1a600b85,3,467.29,14.32,200.8,1201.07,370.35,90.02
qi_9dc4e87c,quote_f96817df,prod_761255b4,8,377.23,5.69,171.79,2846.05,238.42,938.69
qi_5f929a29,quote_6b77b66a,prod_3cf36411,6,100.55,7.06,42.57,560.73,76.96,98.97
qi_6b06a2e1,quote_ace6fcac,prod_b9a67276,8,132.34,11.39,120.55,938.17,72.74,356.25
qi_a6c14518,quote_f08db9a6,prod_fe300255,4,544.27,13.21,287.58,1889.5,378.97,373.62
qi_587d54ab,quote_f08db9a6,prod_aa9c466e,4,192.86,11.84,91.37,680.07,127.52,169.99
qi_b8ed6111,quote_f08db9a6,prod_2a053ba0,1,118.08,13.34,15.75,102.33,92.98,9.35
qi_54ed4dc4,quote_404bcd1a,prod_ff879477,3,508.47,11.99,182.84,1342.57,374.73,218.38
qi_0d384bf0,quote_d890ccf9,prod_71507ccd,8,557.35,19.4,864.97,3593.83,361.29,703.51
qi_31cf2307,quote_d890ccf9,prod_1a600b85,4,467.29,7.14,133.53,1735.63,370.35,254.23
qi_f2463495,quote_4d9abd5c,prod_b572f27a,2,234.88,11.32,53.17,416.59,172.85,70.89
qi_0f070dcb,quote_bceb9095,prod_81feaa25,4,674.35,9.67,260.96,2436.44,337.49,1086.48
qi_b594bebe,quote_fdb339c2,prod_770c0c43,7,304.47,11.54,245.97,1885.32,153.4,811.52
qi_67818b14,quote_e30c78aa,prod_761255b4,7,377.23,10.62,280.51,2360.1,238.42,691.16
qi_29186e50,quote_4bf36ea3,prod_7afc80e5,1,500.07,8.13,40.67,459.4,298.76,160.64
qi_61265a67,quote_2bc0c861,prod_039421d7,6,221.39,8.93,118.67,1209.67,117.98,501.79
qi_0c42f783,quote_496711e7,prod_bcde7343,9,103.88,11.09,103.65,831.27,76.74,140.61
qi_cd071f7f,quote_85a00228,prod_4e0ad55a,2,394.43,11.74,92.64,696.22,300.07,96.08
qi_edfe1a3d,quote_13ba3d24,prod_8713c712,4,1310.68,11.66,611.05,4631.67,955.46,809.83
qi_03b56bd7,quote_0ed6d6de,prod_f009ca00,3,904.43,7.87,213.53,2499.76,467.12,1098.4
qi_7c51d603,quote_02e953ef,prod_3cf36411,3,100.55,4.64,13.99,287.66,76.96,56.78
qi_10ba294e,quote_86ffd571,prod_aa9c466e,1,192.86,9.34,18.01,174.85,127.52,47.33
qi_074cbeb5,quote_173a2f66,prod_770c0c43,5,304.47,14.66,223.15,1299.2,153.4,532.2
qi_fe9bf43d,quote_b189062d,prod_cb6fc0eb,1,623.98,8.68,54.17,569.81,498.78,71.03
qi_3ec00ddf,quote_29673478,prod_de12acd0,10,335.68,10.04,336.9,3019.9,228.3,736.9
qi_eb87ec79,quote_c96f450d,prod_039421d7,10,221.39,37.16,822.75,1391.15,117.98,211.35
qi_9934dac6,quote_612dc32a,prod_de12acd0,2,335.68,17.79,119.45,551.91,228.3,95.31
qi_50d6458d,quote_b2778851,prod_e1bddf73,6,561.12,13.97,470.41,2896.31,422.73,359.93
qi_6f3f7a55,quote_b2778851,prod_039421d7,4,221.39,12.61,111.67,773.89,117.98,301.97
qi_e3f01c9c,quote_e07cc0e7,prod_cb6fc0eb,5,623.98,15.74,490.98,2628.92,498.78,135.02
qi_a1e79133,quote_b122458b,prod_035d78fc,6,708.07,13.2,560.61,3687.81,390.29,1346.07
qi_df1da02d,quote_b122458b,prod_2a053ba0,1,118.08,6.98,8.24,109.84,92.98,16.86
qi_36198902,quote_b122458b,prod_6bb9d589,1,257.04,6.36,16.34,240.7,173.89,66.81
qi_23d7cc7c,quote_e0e79109,prod_be2be7f1,2,126.81,15.31,38.83,214.79,96.34,22.11
qi_37726078,quote_d3187e85,prod_2af333ea,5,445.79,12.0,267.5,1961.45,329.4,314.45
qi_d18d6941,quote_17f157c7,prod_5d2d5599,7,99.34,7.9,54.95,640.43,56.01,248.36
qi_a7c837cf,quote_17f157c7,prod_2a053ba0,1,118.08,9.97,11.78,106.3,92.98,13.32
qi_9070f800,quote_588df152,prod_e1bddf73,6,561.12,15.93,536.16,2830.56,422.73,294.18
qi_256839e6,quote_588df152,prod_761255b4,5,377.23,12.56,236.88,1649.27,238.42,457.17
qi_b56f5dbe,quote_96f5b9b1,prod_b572f27a,7,234.88,11.84,194.69,1449.47,172.85,239.52
qi_a1ff66da,quote_c1d1a952,prod_de12acd0,7,335.68,17.07,401.19,1948.57,228.3,350.47
qi_b5fd705f,quote_0580332a,prod_704502ed,7,563.8,8.7,343.36,3603.24,439.3,528.14
qi_388f7280,quote_0580332a,prod_2a053ba0,1,118.08,10.61,12.53,105.55,92.98,12.57
qi_24411c38,quote_0580332a,prod_53e1d316,1,258.72,11.68,30.21,228.51,134.87,93.64
qi_bcc0ca48,quote_8ca7eae0,prod_cb6fc0eb,2,623.98,12.62,157.46,1090.5,498.78,92.94
qi_f3900231,quote_05951df2,prod_3cf36411,2,100.55,13.46,27.07,174.03,76.96,20.11
qi_d5784c0a,quote_ef3d2c6d,prod_64c08afc,9,239.23,11.57,249.06,1904.01,131.55,720.06
qi_32f1d947,quote_d773024c,prod_be2be7f1,1,126.81,8.01,10.15,116.66,96.34,20.32
qi_315d2c77,quote_d773024c,prod_2a053ba0,1,118.08,14.08,16.63,101.45,92.98,8.47
qi_b6c90146,quote_1dce41ac,prod_770c0c43,6,304.47,13.93,254.53,1572.29,153.4,651.89
qi_79b10dd2,quote_e63dea1a,prod_be2be7f1,7,126.81,14.43,128.06,759.61,96.34,85.23
qi_0652c753,quote_e63dea1a,prod_5aea0ff9,4,535.04,9.09,194.61,1945.55,354.15,528.95
qi_6a57cf69,quote_e63dea1a,prod_2a053ba0,1,118.08,9.99,11.79,106.29,92.98,13.31
qi_fc2807ed,quote_9cd7676e,prod_770c0c43,1,304.47,10.97,33.39,271.08,153.4,117.68
qi_d1baf6b8,quote_5478d714,prod_f009ca00,3,904.43,12.52,339.66,2373.63,467.12,972.27
qi_593dd6cd,quote_b2686d27,prod_4f0226fb,9,126.37,12.67,144.14,993.19,80.07,272.56
qi_41539b80,quote_b2686d27,prod_2a053ba0,1,118.08,14.21,16.77,101.31,92.98,8.33
qi_eb68bae8,quote_e8e9da96,prod_09b423f4,3,194.09,8.97,52.23,530.04,140.65,108.09
qi_fc6f1cc1,quote_768005bf,prod_c5ca2c8c,5,432.9,11.37,246.17,1918.33,232.13,757.68
qi_89f8e84b,quote_d1cf3885,prod_53e1d316,7,258.72,10.21,184.89,1626.15,134.87,682.06
qi_1a947eea,quote_6f6135f7,prod_aa9c466e,2,192.86,15.95,61.52,324.2,127.52,69.16
qi_7933273d,quote_2d6e85b1,prod_86baf995,10,53.08,16.42,87.16,443.64,37.74,66.24
qi_88547166,quote_b257e27d,prod_53e1d316,2,258.72,13.16,68.11,449.33,134.87,179.59
qi_22931841,quote_dce09b8c,prod_de12acd0,4,335.68,8.7,116.87,1225.85,228.3,312.65
qi_73b1ca4a,quote_90c161c5,prod_aa9c466e,6,192.86,18.58,215.0,942.16,127.52,177.04
qi_85c634c3,quote_2206ada1,prod_951860a3,3,342.18,9.67,99.24,927.3,221.24,263.58
qi_4ae02df3,quote_7c921524,prod_ad64d881,3,2529.7,12.93,981.19,6607.91,1372.17,2491.4
qi_2aa101e5,quote_deaee1c8,prod_bcde7343,9,103.88,9.53,89.07,845.85,76.74,155.19
qi_e8a0b8ec,quote_9bcb954a,prod_bcde7343,8,103.88,5.93,49.32,781.72,76.74,167.8
qi_4d5eb73e,quote_1f9fbd16,prod_704502ed,3,563.8,4.26,72.09,1619.31,439.3,301.41
qi_842bfa03,quote_4f37bd1b,prod_cb6fc0eb,9,623.98,11.09,622.65,4993.17,498.78,504.15
qi_07c1c82a,quote_8655bcc7,prod_ad64d881,2,2529.7,12.23,618.56,4440.84,1372.17,1696.5
qi_6924f92d,quote_8655bcc7,prod_c5ca2c8c,7,432.9,14.43,437.27,2593.03,232.13,968.12
qi_b19ff851,quote_3a91eb30,prod_67da2a8c,2,502.85,16.54,166.33,839.37,390.19,58.99
qi_77610808,quote_b50e9c19,prod_7a535b91,1,941.21,8.59,80.87,860.34,552.83,307.51
qi_157dfc37,quote_1a1fcfdf,prod_704502ed,2,563.8,4.86,54.81,1072.79,439.3,194.19
qi_8ef933b9,quote_1a1fcfdf,prod_1a600b85,1,467.29,14.06,65.71,401.58,370.35,31.23
qi_266cdc58,quote_1a1fcfdf,prod_2a053ba0,1,118.08,9.66,11.4,106.68,92.98,13.7
qi_146cfeae,quote_1a1fcfdf,prod_6bb9d589,1,257.04,13.71,35.25,221.79,173.89,47.9
qi_857ab408,quote_293e1e60,prod_582de9a4,6,584.53,12.67,444.5,3062.68,295.15,1291.78
qi_1e6dee4d,quote_516281e0,prod_4e0ad55a,5,394.43,9.83,193.93,1778.22,300.07,277.87
qi_a18d9f5e,quote_516281e0,prod_2a053ba0,1,118.08,10.02,11.83,106.25,92.98,13.27
qi_ef189a81,quote_afb98fbd,prod_f009ca00,4,904.43,10.14,366.87,3250.85,467.12,1382.37
qi_7217d2ff,quote_4d898c29,prod_64c08afc,1,239.23,13.65,32.65,206.58,131.55,75.03
qi_5967bf64,quote_89823a53,prod_4f0226fb,8,126.37,16.87,170.53,840.43,80.07,199.87
qi_fa18ae0b,quote_89823a53,prod_2a053ba0,1,118.08,10.89,12.86,105.22,92.98,12.24
qi_9606dfba,quote_36f1b933,prod_c5ca2c8c,7,432.9,11.61,351.71,2678.59,232.13,1053.68
qi_53227777,quote_75daac82,prod_308881b9,3,1352.19,10.52,426.6,3629.97,763.26,1340.19
qi_c47a03f8,quote_75daac82,prod_971152aa,4,452.14,12.09,218.63,1589.93,304.85,370.53
qi_02f17fd8,quote_75daac82,prod_2a053ba0,1,118.08,13.73,16.21,101.87,92.98,8.89
qi_c7ee97e0,quote_683f4811,prod_c5ca2c8c,3,432.9,16.14,209.64,1089.06,232.13,392.67
qi_36210617,quote_f93c4d44,prod_035d78fc,9,708.07,10.51,669.76,5702.87,390.29,2190.26
qi_382df706,quote_f93c4d44,prod_2a053ba0,1,118.08,13.46,15.89,102.19,92.98,9.21
qi_dda1223d,quote_f93c4d44,prod_770c0c43,1,304.47,13.08,39.82,264.65,153.4,111.25
qi_5f6fe4b8,quote_6d264b12,prod_b572f27a,1,234.88,13.5,31.7,203.18,172.85,30.33
qi_4539d74e,quote_c5eb094a,prod_09b423f4,3,194.09,17.47,101.71,480.56,140.65,58.61
qi_6d27df4c,quote_2ac4aa4d,prod_53e1d316,7,258.72,12.63,228.8,1582.24,134.87,638.15
qi_5f25d113,quote_00d19ebf,prod_b3825ee4,6,2407.95,4.81,694.56,13753.14,1308.02,5905.02
qi_797cc33c,quote_00d19ebf,prod_aa9c466e,8,192.86,14.33,221.14,1321.74,127.52,301.58
qi_da9935f1,quote_59ee158b,prod_ff879477,1,508.47,9.19,46.74,461.73,374.73,87.0
qi_b55c4d06,quote_b03ff167,prod_fe300255,6,544.27,12.15,396.86,2868.76,378.97,594.94
qi_1d49b9ff,quote_b03ff167,prod_2a053ba0,1,118.08,8.54,10.08,108.0,92.98,15.02
qi_670616e3,quote_29e1a3b9,prod_971152aa,1,452.14,17.0,76.88,375.26,304.85,70.41
qi_0020aed9,quote_465440e5,prod_3cf36411,3,100.55,9.96,30.03,271.62,76.96,40.74
qi_36bdd6db,quote_f326df82,prod_5aea0ff9,6,535.04,12.39,397.72,2812.52,354.15,687.62
qi_5cd9f337,quote_558e24cc,prod_de12acd0,5,335.68,9.98,167.53,1510.87,228.3,369.37
qi_999fbe9b,quote_c4d53423,prod_fe300255,2,544.27,11.21,122.02,966.52,378.97,208.58
qi_d5fa9e80,quote_c4d53423,prod_971152aa,2,452.14,6.09,55.04,849.24,304.85,239.54
qi_f869f7aa,quote_b7db2742,prod_2af333ea,3,445.79,12.01,160.6,1176.77,329.4,188.57
qi_c8816e56,quote_3b9351cb,prod_c5ca2c8c,5,432.9,11.1,240.26,1924.24,232.13,763.59
qi_ad0bd60d,quote_44b81f39,prod_039421d7,4,221.39,7.18,63.59,821.97,117.98,350.05
qi_4d70ff0d,quote_60a55cb2,prod_81feaa25,10,674.35,9.81,661.67,6081.83,337.49,2706.93
qi_ce8a4ad0,quote_60a55cb2,prod_b572f27a,1,234.88,12.87,30.22,204.66,172.85,31.81
qi_24a36221,quote_60a55cb2,prod_2a053ba0,1,118.08,7.04,8.32,109.76,92.98,16.78
qi_ffb81f8a,quote_1504cf42,prod_bfb5489d,8,159.47,11.51,146.87,1128.89,108.64,259.77
qi_f93dd38c,quote_810c3db8,prod_ff879477,8,508.47,11.41,464.1,3603.66,374.73,605.82
qi_8ee69ae8,quote_cb65a4cf,prod_7afc80e5,3,500.07,7.62,114.34,1385.87,298.76,489.59
qi_70b401c8,quote_27296229,prod_53e1d316,9,258.72,9.68,225.37,2103.11,134.87,889.28
qi_5b8a26aa,quote_cc1a86cc,prod_770c0c43,7,304.47,6.89,146.94,1984.35,153.4,910.55
qi_821bf023,quote_57ffcfd4,prod_fe300255,8,544.27,15.89,692.06,3662.1,378.97,630.34
qi_904724a0,quote_57ffcfd4,prod_be2be7f1,1,126.81,10.11,12.82,113.99,96.34,17.65
qi_344928bc,quote_02faf559,prod_035d78fc,4,708.07,16.54,468.57,2363.71,390.29,802.55
qi_5ddad9f1,quote_02faf559,prod_2a053ba0,1,118.08,18.61,21.98,96.1,92.98,3.12
qi_9e4a3101,quote_13f16806,prod_4e0ad55a,1,394.43,9.66,38.11,356.32,300.07,56.25
qi_93ff65c5,quote_13f16806,prod_6bb9d589,1,257.04,9.34,24.0,233.04,173.89,59.15
qi_1a40e829,quote_1423d452,prod_bfb5489d,2,159.47,7.79,24.85,294.09,108.64,76.81
qi_e43351e3,quote_1bb16903,prod_7a535b91,1,941.21,16.74,157.54,783.67,552.83,230.84
qi_a121323e,quote_37fb2ef5,prod_4e0ad55a,5,394.43,17.12,337.68,1634.47,300.07,134.12
qi_613be3e7,quote_37fb2ef5,prod_5aea0ff9,4,535.04,9.07,194.07,1946.09,354.15,529.49
qi_3500ae28,quote_37fb2ef5,prod_09b423f4,1,194.09,8.12,15.76,178.33,140.65,37.68
qi_dbeefe63,quote_258c2a99,prod_bfb5489d,5,159.47,8.42,67.17,730.18,108.64,186.98
qi_c682a007,quote_5117ee1c,prod_e1bddf73,7,561.12,12.55,493.11,3434.73,422.73,475.62
qi_2d14fa3e,quote_39ecf42b,prod_f24c5a18,9,341.75,7.04,216.42,2859.33,205.73,1007.76
qi_1d6fec40,quote_bd35c640,prod_971152aa,6,452.14,7.08,192.16,2520.68,304.85,691.58
qi_18dd79b6,quote_88bedb8f,prod_3bcbd935,8,412.02,10.24,337.48,2958.68,239.32,1044.12
qi_02caf721,quote_0bc8e5c9,prod_be2be7f1,9,126.81,7.57,86.38,1054.91,96.34,187.85
qi_a8f47be0,quote_0bc8e5c9,prod_aa9c466e,2,192.86,7.29,28.11,357.61,127.52,102.57
qi_47999bf3,quote_0bc8e5c9,prod_2a053ba0,1,118.08,9.44,11.15,106.93,92.98,13.95
qi_64ab652a,quote_2c4cbd4f,prod_b2f3a8f7,8,101.33,9.86,79.9,730.74,55.14,289.62
qi_a22f2120,quote_e2cc6912,prod_aa9c466e,6,192.86,7.68,88.87,1068.29,127.52,303.17
qi_afeb6356,quote_690652ab,prod_71507ccd,3,557.35,8.95,149.61,1522.44,361.29,438.57
qi_21dd1db1,quote_690652ab,prod_1a600b85,5,467.29,15.06,351.9,1984.55,370.35,132.8
qi_fd5f195b,quote_690652ab,prod_2a053ba0,1,118.08,12.64,14.93,103.15,92.98,10.17
qi_dc5d2ab9,quote_fbb99867,prod_7afc80e5,3,500.07,12.38,185.7,1314.51,298.76,418.23
qi_542ad35b,quote_a100bba1,prod_ff879477,10,508.47,12.99,660.51,4424.19,374.73,676.89
qi_9cbfde34,quote_9c63a5b2,prod_de12acd0,1,335.68,11.68,39.2,296.48,228.3,68.18
qi_8f130a63,quote_39ea889c,prod_7a535b91,5,941.21,14.75,693.96,4012.09,552.83,1247.94
qi_156e6e1d,quote_c06728d8,prod_cb6fc0eb,9,623.98,14.19,796.73,4819.09,498.78,330.07
qi_e4b6b273,quote_827e76c3,prod_67da2a8c,1,502.85,6.07,30.53,472.32,390.19,82.13
qi_363adbc3,quote_374662c8,prod_582de9a4,2,584.53,10.08,117.88,1051.18,295.15,460.88
qi_ac376dcb,quote_f05e21d7,prod_54709729,3,876.27,10.38,272.93,2355.88,477.91,922.15
qi_d9cdb6b0,quote_f05e21d7,prod_5aea0ff9,4,535.04,8.05,172.24,1967.92,354.15,551.32
qi_526216a3,quote_3e751b17,prod_704502ed,9,563.8,49.67,2520.28,2553.92,439.3,-1399.78
qi_2847b542,quote_4d361f88,prod_b2f3a8f7,9,101.33,47.73,435.31,476.66,55.14,-19.6
qi_569a89bb,quote_8874e647,prod_8713c712,8,1310.68,11.54,1209.88,9275.56,955.46,1631.88
qi_13aeb6d0,quote_76ec3989,prod_cb6fc0eb,10,623.98,13.15,820.26,5419.54,498.78,431.74
qi_e47415e4,quote_f65cb121,prod_4f0226fb,8,126.37,7.51,75.89,935.07,80.07,294.51
qi_bfa31d23,quote_f65cb121,prod_7afc80e5,1,500.07,11.17,55.86,444.21,298.76,145.45
qi_77b9391c,quote_f65cb121,prod_2a053ba0,1,118.08,9.75,11.51,106.57,92.98,13.59
qi_fc3b50ee,quote_f82d5165,prod_7afc80e5,2,500.07,11.27,112.71,887.43,298.76,289.91
qi_b5db7ce1,quote_1418f740,prod_b9a67276,3,132.34,12.27,48.7,348.32,72.74,130.1
qi_826234b9,quote_1418f740,prod_2a053ba0,1,118.08,11.58,13.68,104.4,92.98,11.42
qi_de4d17a2,quote_2ae84bb9,prod_308881b9,7,1352.19,13.62,1289.42,8175.91,763.26,2833.09
qi_86afc117,quote_2ae84bb9,prod_5aea0ff9,3,535.04,7.99,128.28,1476.84,354.15,414.39
qi_69d46432,quote_7210be5b,prod_de12acd0,9,335.68,11.63,351.36,2669.76,228.3,615.06
qi_a0e8af8e,quote_84dd3946,prod_5aea0ff9,3,535.04,7.71,123.76,1481.36,354.15,418.91
qi_cb9f5fd7,quote_4355b840,prod_f24c5a18,7,341.75,4.59,109.69,2282.56,205.73,842.45
qi_f950acd8,quote_73b95710,prod_b2f3a8f7,5,101.33,10.78,54.61,452.04,55.14,176.34
qi_3e91e7ce,quote_9b3ec560,prod_de12acd0,5,335.68,7.29,122.31,1556.09,228.3,414.59
qi_d187c9c1,quote_6cb3440c,prod_bfb5489d,4,159.47,44.31,282.63,355.25,108.64,-79.31
qi_6baca246,quote_a5f2f86f,prod_09b423f4,5,194.09,18.35,178.09,792.36,140.65,89.11
qi_2ace241f,quote_85355a30,prod_ad64d881,10,2529.7,5.17,1307.09,23989.91,1372.17,10268.21
qi_03d6d865,quote_8720abc9,prod_cb6fc0eb,6,623.98,8.19,306.78,3437.1,498.78,444.42
qi_02c75be5,quote_950e2154,prod_951860a3,1,342.18,12.28,42.02,300.16,221.24,78.92
qi_ff2cc13a,quote_3e89408e,prod_be2be7f1,2,126.81,7.83,19.86,233.76,96.34,41.08
qi_ffabb851,quote_3e89408e,prod_1a600b85,3,467.29,17.3,242.55,1159.32,370.35,48.27
qi_f2d6c38a,quote_3e89408e,prod_2a053ba0,1,118.08,4.69,5.54,112.54,92.98,19.56
qi_755f2969,quote_ec398e8d,prod_7a535b91,9,941.21,6.9,584.67,7886.22,552.83,2910.75
qi_1b956608,quote_6b860fef,prod_de12acd0,7,335.68,10.51,246.94,2102.82,228.3,504.72
qi_7748c712,quote_922cee93,prod_035d78fc,7,708.07,13.27,657.64,4298.85,390.29,1566.82
qi_67c8b688,quote_922cee93,prod_aa9c466e,4,192.86,13.26,102.29,669.15,127.52,159.07
qi_2b5c04d1,quote_0d4adff1,prod_b3825ee4,8,2407.95,9.53,1836.39,17427.21,1308.02,6963.05
qi_be7c4eda,quote_0d4adff1,prod_7afc80e5,6,500.07,9.64,289.25,2711.17,298.76,918.61
qi_83ebaffe,quote_0795a1fd,prod_566c0f49,2,542.11,10.34,112.12,972.1,424.39,123.32
qi_100220c8,quote_0795a1fd,prod_5aea0ff9,5,535.04,8.54,228.39,2446.81,354.15,676.06
qi_648ffbb3,quote_0795a1fd,prod_2a053ba0,1,118.08,8.7,10.28,107.8,92.98,14.82
qi_a7d59bfc,quote_29cfffdb,prod_54709729,9,876.27,11.63,917.23,6969.2,477.91,2668.01
qi_09bf5d46,quote_29cfffdb,prod_1a600b85,1,467.29,13.1,61.24,406.05,370.35,35.7
qi_dcffada6,quote_29cfffdb,prod_2a053ba0,1,118.08,3.38,3.99,114.09,92.98,21.11
qi_f843d04f,quote_29cfffdb,prod_4f0226fb,1,126.37,11.08,14.0,112.37,80.07,32.3
qi_bf240a46,quote_2fd5f6a2,prod_035d78fc,6,708.07,13.6,577.94,3670.48,390.29,1328.74
qi_4ce5ded7,quote_2fd5f6a2,prod_039421d7,5,221.39,8.78,97.14,1009.81,117.98,419.91
qi_39dc78b7,quote_2fd5f6a2,prod_2a053ba0,1,118.08,3.89,4.59,113.49,92.98,20.51
qi_196afda6,quote_11bf73f7,prod_582de9a4,6,584.53,9.98,349.87,3157.31,295.15,1386.41
qi_7eecd25b,quote_a32ade7e,prod_ad64d881,2,2529.7,10.06,508.74,4550.66,1372.17,1806.32
qi_e66d3d78,quote_a32ade7e,prod_aa9c466e,12,192.86,15.03,347.83,1966.49,127.52,436.25
qi_a0d00acc,quote_3d3c0680,prod_7a535b91,10,941.21,9.28,873.67,8538.43,552.83,3010.13
qi_0eb51c26,quote_77265f67,prod_5d2d5599,3,99.34,17.47,52.06,245.96,56.01,77.93
qi_1b314287,quote_77265f67,prod_2a053ba0,1,118.08,15.71,18.55,99.53,92.98,6.55
qi_62781e57,quote_77265f67,prod_770c0c43,1,304.47,17.31,52.71,251.76,153.4,98.36
qi_26c44130,quote_a47ebd98,prod_587805bf,1,620.3,10.5,65.1,555.2,395.64,159.56
qi_e9cc55c3,quote_a47ebd98,prod_2a053ba0,1,118.08,11.71,13.82,104.26,92.98,11.28
qi_2fd84fff,quote_24133bc2,prod_770c0c43,8,304.47,11.02,268.31,2167.45,153.4,940.25
qi_392294cb,quote_5601ca9f,prod_039421d7,3,221.39,8.75,58.14,606.03,117.98,252.09
qi_d6cdee8b,quote_bdf5db7c,prod_039421d7,10,221.39,10.55,233.47,1980.43,117.98,800.63
qi_4f4d0d67,quote_fca93426,prod_ad64d881,1,2529.7,10.74,271.81,2257.89,1372.17,885.72
qi_c2849d1c,quote_4925f40f,prod_b2f3a8f7,6,101.33,15.49,94.18,513.8,55.14,182.96
qi_a65f05d2,quote_3381d869,prod_5d2d5599,10,99.34,7.43,73.83,919.57,56.01,359.47
qi_f027f5ef,quote_3381d869,prod_1a600b85,5,467.29,14.53,339.47,1996.98,370.35,145.23
qi_3061641a,quote_3381d869,prod_770c0c43,1,304.47,11.21,34.12,270.35,153.4,116.95
qi_1bf310ff,quote_b37d7e87,prod_24ab3fd0,7,528.46,13.11,485.06,3214.16,335.31,866.99
qi_04fe1dfa,quote_08297f4a,prod_aa9c466e,10,192.86,8.47,163.35,1765.25,127.52,490.05
qi_6db59ffc,quote_fbac4097,prod_5aea0ff9,10,535.04,9.19,491.72,4858.68,354.15,1317.18
qi_01b0c807,quote_79b78de9,prod_761255b4,8,377.23,10.06,303.71,2714.13,238.42,806.77
qi_42bcf664,quote_d6786bc9,prod_308881b9,4,1352.19,12.27,663.71,4745.05,763.26,1692.01
qi_2cdbbffc,quote_d6786bc9,prod_971152aa,5,452.14,7.23,163.53,2097.17,304.85,572.92
qi_ca45f5e4,quote_e2a35b36,prod_bfb5489d,4,159.47,14.16,90.31,547.57,108.64,113.01
qi_82778e4d,quote_e4083582,prod_54709729,3,876.27,13.03,342.42,2286.39,477.91,852.66
qi_ee599262,quote_e4083582,prod_761255b4,1,377.23,7.68,28.97,348.26,238.42,109.84
qi_a489b27b,quote_e4083582,prod_2a053ba0,1,118.08,6.27,7.4,110.68,92.98,17.7
qi_a5cb310b,quote_e4083582,prod_5d2d5599,1,99.34,4.66,4.63,94.71,56.01,38.7
qi_7b10b1aa,quote_34f82792,prod_7a535b91,7,941.21,14.49,954.55,5633.92,552.83,1764.11
qi_df42a592,quote_ebf8d370,prod_53e1d316,4,258.72,13.84,143.23,891.65,134.87,352.17
qi_fa6de987,quote_76c68978,prod_8713c712,5,1310.68,6.62,434.07,6119.33,955.46,1342.03
qi_11784e54,quote_e6202338,prod_b3825ee4,8,2407.95,15.33,2952.76,16310.84,1308.02,5846.68
qi_a093dd47,quote_e6202338,prod_b572f27a,10,234.88,17.18,403.46,1945.34,172.85,216.84
qi_f5efe9d2,quote_290a4076,prod_bfb5489d,4,159.47,10.65,67.94,569.94,108.64,135.38
qi_47d7d3ec,quote_f76d8af5,prod_fe300255,4,544.27,11.33,246.58,1930.5,378.97,414.62
qi_8a0d1a2b,quote_f76d8af5,prod_2a053ba0,1,118.08,15.65,18.47,99.61,92.98,6.63
qi_c464ed2b,quote_437f19b0,prod_c5ca2c8c,8,432.9,14.04,486.1,2977.1,232.13,1120.06
qi_1dd3ab91,quote_92f90581,prod_09b423f4,8,194.09,7.03,109.17,1443.55,140.65,318.35
qi_aacff093,quote_897b9d20,prod_c5ca2c8c,1,432.9,9.62,41.66,391.24,232.13,159.11
qi_f5f8d9f0,quote_e308de5b,prod_5d2d5599,6,99.34,13.17,78.48,517.56,56.01,181.5
qi_9c347d54,quote_e308de5b,prod_761255b4,4,377.23,16.28,245.69,1263.23,238.42,309.55
qi_d92357e7,quote_e308de5b,prod_2a053ba0,1,118.08,7.92,9.36,108.72,92.98,15.74
qi_2054f618,quote_cf463198,prod_aa9c466e,3,192.86,14.59,84.41,494.17,127.52,111.61
qi_64e864e5,quote_79475215,prod_bfb5489d,8,159.47,11.96,152.63,1123.13,108.64,254.01
qi_2726b205,quote_bfceb0a8,prod_7a535b91,5,941.21,8.04,378.15,4327.9,552.83,1563.75
qi_119929e2,quote_11a845c7,prod_566c0f49,3,542.11,6.13,99.7,1526.63,424.39,253.46
qi_ee43bdc5,quote_11a845c7,prod_971152aa,4,452.14,6.11,110.59,1697.97,304.85,478.57
qi_95c0010f,quote_a7cae4dc,prod_035d78fc,6,708.07,10.49,445.73,3802.69,390.29,1460.95
qi_0b6dbda8,quote_487ecbe9,prod_7a535b91,7,941.21,12.22,804.97,5783.5,552.83,1913.69
qi_138b1b61,quote_8d23420f,prod_b3825ee4,1,2407.95,9.98,240.31,2167.64,1308.02,859.62
qi_2c152895,quote_8d23420f,prod_971152aa,11,452.14,6.04,300.53,4673.01,304.85,1319.66
qi_87664218,quote_68444243,prod_fe300255,10,544.27,14.31,778.7,4664.0,378.97,874.3
qi_31b2d62e,quote_68444243,prod_1a600b85,3,467.29,17.09,239.56,1162.31,370.35,51.26
qi_ff6e8864,quote_86f48b4e,prod_f009ca00,8,904.43,39.49,2857.58,4377.86,467.12,640.9
qi_a95cc96f,quote_9ae92b75,prod_5aea0ff9,7,535.04,14.19,531.58,3213.7,354.15,734.65
qi_2ababc6f,quote_adb55f25,prod_3bcbd935,8,412.02,11.68,385.01,2911.15,239.32,996.59
qi_f80e3c57,quote_8720da68,prod_308881b9,5,1352.19,40.13,2713.08,4047.87,763.26,231.57
qi_0ba72512,quote_8720da68,prod_761255b4,1,377.23,39.67,149.66,227.57,238.42,-10.85
qi_a4c89672,quote_8720da68,prod_2a053ba0,1,118.08,46.99,55.49,62.59,92.98,-30.39
qi_7acd3c3b,quote_8720da68,prod_4f0226fb,1,126.37,49.97,63.15,63.22,80.07,-16.85
qi_5d7f48f1,quote_bd20df7a,prod_bfb5489d,7,159.47,12.97,144.75,971.54,108.64,211.06
qi_e5e06155,quote_6d9aa000,prod_308881b9,9,1352.19,10.45,1271.47,10898.24,763.26,4028.9
qi_801d3e8c,quote_6d9aa000,prod_7afc80e5,4,500.07,10.59,211.91,1788.37,298.76,593.33
qi_26f1dd79,quote_6d9aa000,prod_2a053ba0,1,118.08,9.57,11.3,106.78,92.98,13.8
qi_df4bd8d4,quote_5b9af37d,prod_b2f3a8f7,5,101.33,17.71,89.73,416.92,55.14,141.22
qi_d534e693,quote_e53627a1,prod_951860a3,1,342.18,6.68,22.85,319.33,221.24,98.09
qi_339030c6,quote_c0dcd61c,prod_951860a3,6,342.18,17.17,352.43,1700.65,221.24,373.21
qi_fdc62ae7,quote_f2c89f8e,prod_8713c712,3,1310.68,2.02,79.5,3852.54,955.46,986.16
qi_ab5ffa2b,quote_b8bd5cf0,prod_ff879477,6,508.47,9.47,288.83,2761.99,374.73,513.61
qi_c09b49af,quote_d1c20e39,prod_7afc80e5,9,500.07,10.61,477.57,4023.06,298.76,1334.22
qi_ef069d10,quote_9e2c542a,prod_b572f27a,1,234.88,14.55,34.18,200.7,172.85,27.85
qi_dc3047ff,quote_94501868,prod_aa9c466e,4,192.86,11.58,89.36,682.08,127.52,172.0
qi_f2fdaf21,quote_9db0c4ba,prod_54709729,10,876.27,8.91,781.14,7981.56,477.91,3202.46
qi_e35bb376,quote_9db0c4ba,prod_aa9c466e,1,192.86,9.79,18.88,173.98,127.52,46.46
qi_5cfaa08b,quote_9db0c4ba,prod_4f0226fb,1,126.37,11.46,14.48,111.89,80.07,31.82
qi_910dda5e,quote_e93fc500,prod_67da2a8c,9,502.85,7.68,347.66,4177.99,390.19,666.28
qi_5ca1fdc4,quote_a6a1388d,prod_f24c5a18,3,341.75,7.89,80.86,944.39,205.73,327.2
qi_e5d4f10e,quote_1acd144d,prod_c5ca2c8c,10,432.9,7.82,338.31,3990.69,232.13,1669.39
qi_4d5c39dc,quote_4f56533f,prod_86baf995,5,53.08,35.1,93.15,172.25,37.74,-16.45
qi_39e9b678,quote_a8d6f54d,prod_bfb5489d,5,159.47,8.43,67.19,730.16,108.64,186.96
qi_8008ada1,quote_ff793d0c,prod_de12acd0,10,335.68,11.47,384.96,2971.84,228.3,688.84
qi_8809e556,quote_042f3b92,prod_ad64d881,7,2529.7,9.28,1643.12,16064.78,1372.17,6459.59
qi_df5a2b6a,quote_042f3b92,prod_1a600b85,4,467.29,8.88,165.9,1703.26,370.35,221.86
qi_18eca88e,quote_057c6cc8,prod_035d78fc,10,708.07,10.7,757.92,6322.78,390.29,2419.88
qi_72ef1cb3,quote_057c6cc8,prod_b572f27a,2,234.88,10.76,50.54,419.22,172.85,73.52
qi_a7b3e513,quote_057c6cc8,prod_2a053ba0,1,118.08,14.94,17.64,100.44,92.98,7.46
qi_d1c501d1,quote_057c6cc8,prod_09b423f4,1,194.09,6.98,13.55,180.54,140.65,39.89
qi_2363cdef,quote_028a4769,prod_e1bddf73,10,561.12,11.78,660.96,4950.24,422.73,722.94
qi_04380454,quote_028a4769,prod_5aea0ff9,5,535.04,9.07,242.68,2432.52,354.15,661.77
qi_feaee33e,quote_028a4769,prod_2a053ba0,1,118.08,10.98,12.96,105.12,92.98,12.14
qi_190cd254,quote_028a4769,prod_b9a67276,1,132.34,6.25,8.27,124.07,72.74,51.33
qi_0ca128c8,quote_a5f48273,prod_5aea0ff9,1,535.04,6.28,33.58,501.46,354.15,147.31
qi_9751ae19,quote_6a278e9e,prod_3bcbd935,1,412.02,10.55,43.47,368.55,239.32,129.23
qi_141d57b5,quote_65bf2e1f,prod_951860a3,5,342.18,12.27,209.91,1500.99,221.24,394.79
qi_1ef80c0e,quote_59cb7f5d,prod_bfb5489d,3,159.47,8.76,41.91,436.5,108.64,110.58
qi_35853ced,quote_f72a2c26,prod_be2be7f1,9,126.81,4.74,54.09,1087.2,96.34,220.14
qi_d30ac34e,quote_f72a2c26,prod_2a053ba0,1,118.08,8.37,9.88,108.2,92.98,15.22
qi_9af69453,quote_1fb3fd54,prod_71507ccd,6,557.35,8.37,279.74,3064.36,361.29,896.62
qi_6ec3b576,quote_1fb3fd54,prod_67da2a8c,1,502.85,11.2,56.31,446.54,390.19,56.35
qi_e2f1238e,quote_1fb3fd54,prod_2a053ba0,1,118.08,9.89,11.67,106.41,92.98,13.43
qi_0180bdc7,quote_5d5bff4e,prod_e1bddf73,3,561.12,13.31,224.05,1459.31,422.73,191.12
qi_4e6928a4,quote_5d5bff4e,prod_c5ca2c8c,5,432.9,8.99,194.65,1969.85,232.13,809.2
qi_34bfbac9,quote_bcf04f4a,prod_7afc80e5,3,500.07,14.04,210.6,1289.61,298.76,393.33
qi_bf3594c6,quote_4998f91c,prod_566c0f49,1,542.11,16.47,89.26,452.85,424.39,28.46
qi_547ccc9e,quote_bd8b0b93,prod_971152aa,1,452.14,12.02,54.33,397.81,304.85,92.96
qi_34c7ec5e,quote_8036bbf3,prod_2af333ea,1,445.79,6.13,27.35,418.44,329.4,89.04
qi_f2fc6dae,quote_a4e41506,prod_6bb9d589,7,257.04,10.3,185.37,1613.91,173.89,396.68
qi_70defb64,quote_a67ee880,prod_587805bf,9,620.3,5.11,285.34,5297.36,395.64,1736.6
qi_d275c023,quote_a67ee880,prod_aa9c466e,2,192.86,11.66,44.96,340.76,127.52,85.72
qi_f9825b38,quote_a67ee880,prod_2a053ba0,1,118.08,16.02,18.91,99.17,92.98,6.19
qi_1883762e,quote_5b67eabe,prod_035d78fc,2,708.07,12.15,172.1,1244.04,390.29,463.46
qi_58444b3c,quote_5b67eabe,prod_2a053ba0,1,118.08,10.77,12.71,105.37,92.98,12.39
qi_08829886,quote_32accfe3,prod_5aea0ff9,3,535.04,15.95,255.99,1349.13,354.15,286.68
qi_d9f3423e,quote_4cd07bd2,prod_b9a67276,10,132.34,4.48,59.25,1264.15,72.74,536.75
qi_a1857991,quote_4cd07bd2,prod_2a053ba0,1,118.08,6.16,7.28,110.8,92.98,17.82
qi_ae49948c,quote_4cd07bd2,prod_770c0c43,1,304.47,8.13,24.74,279.73,153.4,126.33
qi_9b179f61,quote_9e684ef8,prod_aa9c466e,10,192.86,10.08,194.37,1734.23,127.52,459.03
qi_b85c5217,quote_fe52bbf0,prod_f24c5a18,8,341.75,10.56,288.72,2445.28,205.73,799.44
qi_54463bc9,quote_02e7e6e3,prod_566c0f49,1,542.11,7.73,41.93,500.18,424.39,75.79
qi_68123090,quote_02e7e6e3,prod_5aea0ff9,3,535.04,5.43,87.13,1517.99,354.15,455.54
qi_dbb2cd37,quote_02e7e6e3,prod_2a053ba0,1,118.08,7.6,8.98,109.1,92.98,16.12
qi_eea3fb37,quote_02e7e6e3,prod_b9a67276,1,132.34,14.02,18.56,113.78,72.74,41.04
qi_250bd40c,quote_cbc81ad8,prod_b572f27a,7,234.88,12.35,203.03,1441.13,172.85,231.18
qi_a36e08e8,quote_ac16cb6a,prod_24ab3fd0,10,528.46,16.24,858.43,4426.17,335.31,1073.07
qi_80b6ae6e,quote_fb181841,prod_86baf995,10,53.08,14.09,74.77,456.03,37.74,78.63
qi_1a3aabf1,quote_7d0eb8da,prod_b3825ee4,8,2407.95,46.99,9052.63,10210.97,1308.02,-253.19
qi_6def4e99,quote_7d0eb8da,prod_b572f27a,7,234.88,49.98,821.83,822.33,172.85,-387.62
qi_0eda2ab7,quote_456a0147,prod_3bcbd935,6,412.02,8.27,204.52,2267.6,239.32,831.68
qi_ad08c9e9,quote_9581bbc4,prod_24ab3fd0,8,528.46,10.37,438.24,3789.44,335.31,1106.96
qi_e5288abd,quote_e623d34e,prod_704502ed,6,563.8,18.45,624.05,2758.75,439.3,122.95
qi_b4c58b4e,quote_e623d34e,prod_aa9c466e,2,192.86,12.89,49.72,336.0,127.52,80.96
qi_d305b430,quote_e3a90756,prod_2af333ea,2,445.79,10.54,93.97,797.61,329.4,138.81
qi_0f306f83,quote_583cbb56,prod_b3825ee4,8,2407.95,9.0,1732.85,17530.75,1308.02,7066.59
qi_f3212e19,quote_dd77d6bf,prod_039421d7,1,221.39,5.33,11.79,209.6,117.98,91.62
qi_6917c841,quote_1cb3a643,prod_fe300255,5,544.27,8.8,239.45,2481.9,378.97,587.05
qi_a040f70b,quote_1cb3a643,prod_039421d7,2,221.39,11.9,52.68,390.1,117.98,154.14
qi_ac5edc4c,quote_1cb3a643,prod_2a053ba0,1,118.08,12.92,15.25,102.83,92.98,9.85
qi_37cd50c3,quote_1cb3a643,prod_5d2d5599,1,99.34,11.87,11.79,87.55,56.01,31.54
qi_57590125,quote_52c05984,prod_3cf36411,5,100.55,10.29,51.73,451.02,76.96,66.22
qi_f678867a,quote_e6e3b98d,prod_67da2a8c,10,502.85,9.78,491.62,4536.88,390.19,634.98
qi_4f4ae964,quote_e2578714,prod_de12acd0,8,335.68,11.86,318.55,2366.89,228.3,540.49
qi_caf6d08e,quote_bfcb422a,prod_de12acd0,6,335.68,11.14,224.38,1789.7,228.3,419.9
qi_fb4b9568,quote_4e616e4c,prod_6bb9d589,10,257.04,11.83,304.12,2266.28,173.89,527.38
qi_95441708,quote_e0ec5644,prod_2af333ea,4,445.79,15.5,276.42,1506.74,329.4,189.14
qi_6aa620b8,quote_561e2c23,prod_fe300255,10,544.27,16.38,891.38,4551.32,378.97,761.62
qi_9b5350df,quote_561e2c23,prod_2a053ba0,1,118.08,10.42,12.3,105.78,92.98,12.8
qi_735230db,quote_7d0410cf,prod_be2be7f1,6,126.81,12.83,97.59,663.27,96.34,85.23
qi_4aaf1b4f,quote_7d0410cf,prod_aa9c466e,1,192.86,14.29,27.56,165.3,127.52,37.78
qi_00e706f0,quote_7d0410cf,prod_2a053ba0,1,118.08,13.62,16.09,101.99,92.98,9.01
qi_e7895e70,quote_40b70b2a,prod_704502ed,5,563.8,12.46,351.12,2467.88,439.3,271.38
qi_1d1730a0,quote_90cac2bd,prod_770c0c43,2,304.47,13.4,81.61,527.33,153.4,220.53
qi_cfaf8ceb,quote_ba70dddc,prod_ff879477,4,508.47,16.34,332.33,1701.55,374.73,202.63
qi_0b89328d,quote_72b3b49d,prod_f24c5a18,3,341.75,9.36,95.97,929.28,205.73,312.09
qi_d8d103e7,quote_fbf60806,prod_de12acd0,10,335.68,13.39,449.38,2907.42,228.3,624.42
qi_9cb1879d,quote_0ebaf486,prod_6bb9d589,1,257.04,9.76,25.08,231.96,173.89,58.07
qi_768310f8,quote_6f45df54,prod_de12acd0,2,335.68,5.78,38.83,632.53,228.3,175.93
qi_a4334311,quote_8eb21c01,prod_64c08afc,9,239.23,11.5,247.67,1905.4,131.55,721.45
qi_975df4f0,quote_e5b4bc0a,prod_8713c712,5,1310.68,6.87,450.39,6103.01,955.46,1325.71
qi_e5ed2c17,quote_ce18517b,prod_86baf995,9,53.08,13.83,66.09,411.63,37.74,71.97
qi_30d73f70,quote_3fdf7623,prod_67da2a8c,5,502.85,14.24,357.97,2156.28,390.19,205.33
qi_08511943,quote_921f038a,prod_566c0f49,8,542.11,4.21,182.62,4154.26,424.39,759.14
qi_dd719689,quote_921f038a,prod_2a053ba0,1,118.08,13.1,15.46,102.62,92.98,9.64
qi_a50c8ec9,quote_921f038a,prod_6bb9d589,1,257.04,5.54,14.25,242.79,173.89,68.9
qi_a232ac32,quote_af2be882,prod_e1bddf73,8,561.12,5.95,267.17,4221.79,422.73,839.95
qi_ad45f5c2,quote_af2be882,prod_1a600b85,2,467.29,11.76,109.87,824.71,370.35,84.01
qi_ae19feba,quote_af2be882,prod_2a053ba0,1,118.08,12.14,14.34,103.74,92.98,10.76
qi_bd4853ad,quote_0d9a2258,prod_ff879477,6,508.47,10.14,309.39,2741.43,374.73,493.05
qi_0bbaa3a1,quote_33e3c770,prod_7a535b91,4,941.21,16.67,627.58,3137.26,552.83,925.94
qi_8a3ce566,quote_c1203253,prod_704502ed,8,563.8,7.95,358.56,4151.84,439.3,637.44
qi_f0b85a20,quote_c1203253,prod_039421d7,3,221.39,16.9,112.22,551.95,117.98,198.01
qi_2d12f3ca,quote_c1203253,prod_2a053ba0,1,118.08,8.91,10.52,107.56,92.98,14.58
qi_65c5298f,quote_400f6b0a,prod_951860a3,10,342.18,4.95,169.53,3252.27,221.24,1039.87
qi_7f3a7707,quote_a0a756b5,prod_7a535b91,6,941.21,4.72,266.79,5380.47,552.83,2063.49
qi_170f6e52,quote_9a4d7152,prod_7afc80e5,10,500.07,9.1,455.01,4545.69,298.76,1558.09
qi_121663d6,quote_44cdd529,prod_035d78fc,1,708.07,10.59,74.95,633.12,390.29,242.83
qi_5710497c,quote_44cdd529,prod_2a053ba0,1,118.08,9.99,11.79,106.29,92.98,13.31
qi_32dc669b,quote_30e7d30b,prod_be2be7f1,8,126.81,12.7,128.8,885.68,96.34,114.96
qi_ccd96e53,quote_30e7d30b,prod_1a600b85,3,467.29,9.2,128.96,1272.91,370.35,161.86
qi_ff00c905,quote_30e7d30b,prod_2a053ba0,1,118.08,11.38,13.43,104.65,92.98,11.67
qi_9550f76a,quote_73bb6921,prod_761255b4,1,377.23,12.95,48.86,328.37,238.42,89.95
qi_e76e05fa,quote_d8694d10,prod_035d78fc,4,708.07,12.36,350.01,2482.27,390.29,921.11
qi_97f241a9,quote_d8694d10,prod_7afc80e5,1,500.07,19.93,99.66,400.41,298.76,101.65
qi_fb25eabc,quote_528a9925,prod_5aea0ff9,9,535.04,11.01,530.09,4285.27,354.15,1097.92
qi_ed1ddd0b,quote_526a379b,prod_24ab3fd0,10,528.46,16.5,872.03,4412.57,335.31,1059.47
qi_713aaf91,quote_bf582f3b,prod_971152aa,2,452.14,14.86,134.41,769.87,304.85,160.17
qi_4af3bd7e,quote_68e84215,prod_566c0f49,7,542.11,11.45,434.4,3360.37,424.39,389.64
qi_daff4d0b,quote_68e84215,prod_971152aa,5,452.14,11.2,253.27,2007.43,304.85,483.18
qi_f51c4fb9,quote_68e84215,prod_2a053ba0,1,118.08,14.67,17.32,100.76,92.98,7.78
qi_2e1da8a6,quote_52e572be,prod_7a535b91,8,941.21,13.13,988.75,6540.93,552.83,2118.29
qi_4216dfdf,quote_db0ab351,prod_71507ccd,6,557.35,11.88,397.27,2946.83,361.29,779.09
qi_6d39b69e,quote_db0ab351,prod_1a600b85,2,467.29,9.48,88.59,845.99,370.35,105.29
qi_fd6e9c32,quote_db0ab351,prod_2a053ba0,1,118.08,15.39,18.17,99.91,92.98,6.93
qi_ce48cb6d,quote_fe6bf0b5,prod_587805bf,1,620.3,13.15,81.54,538.76,395.64,143.12
qi_ab889ee9,quote_fe6bf0b5,prod_039421d7,2,221.39,8.34,36.94,405.84,117.98,169.88
qi_48d34f96,quote_fe6bf0b5,prod_2a053ba0,1,118.08,11.9,14.05,104.03,92.98,11.05
qi_3d5ad83c,quote_20b21eab,prod_2af333ea,4,445.79,20.07,357.92,1425.24,329.4,107.64
qi_374e53b0,quote_9d6635a1,prod_566c0f49,4,542.11,12.81,277.85,1890.59,424.39,193.03
qi_9abd90d1,quote_a1caa373,prod_b2f3a8f7,6,101.33,11.91,72.42,535.56,55.14,204.72
qi_7cbf447c,quote_3c219607,prod_582de9a4,7,584.53,11.75,480.83,3610.88,295.15,1544.83
qi_f9d56ccf,quote_4957c99c,prod_587805bf,1,620.3,14.63,90.75,529.55,395.64,133.91
qi_ed981560,quote_18c20856,prod_cb6fc0eb,1,623.98,13.25,82.68,541.3,498.78,42.52
qi_1c786529,quote_dc32a2e7,prod_aa9c466e,2,192.86,4.75,18.34,367.38,127.52,112.34
qi_6daafc50,quote_2242fb06,prod_4e0ad55a,10,394.43,6.23,245.65,3698.65,300.07,697.95
qi_bfb5dccb,quote_2242fb06,prod_971152aa,2,452.14,9.9,89.53,814.75,304.85,205.05
qi_b1132f7c,quote_3a0859c3,prod_b9a67276,7,132.34,15.38,142.51,783.87,72.74,274.69
qi_4b193d9f,quote_3a0859c3,prod_b572f27a,3,234.88,12.08,85.15,619.49,172.85,100.94
qi_746a1237,quote_3a0859c3,prod_2a053ba0,1,118.08,6.82,8.05,110.03,92.98,17.05
qi_9d2e84e9,quote_43755238,prod_67da2a8c,5,502.85,9.95,250.19,2264.06,390.19,313.11
qi_d7d2ce5b,quote_61d5236d,prod_2af333ea,9,445.79,48.98,1964.96,2047.15,329.4,-917.45
qi_e5789c89,quote_2d18eba7,prod_c5ca2c8c,8,432.9,13.57,469.79,2993.41,232.13,1136.37
qi_d5c1dff5,quote_76b2b41b,prod_971152aa,8,452.14,13.97,505.37,3111.75,304.85,672.95
qi_18e7995d,quote_b3e80871,prod_67da2a8c,3,502.85,6.6,99.63,1408.92,390.19,238.35
qi_1dfc8361,quote_19bf673c,prod_566c0f49,6,542.11,10.72,348.69,2903.97,424.39,357.63
qi_53ce9963,quote_19bf673c,prod_67da2a8c,5,502.85,10.92,274.47,2239.78,390.19,288.83
qi_4dae0144,quote_19bf673c,prod_2a053ba0,1,118.08,12.8,15.11,102.97,92.98,9.99
qi_100d9a55,quote_b1716ecc,prod_951860a3,10,342.18,11.27,385.47,3036.33,221.24,823.93
qi_53ba1766,quote_6017393f,prod_3bcbd935,5,412.02,11.51,237.06,1823.04,239.32,626.44
qi_225e03d9,quote_d440cd0c,prod_971152aa,5,452.14,15.57,352.04,1908.66,304.85,384.41
qi_c8dac452,quote_c378db0e,prod_6bb9d589,9,257.04,8.05,186.28,2127.08,173.89,562.07
qi_10bac89a,quote_3f830bcf,prod_770c0c43,5,304.47,11.44,174.18,1348.17,153.4,581.17
qi_8cba28b0,quote_329ee2d4,prod_582de9a4,7,584.53,11.89,486.46,3605.25,295.15,1539.2
qi_3861d936,quote_9ab361ea,prod_cb6fc0eb,1,623.98,10.5,65.51,558.47,498.78,59.69
qi_b845281d,quote_ba7d305f,prod_71507ccd,8,557.35,14.25,635.59,3823.21,361.29,932.89
qi_9fffcb2e,quote_ba7d305f,prod_761255b4,2,377.23,14.2,107.14,647.32,238.42,170.48
qi_9d5181b2,quote_ba7d305f,prod_2a053ba0,1,118.08,12.32,14.55,103.53,92.98,10.55
qi_09020e93,quote_ba7d305f,prod_be2be7f1,1,126.81,13.01,16.5,110.31,96.34,13.97
qi_c5ccbf48,quote_5870f534,prod_b572f27a,10,234.88,10.57,248.35,2100.45,172.85,371.95
qi_bbf49eb2,quote_668f49e6,prod_8713c712,1,1310.68,13.14,172.21,1138.47,955.46,183.01
qi_af7234a7,quote_9e605244,prod_b572f27a,9,234.88,11.94,252.33,1861.59,172.85,305.94
qi_7702cbdc,quote_f80c2b39,prod_53e1d316,6,258.72,21.49,333.59,1218.73,134.87,409.51
qi_651dcce5,quote_6d95b0e1,prod_2a053ba0,9,118.08,10.75,114.22,948.5,92.98,111.68
qi_efb12045,quote_86338960,prod_de12acd0,6,335.68,14.73,296.72,1717.36,228.3,347.56
qi_d4d6dd79,quote_9429b0b1,prod_86baf995,2,53.08,11.82,12.55,93.61,37.74,18.13
qi_9b12d756,quote_ae27469a,prod_587805bf,2,620.3,13.56,168.22,1072.38,395.64,281.1
qi_836f6f90,quote_ae27469a,prod_aa9c466e,1,192.86,13.53,26.09,166.77,127.52,39.25
qi_e023af0e,quote_938444ca,prod_951860a3,1,342.18,11.23,38.41,303.77,221.24,82.53
qi_367fa3a3,quote_36c2ee4f,prod_308881b9,3,1352.19,8.91,361.49,3695.08,763.26,1405.3
qi_43360663,quote_0eb4ae9f,prod_cb6fc0eb,6,623.98,10.52,394.0,3349.88,498.78,357.2
qi_507961cc,quote_c9bd3150,prod_aa9c466e,8,192.86,8.56,132.06,1410.82,127.52,390.66
qi_bf274519,quote_167215c8,prod_308881b9,3,1352.19,10.38,421.21,3635.36,763.26,1345.58
qi_8a126628,quote_167215c8,prod_7afc80e5,3,500.07,8.32,124.87,1375.34,298.76,479.06
qi_adce0726,quote_167215c8,prod_2a053ba0,1,118.08,11.13,13.14,104.94,92.98,11.96
qi_82468bfd,quote_167215c8,prod_b9a67276,1,132.34,14.7,19.45,112.89,72.74,40.15
qi_b0f6a28c,quote_e037ae7e,prod_e1bddf73,8,561.12,9.8,440.04,4048.92,422.73,667.08
qi_42fb7b97,quote_e037ae7e,prod_67da2a8c,4,502.85,4.9,98.5,1912.9,390.19,352.14
qi_b305b9b2,quote_e037ae7e,prod_2a053ba0,1,118.08,8.78,10.37,107.71,92.98,14.73
qi_e8c0418f,quote_780e2e27,prod_be2be7f1,10,126.81,5.66,71.72,1196.38,96.34,232.98
qi_6a0758d2,quote_780e2e27,prod_67da2a8c,3,502.85,3.4,51.34,1457.21,390.19,286.64
qi_f1546f81,quote_780e2e27,prod_53e1d316,1,258.72,11.32,29.29,229.43,134.87,94.56
qi_28b1d4ff,quote_65c2466d,prod_ff879477,9,508.47,8.49,388.7,4187.53,374.73,814.96
qi_17564b26,quote_60784094,prod_71507ccd,7,557.35,10.73,418.68,3482.77,361.29,953.74
qi_01a5cb9f,quote_60784094,prod_b572f27a,5,234.88,8.31,97.57,1076.83,172.85,212.58
qi_deaff9bc,quote_c9f293ee,prod_be2be7f1,10,126.81,9.33,118.35,1149.75,96.34,186.35
qi_17dcf732,quote_c9f293ee,prod_039421d7,3,221.39,6.56,43.56,620.61,117.98,266.67
qi_a9fa6ac8,quote_c9f293ee,prod_2a053ba0,1,118.08,9.66,11.4,106.68,92.98,13.7
qi_3761de0e,quote_c9f293ee,prod_09b423f4,1,194.09,11.9,23.1,170.99,140.65,30.34
qi_dca76b1d,quote_0c34717d,prod_770c0c43,7,304.47,10.42,222.15,1909.14,153.4,835.34
qi_511c34ff,quote_9565a487,prod_ff879477,6,508.47,7.92,241.76,2809.06,374.73,560.68
qi_8d96b786,quote_05851d5d,prod_c5ca2c8c,7,432.9,43.56,1319.86,1710.44,232.13,85.53
qi_cafe50aa,quote_05434570,prod_09b423f4,4,194.09,7.87,61.08,715.28,140.65,152.68
qi_533cd8a2,quote_59e6aaa9,prod_2a053ba0,8,118.08,10.99,103.84,840.8,92.98,96.96
qi_251cebe4,quote_417d5077,prod_bfb5489d,10,159.47,17.85,284.68,1310.02,108.64,223.62
qi_e2dd8c31,quote_2e5f5cb5,prod_582de9a4,1,584.53,13.97,81.67,502.86,295.15,207.71
qi_1d3f8db7,quote_baf883fe,prod_2af333ea,5,445.79,15.81,352.37,1876.58,329.4,229.58
qi_b9644f36,quote_828aa1df,prod_bcde7343,5,103.88,12.31,63.94,455.46,76.74,71.76
qi_4eeef943,quote_a4ae887c,prod_53e1d316,9,258.72,37.64,876.43,1452.05,134.87,238.22
qi_e2b35e60,quote_630e6517,prod_cb6fc0eb,7,623.98,11.93,521.01,3846.85,498.78,355.39
qi_13c949cc,quote_2e343574,prod_fe300255,4,544.27,13.99,304.52,1872.56,378.97,356.68
qi_f9b14500,quote_2e343574,prod_2a053ba0,1,118.08,13.75,16.23,101.85,92.98,8.87
qi_b8d7101d,quote_2e343574,prod_be2be7f1,1,126.81,11.47,14.55,112.26,96.34,15.92
qi_15997442,quote_0ad7f529,prod_704502ed,4,563.8,7.97,179.76,2075.44,439.3,318.24
qi_3e574953,quote_f0522692,prod_bcde7343,8,103.88,15.4,128.0,703.04,76.74,89.12
qi_d81a2c3d,quote_90aa1f18,prod_7a535b91,7,941.21,10.38,684.17,5904.3,552.83,2034.49
qi_f97e4318,quote_235c293f,prod_6bb9d589,9,257.04,7.96,184.07,2129.29,173.89,564.28
qi_e53f7b46,quote_52d19ea3,prod_86baf995,1,53.08,8.66,4.6,48.48,37.74,10.74
qi_c2003bfa,quote_3d96d1d5,prod_fe300255,3,544.27,7.33,119.71,1513.1,378.97,376.19
qi_7280ce09,quote_3d96d1d5,prod_5aea0ff9,3,535.04,12.48,200.33,1404.79,354.15,342.34
qi_864e5121,quote_3d96d1d5,prod_b9a67276,1,132.34,10.94,14.47,117.87,72.74,45.13
qi_2e4aefe9,quote_8c41e4ce,prod_cb6fc0eb,6,623.98,8.25,308.81,3435.07,498.78,442.39
qi_3fe250f5,quote_564eb3f9,prod_7afc80e5,5,500.07,15.28,382.08,2118.27,298.76,624.47
qi_88bc7e05,quote_e4d42c0c,prod_2af333ea,3,445.79,10.1,135.06,1202.31,329.4,214.11
qi_eabbd2ec,quote_2e32c90e,prod_de12acd0,7,335.68,9.86,231.61,2118.15,228.3,520.05
qi_836b8256,quote_b14cb7c2,prod_bcde7343,8,103.88,12.99,107.95,723.09,76.74,109.17
qi_5f02d456,quote_b6521adf,prod_71507ccd,7,557.35,6.52,254.57,3646.88,361.29,1117.85
qi_fbf24ec6,quote_b6521adf,prod_67da2a8c,5,502.85,11.57,291.02,2223.23,390.19,272.28
qi_cea0c7f4,quote_b6521adf,prod_2a053ba0,1,118.08,15.34,18.12,99.96,92.98,6.98
qi_bbea9090,quote_b6521adf,prod_5d2d5599,1,99.34,7.37,7.32,92.02,56.01,36.01
qi_1f89274d,quote_0dbcc4c0,prod_09b423f4,5,194.09,10.11,98.14,872.31,140.65,169.06
qi_5f75ac29,quote_5381019e,prod_587805bf,8,620.3,9.46,469.59,4492.81,395.64,1327.69
qi_2a10b1c7,quote_5381019e,prod_761255b4,4,377.23,7.8,117.76,1391.16,238.42,437.48
qi_21c1e27c,quote_5381019e,prod_2a053ba0,1,118.08,10.59,12.5,105.58,92.98,12.6
qi_aef053dd,quote_5381019e,prod_09b423f4,1,194.09,6.81,13.22,180.87,140.65,40.22
qi_05b1d447,quote_f032df93,prod_b2f3a8f7,9,101.33,8.29,75.57,836.4,55.14,340.14
qi_424df37a,quote_31bad0b7,prod_3bcbd935,7,412.02,11.72,337.96,2546.18,239.32,870.94
qi_365509c6,quote_85978745,prod_582de9a4,10,584.53,14.2,829.92,5015.38,295.15,2063.88
qi_cac836f5,quote_111337f3,prod_e1bddf73,2,561.12,15.77,177.02,945.22,422.73,99.76
qi_290194e5,quote_111337f3,prod_7afc80e5,2,500.07,18.44,184.39,815.75,298.76,218.23
qi_52fb8f65,quote_111337f3,prod_2a053ba0,1,118.08,14.07,16.62,101.46,92.98,8.48
qi_ad3bf601,quote_111337f3,prod_770c0c43,1,304.47,14.18,43.17,261.3,153.4,107.9
qi_850930dc,quote_d461485d,prod_b9a67276,4,132.34,12.04,63.76,465.6,72.74,174.64
qi_b0a6275d,quote_d461485d,prod_c5ca2c8c,4,432.9,13.15,227.68,1503.92,232.13,575.4
qi_7b3a1316,quote_d461485d,prod_2a053ba0,1,118.08,8.39,9.91,108.17,92.98,15.19
qi_fc3fdff5,quote_d461485d,prod_b9a67276,1,132.34,13.95,18.46,113.88,72.74,41.14
qi_fd9a09fb,quote_abb386ac,prod_5aea0ff9,3,535.04,10.59,170.03,1435.09,354.15,372.64
qi_bf330dd0,quote_79e57f43,prod_71507ccd,4,557.35,15.21,339.04,1890.36,361.29,445.2
qi_e4feee6e,quote_79e57f43,prod_039421d7,5,221.39,10.59,117.27,989.68,117.98,399.78
qi_84eb9f57,quote_79e57f43,prod_2a053ba0,1,118.08,8.05,9.5,108.58,92.98,15.6
qi_a9cf5d21,quote_a52dc623,prod_fe300255,8,544.27,39.46,1718.36,2635.8,378.97,-395.96
qi_e81696eb,quote_a52dc623,prod_67da2a8c,4,502.85,43.81,881.16,1130.24,390.19,-430.52
qi_ef6d19be,quote_a52dc623,prod_2a053ba0,1,118.08,41.82,49.39,68.69,92.98,-24.29
qi_4b059dff,quote_d5912b10,prod_aa9c466e,3,192.86,13.55,78.39,500.19,127.52,117.63
qi_1fc9d370,quote_8c653cc1,prod_5d2d5599,6,99.34,6.91,41.16,554.88,56.01,218.82
qi_c849a0ae,quote_8c653cc1,prod_c5ca2c8c,3,432.9,8.41,109.25,1189.45,232.13,493.06
qi_45118084,quote_8c653cc1,prod_2a053ba0,1,118.08,11.86,14.0,104.08,92.98,11.1
qi_c750b858,quote_8c653cc1,prod_53e1d316,1,258.72,13.39,34.64,224.08,134.87,89.21
qi_662583c0,quote_be0fa530,prod_71507ccd,8,557.35,15.18,676.96,3781.84,361.29,891.52
qi_70b74a6a,quote_be0fa530,prod_c5ca2c8c,1,432.9,11.31,48.96,383.94,232.13,151.81
qi_53149016,quote_be0fa530,prod_2a053ba0,1,118.08,10.11,11.94,106.14,92.98,13.16
qi_3b30b2ca,quote_5dc60930,prod_09b423f4,7,194.09,10.36,140.76,1217.87,140.65,233.32
qi_2e3e8c29,quote_9a052952,prod_582de9a4,10,584.53,9.23,539.4,5305.9,295.15,2354.4
qi_69876d5c,quote_8274b496,prod_53e1d316,7,258.72,7.99,144.78,1666.26,134.87,722.17
qi_a9f1e9b4,quote_f2a42e29,prod_7afc80e5,8,500.07,8.55,342.07,3658.49,298.76,1268.41
qi_3c8827d3,quote_796467ac,prod_704502ed,6,563.8,14.72,498.01,2884.79,439.3,248.99
qi_a588d880,quote_bc69f4f3,prod_54709729,1,876.27,13.67,119.82,756.45,477.91,278.54
qi_159807c3,quote_bc69f4f3,prod_039421d7,3,221.39,16.14,107.21,556.96,117.98,203.02
qi_b5f15469,quote_bc69f4f3,prod_5d2d5599,1,99.34,18.05,17.93,81.41,56.01,25.4
qi_e97b3b54,quote_f0b5f26e,prod_de12acd0,9,335.68,8.62,260.52,2760.6,228.3,705.9
qi_7a1bcc2c,quote_7de6c1a0,prod_308881b9,9,1352.19,9.48,1153.95,11015.76,763.26,4146.42
qi_5ae7cfec,quote_7de6c1a0,prod_b572f27a,2,234.88,12.65,59.43,410.33,172.85,64.63
qi_83011f89,quote_3c20acc6,prod_7a535b91,1,941.21,12.4,116.72,824.49,552.83,271.66
qi_0c3f0a99,quote_2c92ef8d,prod_09b423f4,7,194.09,10.54,143.17,1215.46,140.65,230.91
qi_e71f3e9e,quote_30e04d03,prod_c5ca2c8c,7,432.9,14.13,428.19,2602.11,232.13,977.2
qi_63e443fe,quote_7121056b,prod_71507ccd,6,557.35,12.33,412.36,2931.74,361.29,764.0
qi_45efcabe,quote_7121056b,prod_2a053ba0,1,118.08,11.48,13.56,104.52,92.98,11.54
qi_fdd88f65,quote_157fac2d,prod_64c08afc,7,239.23,10.78,180.56,1494.05,131.55,573.2
qi_f557b20e,quote_cbff89d9,prod_ff879477,10,508.47,9.92,504.57,4580.13,374.73,832.83
qi_615494ae,quote_c207012e,prod_8713c712,1,1310.68,13.52,177.18,1133.5,955.46,178.04
qi_c7857fc0,quote_d235e579,prod_81feaa25,10,674.35,12.32,830.47,5913.03,337.49,2538.13
qi_1bf046ee,quote_d235e579,prod_c5ca2c8c,5,432.9,1.45,31.48,2133.02,232.13,972.37
qi_e56acf5c,quote_d235e579,prod_5d2d5599,1,99.34,13.45,13.36,85.98,56.01,29.97
qi_3446aa75,quote_e2628d6b,prod_2a053ba0,7,118.08,4.78,39.52,787.04,92.98,136.18
qi_5ea08d27,quote_2920e374,prod_4e0ad55a,3,394.43,6.12,72.37,1110.92,300.07,210.71
qi_c5b90062,quote_bbe423d8,prod_4f0226fb,10,126.37,13.48,170.38,1093.32,80.07,292.62
qi_d56e455f,quote_bbe423d8,prod_1a600b85,2,467.29,5.33,49.83,884.75,370.35,144.05
qi_c2650238,quote_bbe423d8,prod_2a053ba0,1,118.08,9.18,10.84,107.24,92.98,14.26
qi_60e3d1c1,quote_d51f3ff8,prod_587805bf,7,620.3,10.23,444.22,3897.88,395.64,1128.4
qi_af60d754,quote_d51f3ff8,prod_039421d7,5,221.39,6.15,68.09,1038.86,117.98,448.96
qi_0cb5573d,quote_b55d8955,prod_971152aa,7,452.14,14.22,450.13,2714.85,304.85,580.9
qi_bd25ad62,quote_28bfa5be,prod_5d2d5599,9,99.34,13.7,122.5,771.56,56.01,267.47
qi_a541a62e,quote_28bfa5be,prod_aa9c466e,5,192.86,14.5,139.85,824.45,127.52,186.85
qi_bf48e7ec,quote_a330c5e1,prod_587805bf,8,620.3,12.55,622.81,4339.59,395.64,1174.47
qi_0a37cbee,quote_a330c5e1,prod_2a053ba0,1,118.08,12.54,14.81,103.27,92.98,10.29
qi_6cee9232,quote_a330c5e1,prod_bfb5489d,1,159.47,13.67,21.8,137.67,108.64,29.03
qi_80d23cf9,quote_9060e342,prod_2af333ea,3,445.79,11.15,149.06,1188.31,329.4,200.11
qi_4b7719af,quote_e6617b5b,prod_c5ca2c8c,5,432.9,11.29,244.37,1920.13,232.13,759.48
qi_c2df34ba,quote_17685702,prod_c5ca2c8c,8,432.9,9.22,319.41,3143.79,232.13,1286.75
qi_5b8deca3,quote_1393c28f,prod_2af333ea,8,445.79,9.41,335.62,3230.7,329.4,595.5
qi_bf16c6cc,quote_4aae1aa5,prod_5d2d5599,5,99.34,12.18,60.51,436.19,56.01,156.14
qi_73201275,quote_4aae1aa5,prod_67da2a8c,1,502.85,10.16,51.07,451.78,390.19,61.59
qi_73810cb6,quote_4aae1aa5,prod_2a053ba0,1,118.08,12.2,14.4,103.68,92.98,10.7
qi_2ea77afb,quote_4aae1aa5,prod_be2be7f1,1,126.81,9.76,12.37,114.44,96.34,18.1
qi_4b0cc119,quote_e26b2ebc,prod_86baf995,9,53.08,8.23,39.33,438.39,37.74,98.73
qi_7b112833,quote_dc1e2191,prod_4e0ad55a,10,394.43,15.03,592.74,3351.56,300.07,350.86
qi_431d1523,quote_dc1e2191,prod_67da2a8c,1,502.85,17.75,89.25,413.6,390.19,23.41
qi_5cf8a3de,quote_dc1e2191,prod_bfb5489d,1,159.47,16.04,25.58,133.89,108.64,25.25
qi_7332b7f4,quote_70280f77,prod_770c0c43,7,304.47,6.7,142.74,1988.55,153.4,914.75
qi_e7152322,quote_d499796c,prod_3cf36411,6,100.55,23.81,143.67,459.63,76.96,-2.13
qi_92aac55e,quote_24f2356c,prod_53e1d316,10,258.72,7.18,185.88,2401.32,134.87,1052.62
qi_bd796edb,quote_5eafe724,prod_86baf995,2,53.08,14.93,15.85,90.31,37.74,14.83
qi_cbc68066,quote_c7d024a1,prod_704502ed,9,563.8,10.83,549.52,4524.68,439.3,570.98
qi_31aa2252,quote_c7d024a1,prod_2a053ba0,1,118.08,8.05,9.5,108.58,92.98,15.6
qi_5bd41e33,quote_ff072c86,prod_4f0226fb,9,126.37,12.43,141.35,995.98,80.07,275.35
qi_0b3f36a0,quote_ff072c86,prod_be2be7f1,1,126.81,13.65,17.31,109.5,96.34,13.16
qi_232c4df0,quote_c2c812ca,prod_b572f27a,4,234.88,12.91,121.27,818.25,172.85,126.85
qi_799fd30a,quote_dd3189a4,prod_ad64d881,6,2529.7,16.01,2430.06,12748.14,1372.17,4515.12
qi_ee296a94,quote_ed4f739b,prod_5d2d5599,8,99.34,8.65,68.77,725.95,56.01,277.87
qi_493c0230,quote_9814c182,prod_5d2d5599,7,99.34,10.2,70.95,624.43,56.01,232.36
qi_59c24fcd,quote_9814c182,prod_aa9c466e,5,192.86,13.32,128.41,835.89,127.52,198.29
qi_734e4451,quote_9814c182,prod_2a053ba0,1,118.08,13.56,16.01,102.07,92.98,9.09
qi_1ca06d7a,quote_bdb1adbb,prod_7afc80e5,2,500.07,11.73,117.33,882.81,298.76,285.29
qi_67beb2c1,quote_3feee5b0,prod_770c0c43,7,304.47,14.89,317.42,1813.87,153.4,740.07
qi_db83de43,quote_8c23f77e,prod_71507ccd,10,557.35,13.02,725.41,4848.09,361.29,1235.19
qi_201db23d,quote_8c23f77e,prod_971152aa,1,452.14,9.24,41.79,410.35,304.85,105.5
qi_222180a3,quote_517c758a,prod_b572f27a,6,234.88,14.84,209.15,1200.13,172.85,163.03
qi_a402d99a,quote_c8c752c8,prod_64c08afc,3,239.23,14.36,103.06,614.63,131.55,219.98
qi_ab82f741,quote_adde2f70,prod_aa9c466e,6,192.86,16.57,191.72,965.44,127.52,200.32
qi_09b04f95,quote_4f56134e,prod_7afc80e5,4,500.07,9.32,186.37,1813.91,298.76,618.87
qi_b0dea8aa,quote_d5b0a6b0,prod_bfb5489d,2,159.47,9.11,29.05,289.89,108.64,72.61
qi_22bb8118,quote_390c8793,prod_4f0226fb,3,126.37,19.13,72.51,306.6,80.07,66.39
qi_5d1ba975,quote_06f964a3,prod_81feaa25,3,674.35,9.48,191.8,1831.25,337.49,818.78
qi_dc1ffb2d,quote_06f964a3,prod_aa9c466e,3,192.86,10.05,58.13,520.45,127.52,137.89
qi_05066d12,quote_9cb73342,prod_4f0226fb,9,126.37,6.17,70.13,1067.2,80.07,346.57
qi_02b22c90,quote_9cb73342,prod_761255b4,4,377.23,5.07,76.48,1432.44,238.42,478.76
qi_4a945b6e,quote_9cb73342,prod_2a053ba0,1,118.08,7.34,8.67,109.41,92.98,16.43
qi_2b1195df,quote_21f53b55,prod_be2be7f1,10,126.81,14.66,185.87,1082.23,96.34,118.83
qi_2b7d45cf,quote_21f53b55,prod_971152aa,3,452.14,8.08,109.64,1246.78,304.85,332.23
qi_21cd2129,quote_21f53b55,prod_53e1d316,1,258.72,6.03,15.6,243.12,134.87,108.25
qi_2f375d07,quote_a5565cb6,prod_67da2a8c,8,502.85,10.51,422.76,3600.04,390.19,478.52
qi_9d12fa1e,quote_84e41ab8,prod_53e1d316,4,258.72,7.9,81.75,953.13,134.87,413.65
qi_2b2b39db,quote_8acdae71,prod_7a535b91,5,941.21,6.25,294.26,4411.79,552.83,1647.64
qi_3b440357,quote_10708daf,prod_e1bddf73,7,561.12,7.95,312.3,3615.54,422.73,656.43
qi_34a9ce93,quote_10708daf,prod_5d2d5599,1,99.34,2.5,2.49,96.85,56.01,40.84
qi_78c7059f,quote_9fc684c6,prod_7afc80e5,7,500.07,19.87,695.65,2804.84,298.76,713.52
qi_a8e24587,quote_40707fe5,prod_64c08afc,4,239.23,8.83,84.51,872.41,131.55,346.21
qi_1d1cb6f0,quote_eabdbfa8,prod_7afc80e5,8,500.07,5.06,202.58,3797.98,298.76,1407.9
qi_3e1b7a23,quote_e281129d,prod_b572f27a,7,234.88,17.15,282.02,1362.14,172.85,152.19
qi_4967dc80,quote_3723d1e1,prod_3bcbd935,3,412.02,16.69,206.32,1029.74,239.32,311.78
qi_5d7ff06d,quote_9a1e9ea6,prod_3cf36411,8,100.55,12.28,98.75,705.65,76.96,89.97
qi_ed9d915a,quote_f4e19a94,prod_8713c712,8,1310.68,13.84,1451.56,9033.88,955.46,1390.2
qi_61361e29,quote_34fbe5ad,prod_67da2a8c,7,502.85,10.74,377.98,3141.97,390.19,410.64
qi_76c57ab5,quote_db80d141,prod_f24c5a18,2,341.75,9.16,62.59,620.91,205.73,209.45
qi_b101114e,quote_782d1a2e,prod_039421d7,9,221.39,7.03,140.16,1852.35,117.98,790.53
qi_77e7c9b6,quote_9eeca37f,prod_3bcbd935,3,412.02,39.91,493.27,742.79,239.32,24.83
qi_dd11168f,quote_744b25b0,prod_6bb9d589,2,257.04,6.69,34.39,479.69,173.89,131.91
qi_c42ab2bc,quote_425d310a,prod_de12acd0,1,335.68,17.54,58.89,276.79,228.3,48.49
qi_5c1fb38b,quote_ef6fd6c0,prod_7afc80e5,2,500.07,12.32,123.21,876.93,298.76,279.41
qi_4979cde9,quote_5a003b4f,prod_f24c5a18,3,341.75,9.6,98.4,926.85,205.73,309.66
qi_d72b1cf5,quote_dc7d1837,prod_e1bddf73,7,561.12,12.52,491.86,3435.98,422.73,476.87
qi_13517101,quote_dc7d1837,prod_7afc80e5,1,500.07,13.32,66.59,433.48,298.76,134.72
qi_283c6475,quote_dc7d1837,prod_2a053ba0,1,118.08,9.0,10.62,107.46,92.98,14.48
qi_3dc204f2,quote_dc7d1837,prod_09b423f4,1,194.09,11.2,21.73,172.36,140.65,31.71
qi_485381c5,quote_408e4f8d,prod_308881b9,10,1352.19,10.96,1481.91,12039.99,763.26,4407.39
qi_1cd4fc15,quote_408e4f8d,prod_c5ca2c8c,2,432.9,14.19,122.88,742.92,232.13,278.66
qi_899bcf3e,quote_408e4f8d,prod_2a053ba0,1,118.08,9.77,11.54,106.54,92.98,13.56
qi_e2ca2725,quote_46c09d50,prod_b9a67276,10,132.34,10.38,137.31,1186.09,72.74,458.69
qi_dabe7d44,quote_46c09d50,prod_2a053ba0,1,118.08,8.71,10.29,107.79,92.98,14.81
qi_dce68dea,quote_103fcaf4,prod_7afc80e5,3,500.07,13.62,204.31,1295.9,298.76,399.62
qi_5ef29aa9,quote_68044dde,prod_951860a3,1,342.18,11.15,38.16,304.02,221.24,82.78
qi_b98a54a9,quote_f608d1f9,prod_2a053ba0,6,118.08,11.5,81.47,627.01,92.98,69.13
qi_04385709,quote_2fcc74d9,prod_86baf995,2,53.08,6.11,6.49,99.67,37.74,24.19
qi_5d101f26,quote_3bcb7ebb,prod_bcde7343,7,103.88,12.17,88.52,638.64,76.74,101.46
qi_6d6d7080,quote_d8ecd403,prod_09b423f4,9,194.09,12.25,214.06,1532.75,140.65,266.9
qi_3c668dde,quote_53172a60,prod_582de9a4,3,584.53,12.41,217.6,1535.99,295.15,650.54
qi_12e91c5e,quote_78a46516,prod_7afc80e5,1,500.07,8.32,41.6,458.47,298.76,159.71
qi_642264de,quote_9861e8d5,prod_1a600b85,2,467.29,15.72,146.9,787.68,370.35,46.98
qi_cdc86eff,quote_eea6d222,prod_fe300255,4,544.27,7.65,166.63,2010.45,378.97,494.57
qi_445c8963,quote_eea6d222,prod_aa9c466e,3,192.86,6.44,37.24,541.34,127.52,158.78
qi_9cd9f0d7,quote_7f65f31a,prod_f24c5a18,3,341.75,10.93,112.05,913.2,205.73,296.01
qi_9f4398d0,quote_f7f2d86f,prod_09b423f4,5,194.09,9.44,91.65,878.8,140.65,175.55
qi_f9ff1ab5,quote_ab12cc81,prod_71507ccd,1,557.35,9.61,53.56,503.79,361.29,142.5
qi_10e3fb70,quote_ab12cc81,prod_53e1d316,1,258.72,13.67,35.38,223.34,134.87,88.47
qi_aaab175e,quote_b286f5d2,prod_86baf995,4,53.08,19.87,42.19,170.13,37.74,19.17
qi_89993ee8,quote_189801ee,prod_308881b9,3,1352.19,19.38,786.1,3270.47,763.26,980.69
qi_817699c2,quote_189801ee,prod_b572f27a,4,234.88,9.94,93.43,846.09,172.85,154.69
qi_1d1d05eb,quote_189801ee,prod_2a053ba0,1,118.08,15.94,18.83,99.25,92.98,6.27
qi_3866cf16,quote_12d1a9b8,prod_64c08afc,10,239.23,9.99,239.08,2153.22,131.55,837.72
qi_28e89382,quote_ed97274b,prod_54709729,6,876.27,5.69,299.32,4958.3,477.91,2090.84
qi_615b9e1c,quote_ed97274b,prod_b9a67276,1,132.34,4.26,5.64,126.7,72.74,53.96
qi_e64a18b2,quote_e015954d,prod_f24c5a18,8,341.75,11.71,320.07,2413.93,205.73,768.09
qi_d238fd9b,quote_4b827117,prod_fe300255,10,544.27,17.89,973.44,4469.26,378.97,679.56
qi_7a1f921a,quote_4b827117,prod_2a053ba0,1,118.08,9.7,11.45,106.63,92.98,13.65
qi_99d2fcc0,quote_8d60a373,prod_3bcbd935,8,412.02,10.87,358.16,2938.0,239.32,1023.44
qi_032f711f,quote_0cc0856c,prod_24ab3fd0,2,528.46,7.72,81.62,975.3,335.31,304.68
qi_6074d7c0,quote_ad319770,prod_be2be7f1,7,126.81,10.1,89.66,798.01,96.34,123.63
qi_16646dc9,quote_ad319770,prod_1a600b85,4,467.29,10.7,200.03,1669.13,370.35,187.73
qi_132fc6c5,quote_ad319770,prod_53e1d316,1,258.72,5.33,13.8,244.92,134.87,110.05
qi_3bb29d4f,quote_05927af7,prod_c5ca2c8c,7,432.9,11.39,345.09,2685.21,232.13,1060.3
qi_a7911e6a,quote_fb26afcc,prod_aa9c466e,9,192.86,16.35,283.86,1451.88,127.52,304.2
qi_e64ed3d2,quote_ebe26416,prod_3bcbd935,5,412.02,15.08,310.77,1749.33,239.32,552.73
qi_d8b98ddd,quote_7454410b,prod_039421d7,4,221.39,15.84,140.27,745.29,117.98,273.37
qi_6ed8dd53,quote_e6a1542f,prod_09b423f4,8,194.09,10.29,159.76,1392.96,140.65,267.76
qi_cd4ca0df,quote_9f370157,prod_c5ca2c8c,10,432.9,7.96,344.47,3984.53,232.13,1663.23
qi_ac1d7c91,quote_df4b650f,prod_4f0226fb,10,126.37,7.03,88.81,1174.89,80.07,374.19
qi_56337534,quote_df4b650f,prod_67da2a8c,4,502.85,11.89,239.12,1772.28,390.19,211.52
qi_5efafa8d,quote_338718f5,prod_09b423f4,3,194.09,9.67,56.28,525.99,140.65,104.04
qi_f508122d,quote_becf1417,prod_7a535b91,2,941.21,10.29,193.67,1688.75,552.83,583.09
qi_99b984d1,quote_b850ace4,prod_8713c712,8,1310.68,13.27,1391.83,9093.61,955.46,1449.93
qi_37447c58,quote_4295ade0,prod_ff879477,3,508.47,14.83,226.18,1299.23,374.73,175.04
qi_9c72327d,quote_6fae0ce3,prod_6bb9d589,3,257.04,6.72,51.84,719.28,173.89,197.61
qi_b588ed88,quote_0ff7447b,prod_587805bf,2,620.3,9.05,112.28,1128.32,395.64,337.04
qi_41dea341,quote_9b6ca935,prod_c5ca2c8c,9,432.9,13.64,531.4,3364.7,232.13,1275.53
qi_da3c6444,quote_60e5319d,prod_039421d7,3,221.39,10.43,69.24,594.93,117.98,240.99
qi_15847c80,quote_e07fc762,prod_b2f3a8f7,7,101.33,13.58,96.3,613.01,55.14,227.03
qi_f5175404,quote_33c1e51c,prod_b9a67276,10,132.34,12.07,159.77,1163.63,72.74,436.23
qi_4c7d6ca9,quote_33c1e51c,prod_67da2a8c,3,502.85,14.51,218.91,1289.64,390.19,119.07
qi_7bc2201d,quote_a9b71477,prod_566c0f49,4,542.11,11.75,254.73,1913.71,424.39,216.15
qi_dad46ebe,quote_a9b71477,prod_b572f27a,4,234.88,7.64,71.8,867.72,172.85,176.32
qi_88667fb1,quote_a9b71477,prod_53e1d316,1,258.72,6.01,15.54,243.18,134.87,108.31
qi_7f75c92d,quote_f811d936,prod_b2f3a8f7,6,101.33,13.26,80.63,527.35,55.14,196.51
qi_c5b804c1,quote_5d92f670,prod_be2be7f1,10,126.81,12.12,153.75,1114.35,96.34,150.95
qi_4fd021a3,quote_5d92f670,prod_2a053ba0,1,118.08,6.69,7.9,110.18,92.98,17.2
qi_001f18c8,quote_341222fb,prod_971152aa,5,452.14,3.54,80.06,2180.64,304.85,656.39
qi_dfcd1bca,quote_aa988f46,prod_cb6fc0eb,3,623.98,14.98,280.45,1591.49,498.78,95.15
qi_43c277b6,quote_85ed7f39,prod_86baf995,8,53.08,17.52,74.38,350.26,37.74,48.34
qi_05c274ac,quote_00db0398,prod_09b423f4,9,194.09,46.25,807.81,939.0,140.65,-326.85
qi_ccb90844,quote_31297624,prod_3bcbd935,6,412.02,8.68,214.68,2257.44,239.32,821.52
qi_67a106cf,quote_43846fdb,prod_71507ccd,9,557.35,13.5,677.13,4339.02,361.29,1087.41
qi_2e5c2d72,quote_43846fdb,prod_2a053ba0,1,118.08,10.8,12.76,105.32,92.98,12.34
qi_7d49c5a4,quote_67a67a89,prod_582de9a4,3,584.53,10.97,192.28,1561.31,295.15,675.86
qi_b137dfa9,quote_a6eb87a4,prod_71507ccd,6,557.35,9.48,316.86,3027.24,361.29,859.5
qi_90fdc218,quote_a6eb87a4,prod_67da2a8c,5,502.85,7.73,194.42,2319.83,390.19,368.88
qi_7e0ced83,quote_a6eb87a4,prod_6bb9d589,1,257.04,11.61,29.84,227.2,173.89,53.31
qi_f87645e3,quote_518c22b6,prod_2af333ea,6,445.79,7.3,195.38,2479.36,329.4,502.96
qi_710db188,quote_22493896,prod_704502ed,3,563.8,18.26,308.81,1382.59,439.3,64.69
qi_5c352071,quote_22493896,prod_c5ca2c8c,5,432.9,16.42,355.5,1809.0,232.13,648.35
qi_1191dcde,quote_baffe0d9,prod_09b423f4,8,194.09,17.39,270.09,1282.63,140.65,157.43
qi_01c3b303,quote_8f03b27e,prod_09b423f4,4,194.09,12.1,93.94,682.42,140.65,119.82
qi_466bdf23,quote_5b23193f,prod_7afc80e5,2,500.07,47.97,479.72,520.42,298.76,-77.1
qi_a815a8f8,quote_d649296c,prod_53e1d316,6,258.72,6.8,105.63,1446.69,134.87,637.47
qi_3858723f,quote_1c7647da,prod_71507ccd,2,557.35,14.08,157.0,957.7,361.29,235.12
qi_3cdd6521,quote_1c7647da,prod_aa9c466e,5,192.86,16.52,159.33,804.97,127.52,167.37
qi_9b7eef04,quote_1c7647da,prod_09b423f4,1,194.09,15.16,29.43,164.66,140.65,24.01
qi_cfd8921a,quote_61bc19f4,prod_587805bf,10,620.3,10.19,632.3,5570.7,395.64,1614.3
qi_7f969430,quote_dda3c57c,prod_566c0f49,1,542.11,9.07,49.19,492.92,424.39,68.53
qi_1aaf7d89,quote_dda3c57c,prod_c5ca2c8c,5,432.9,15.85,343.07,1821.43,232.13,660.78
qi_7c27ddaf,quote_7477d1f1,prod_86baf995,5,53.08,7.62,20.22,245.18,37.74,56.48
qi_ba4eac2d,quote_cf217ad9,prod_951860a3,9,342.18,7.1,218.67,2860.95,221.24,869.79
qi_2566c074,quote_c417be00,prod_bfb5489d,5,159.47,11.25,89.71,707.64,108.64,164.44
qi_1bbce498,quote_4772e6de,prod_ad64d881,3,2529.7,7.93,602.12,6986.98,1372.17,2870.47
qi_a8cc4e71,quote_baaf55a4,prod_6bb9d589,6,257.04,9.81,151.33,1390.91,173.89,347.57
qi_5f368d85,quote_7f99589e,prod_b3825ee4,9,2407.95,8.31,1800.7,19870.85,1308.02,8098.67
qi_3f4ceb51,quote_7f99589e,prod_5aea0ff9,5,535.04,8.77,234.54,2440.66,354.15,669.91
qi_96f00aa6,quote_975cddd4,prod_582de9a4,7,584.53,11.16,456.63,3635.08,295.15,1569.03
qi_56c2d5d2,quote_64569220,prod_71507ccd,3,557.35,9.09,152.03,1520.02,361.29,436.15
qi_0d5db000,quote_e8b5cec9,prod_86baf995,4,53.08,13.48,28.62,183.7,37.74,32.74
qi_ccfb9395,quote_ac046219,prod_951860a3,10,342.18,13.01,445.15,2976.65,221.24,764.25
qi_ad946080,quote_02f38785,prod_ff879477,2,508.47,12.85,130.66,886.28,374.73,136.82
qi_e8099db0,quote_598c84c0,prod_566c0f49,6,542.11,5.55,180.37,3072.29,424.39,525.95
qi_17a88fc3,quote_598c84c0,prod_7afc80e5,4,500.07,6.87,137.38,1862.9,298.76,667.86
qi_5606950d,quote_9b6476c1,prod_cb6fc0eb,1,623.98,9.37,58.49,565.49,498.78,66.71
qi_277445c1,quote_714124d5,prod_5d2d5599,5,99.34,11.48,57.01,439.69,56.01,159.64
qi_82e8008c,quote_714124d5,prod_b572f27a,3,234.88,9.49,66.85,637.79,172.85,119.24
qi_e1bb5848,quote_fb10fa8b,prod_582de9a4,5,584.53,14.62,427.42,2495.23,295.15,1019.48
qi_54084837,quote_25fa548d,prod_2af333ea,10,445.79,12.28,547.32,3910.58,329.4,616.58
qi_c7d9ad7a,quote_13f20077,prod_8713c712,4,1310.68,8.27,433.6,4809.12,955.46,987.28
qi_34b6dedf,quote_4a457a94,prod_761255b4,7,377.23,2.23,58.8,2581.81,238.42,912.87
qi_5703237d,quote_0f5d1f7b,prod_24ab3fd0,10,528.46,8.36,441.86,4842.74,335.31,1489.64
qi_027a15fc,quote_02f924a5,prod_86baf995,9,53.08,11.18,53.39,424.33,37.74,84.67
qi_126be6a6,quote_81529af2,prod_09b423f4,8,194.09,43.31,672.52,880.2,140.65,-245.0
qi_b2a3a447,quote_3e53d78a,prod_fe300255,9,544.27,10.02,490.71,4407.72,378.97,996.99
qi_0a5bee07,quote_3e53d78a,prod_b572f27a,4,234.88,12.91,121.27,818.25,172.85,126.85
qi_7cb5bb31,quote_3d28b1f2,prod_b2f3a8f7,9,101.33,13.59,123.93,788.04,55.14,291.78
qi_50b99d2c,quote_803e2dc2,prod_24ab3fd0,1,528.46,14.52,76.76,451.7,335.31,116.39
qi_fb744a31,quote_6f0b4525,prod_64c08afc,7,239.23,11.67,195.43,1479.18,131.55,558.33
qi_41c6d51d,quote_419cd260,prod_587805bf,5,620.3,7.35,227.82,2873.68,395.64,895.48
qi_c424a130,quote_419cd260,prod_761255b4,1,377.23,3.09,11.66,365.57,238.42,127.15
qi_ec6b45b2,quote_419cd260,prod_4f0226fb,1,126.37,8.67,10.95,115.42,80.07,35.35
qi_3e8e004f,quote_6c5dfb49,prod_7a535b91,7,941.21,14.41,949.63,5638.84,552.83,1769.03
qi_48c07ddf,quote_540e2a1b,prod_71507ccd,9,557.35,12.37,620.6,4395.55,361.29,1143.94
qi_a82192f5,quote_91734e1a,prod_b572f27a,3,234.88,7.99,56.32,648.32,172.85,129.77
qi_f3143664,quote_e29295c2,prod_4f0226fb,5,126.37,13.12,82.9,548.95,80.07,148.6
qi_b7a6fd69,quote_e29295c2,prod_5aea0ff9,2,535.04,5.2,55.67,1014.41,354.15,306.11
qi_dc56e58b,quote_e29295c2,prod_2a053ba0,1,118.08,8.78,10.37,107.71,92.98,14.73
qi_1107c3d1,quote_39bf4aa0,prod_bcde7343,9,103.88,16.47,154.0,780.92,76.74,90.26
qi_fe51180e,quote_e9a1af6f,prod_f24c5a18,2,341.75,11.18,76.43,607.07,205.73,195.61
qi_33cc70c2,quote_472b2298,prod_e1bddf73,7,561.12,13.91,546.17,3381.67,422.73,422.56
qi_54a281d3,quote_472b2298,prod_971152aa,1,452.14,14.68,66.39,385.75,304.85,80.9
qi_a9f9ed3d,quote_472b2298,prod_2a053ba0,1,118.08,10.1,11.92,106.16,92.98,13.18
qi_f19791e6,quote_472b2298,prod_6bb9d589,1,257.04,7.74,19.89,237.15,173.89,63.26
qi_a4e4ae97,quote_c2155cb1,prod_039421d7,1,221.39,13.27,29.37,192.02,117.98,74.04
qi_8005dbd4,quote_102ceb7e,prod_3cf36411,8,100.55,15.17,122.0,682.4,76.96,66.72
qi_0ef4f126,quote_882d43ab,prod_de12acd0,7,335.68,10.71,251.68,2098.08,228.3,499.98
qi_8cdaa481,quote_2cd83def,prod_566c0f49,8,542.11,8.64,374.51,3962.37,424.39,567.25
qi_a1a096a9,quote_2cd83def,prod_2a053ba0,1,118.08,5.96,7.04,111.04,92.98,18.06
qi_448f5f9e,quote_2cd83def,prod_bfb5489d,1,159.47,7.09,11.3,148.17,108.64,39.53
qi_7f1b4ecf,quote_7bc105aa,prod_770c0c43,4,304.47,12.04,146.64,1071.24,153.4,457.64
qi_881852ab,quote_1f984186,prod_ff879477,7,508.47,13.47,479.56,3079.73,374.73,456.62
qi_0cfd8c7a,quote_6ec79e91,prod_ad64d881,5,2529.7,10.85,1372.06,11276.44,1372.17,4415.59
qi_f03cc0f9,quote_6ec79e91,prod_b572f27a,5,234.88,7.88,92.5,1081.9,172.85,217.65
qi_d4351f1d,quote_929d2d68,prod_035d78fc,9,708.07,12.99,827.69,5544.94,390.29,2032.33
qi_4ad3433e,quote_929d2d68,prod_aa9c466e,3,192.86,7.73,44.72,533.86,127.52,151.3
qi_b6f54176,quote_929d2d68,prod_6bb9d589,1,257.04,5.73,14.74,242.3,173.89,68.41
qi_31540c68,quote_c8e9aa53,prod_f24c5a18,5,341.75,14.5,247.84,1460.91,205.73,432.26
qi_fa75a29b,quote_0a3f9ec0,prod_e1bddf73,4,561.12,13.98,313.88,1930.6,422.73,239.68
qi_46c17574,quote_0a3f9ec0,prod_c5ca2c8c,1,432.9,11.67,50.51,382.39,232.13,150.26
qi_cc73e3af,quote_973045c5,prod_86baf995,9,53.08,8.25,39.41,438.31,37.74,98.65
qi_43bb9060,quote_3a4f2a95,prod_aa9c466e,10,192.86,37.3,719.29,1209.31,127.52,-65.89
qi_1ccd0251,quote_9f9dfad4,prod_971152aa,5,452.14,10.12,228.69,2032.01,304.85,507.76
qi_d8bac6c6,quote_4c3a2c66,prod_6bb9d589,2,257.04,10.17,52.29,461.79,173.89,114.01
qi_174505dc,quote_e5740e51,prod_2af333ea,2,445.79,10.81,96.34,795.24,329.4,136.44
qi_7d951598,quote_791b8f51,prod_67da2a8c,10,502.85,11.61,584.05,4444.45,390.19,542.55
qi_a0041060,quote_4dfbd274,prod_ff879477,1,508.47,13.22,67.21,441.26,374.73,66.53
qi_6eddc7a4,quote_a1fdf5ab,prod_cb6fc0eb,6,623.98,6.87,257.04,3486.84,498.78,494.16
qi_82d0087f,quote_82d14f2c,prod_7afc80e5,5,500.07,9.1,227.56,2272.79,298.76,778.99
qi_701c84c6,quote_a31b66ae,prod_c5ca2c8c,10,432.9,9.34,404.17,3924.83,232.13,1603.53
qi_e142a041,quote_2d5e4244,prod_b9a67276,5,132.34,12.17,80.53,581.17,72.74,217.47
qi_e849d9b2,quote_2d5e4244,prod_039421d7,5,221.39,8.98,99.39,1007.56,117.98,417.66
qi_d727fe31,quote_239e49e0,prod_4f0226fb,6,126.37,12.74,96.59,661.63,80.07,181.21
qi_ea28969b,quote_239e49e0,prod_971152aa,1,452.14,9.5,42.95,409.19,304.85,104.34
qi_9bf9d8d4,quote_239e49e0,prod_2a053ba0,1,118.08,10.85,12.81,105.27,92.98,12.29
qi_3404c6ef,quote_441af291,prod_761255b4,5,377.23,13.64,257.29,1628.86,238.42,436.76
qi_724d26f9,quote_77bc6c31,prod_54709729,8,876.27,12.58,881.87,6128.29,477.91,2305.01
qi_e30d5bf5,quote_77bc6c31,prod_039421d7,4,221.39,14.99,132.73,752.83,117.98,280.91
qi_2ec6c31d,quote_77bc6c31,prod_2a053ba0,1,118.08,16.52,19.51,98.57,92.98,5.59
qi_008b4c0f,quote_77bc6c31,prod_09b423f4,1,194.09,13.54,26.29,167.8,140.65,27.15
qi_fd310966,quote_f58be0e1,prod_2a053ba0,1,118.08,6.11,7.21,110.87,92.98,17.89
qi_95cae15c,quote_05b7129c,prod_c5ca2c8c,8,432.9,11.2,387.85,3075.35,232.13,1218.31
qi_ddb77381,quote_43b2cc06,prod_54709729,1,876.27,47.24,413.97,462.3,477.91,-15.61
qi_210e14b8,quote_43b2cc06,prod_971152aa,4,452.14,43.06,778.83,1029.73,304.85,-189.67
qi_879e3315,quote_43b2cc06,prod_2a053ba0,1,118.08,35.07,41.42,76.66,92.98,-16.32
qi_6653c661,quote_43b2cc06,prod_09b423f4,1,194.09,45.32,87.97,106.12,140.65,-34.53
qi_46624f58,quote_869c94bf,prod_2af333ea,8,445.79,8.05,286.94,3279.38,329.4,644.18
qi_8d2c94e0,quote_2f4006c8,prod_cb6fc0eb,5,623.98,14.48,451.87,2668.03,498.78,174.13
qi_96e591ab,quote_d954234e,prod_be2be7f1,4,126.81,15.17,76.95,430.29,96.34,44.93
qi_fe3999f4,quote_d954234e,prod_971152aa,2,452.14,13.72,124.09,780.19,304.85,170.49
qi_de5771b2,quote_828c3f98,prod_7afc80e5,2,500.07,17.81,178.08,822.06,298.76,224.54
qi_48ea26fd,quote_7c757b95,prod_fe300255,2,544.27,12.26,133.46,955.08,378.97,197.14
qi_c9a53230,quote_7c757b95,prod_761255b4,2,377.23,11.14,84.07,670.39,238.42,193.55
qi_b5f6e140,quote_7c757b95,prod_2a053ba0,1,118.08,13.87,16.38,101.7,92.98,8.72
qi_c6ec10b8,quote_900b93d4,prod_be2be7f1,7,126.81,12.02,106.69,780.98,96.34,106.6
qi_920c4691,quote_900b93d4,prod_7afc80e5,4,500.07,9.25,185.0,1815.28,298.76,620.24
qi_068299c0,quote_900b93d4,prod_2a053ba0,1,118.08,9.94,11.74,106.34,92.98,13.36
qi_e23d387c,quote_ea95d959,prod_971152aa,10,452.14,14.37,649.86,3871.54,304.85,823.04
qi_3b660999,quote_4ebf720f,prod_3cf36411,10,100.55,7.45,74.89,930.61,76.96,161.01
qi_590d9aa5,quote_6a9213c4,prod_64c08afc,8,239.23,15.01,287.26,1626.58,131.55,574.18
qi_1e2710bb,quote_497e2e4f,prod_aa9c466e,10,192.86,16.18,312.12,1616.48,127.52,341.28
qi_309d29a2,quote_4a52d543,prod_7a535b91,2,941.21,13.59,255.82,1626.6,552.83,520.94
qi_0f85a5ac,quote_59503394,prod_4f0226fb,8,126.37,8.17,82.6,928.36,80.07,287.8
qi_ae7a3c19,quote_59503394,prod_971152aa,3,452.14,5.65,76.64,1279.78,304.85,365.23
qi_44ec84de,quote_0edf563c,prod_09b423f4,6,194.09,6.68,77.8,1086.74,140.65,242.84
qi_76a30b17,quote_7c3c9733,prod_53e1d316,5,258.72,7.55,97.65,1195.95,134.87,521.6
qi_b53728d4,quote_5bb7ad9b,prod_aa9c466e,8,192.86,8.72,134.5,1408.38,127.52,388.22
qi_d8294645,quote_559d25f7,prod_81feaa25,2,674.35,4.9,66.13,1282.57,337.49,607.59
qi_ae371310,quote_559d25f7,prod_2a053ba0,1,118.08,14.37,16.97,101.11,92.98,8.13
qi_fdfb6a1b,quote_559d25f7,prod_53e1d316,1,258.72,15.04,38.92,219.8,134.87,84.93
qi_3a5cdac8,quote_56ad5ca4,prod_566c0f49,4,542.11,7.75,168.0,2000.44,424.39,302.88
qi_f18dcfed,quote_56ad5ca4,prod_b572f27a,3,234.88,5.42,38.21,666.43,172.85,147.88
qi_b541b24a,quote_56ad5ca4,prod_2a053ba0,1,118.08,13.79,16.28,101.8,92.98,8.82
qi_8872a13d,quote_cc61fa60,prod_09b423f4,6,194.09,15.54,181.01,983.53,140.65,139.63
qi_44250392,quote_ad17ba98,prod_2a053ba0,8,118.08,12.49,118.01,826.63,92.98,82.79
qi_baf4cfb3,quote_9d925589,prod_761255b4,1,377.23,49.36,186.21,191.02,238.42,-47.4
qi_34fd3cc6,quote_163398d9,prod_4e0ad55a,9,394.43,14.63,519.22,3030.65,300.07,330.02
qi_04dd8022,quote_163398d9,prod_aa9c466e,1,192.86,16.02,30.89,161.97,127.52,34.45
qi_b5d04ac3,quote_163398d9,prod_2a053ba0,1,118.08,16.18,19.11,98.97,92.98,5.99
qi_bdeb1050,quote_d06096b1,prod_3cf36411,1,100.55,16.63,16.72,83.83,76.96,6.87
qi_cee8c7b1,quote_9f87e7f3,prod_71507ccd,5,557.35,12.34,343.75,2443.0,361.29,636.55
qi_9d5400c2,quote_c22455fa,prod_b9a67276,8,132.34,11.35,120.13,938.59,72.74,356.67
qi_207c93de,quote_c22455fa,prod_b572f27a,3,234.88,16.35,115.19,589.45,172.85,70.9
qi_05c576ed,quote_c22455fa,prod_2a053ba0,1,118.08,11.05,13.05,105.03,92.98,12.05
qi_0e48dd22,quote_5ac89431,prod_b3825ee4,3,2407.95,10.27,741.54,6482.31,1308.02,2558.25
qi_c7080ffb,quote_5ac89431,prod_7afc80e5,6,500.07,14.43,433.04,2567.38,298.76,774.82
qi_0b499886,quote_3dd58f3d,prod_53e1d316,7,258.72,8.7,157.64,1653.4,134.87,709.31
qi_6418c80b,quote_b3c8d50f,prod_be2be7f1,1,126.81,7.34,9.31,117.5,96.34,21.16
qi_c1dfb212,quote_b3c8d50f,prod_aa9c466e,5,192.86,9.75,94.04,870.26,127.52,232.66
qi_2df5394a,quote_b3c8d50f,prod_2a053ba0,1,118.08,9.63,11.38,106.7,92.98,13.72
qi_bc5d0261,quote_97aef64c,prod_2a053ba0,7,118.08,10.57,87.36,739.2,92.98,88.34
qi_dbd2bc33,quote_c5757d26,prod_86baf995,5,53.08,11.73,31.13,234.27,37.74,45.57
qi_24d3cf70,quote_2b4b85e5,prod_b9a67276,9,132.34,8.95,106.61,1084.45,72.74,429.79
qi_f4e19eba,quote_2b4b85e5,prod_971152aa,5,452.14,10.78,243.82,2016.88,304.85,492.63
qi_7411be9e,quote_ae9d0626,prod_951860a3,4,342.18,11.88,162.65,1206.07,221.24,321.11
qi_03413be0,quote_ff9a4a56,prod_6bb9d589,1,257.04,13.27,34.1,222.94,173.89,49.05
qi_0e9d5e8e,quote_288c0a8f,prod_035d78fc,5,708.07,11.53,408.32,3132.03,390.29,1180.58
qi_18699b0b,quote_288c0a8f,prod_67da2a8c,4,502.85,9.64,193.92,1817.48,390.19,256.72
qi_93a72f48,quote_92319233,prod_8713c712,8,1310.68,8.42,882.52,9602.92,955.46,1959.24
qi_8d4ce728,quote_451e4a83,prod_b572f27a,10,234.88,12.31,289.24,2059.56,172.85,331.06
qi_c0418add,quote_a149bf42,prod_b572f27a,9,234.88,13.1,276.9,1837.02,172.85,281.37
qi_5005b847,quote_689a44aa,prod_1a600b85,8,467.29,9.42,351.97,3386.35,370.35,423.55
qi_4012377e,quote_fa8ad52b,prod_54709729,4,876.27,9.42,330.31,3174.77,477.91,1263.13
qi_243a6664,quote_fa8ad52b,prod_5aea0ff9,5,535.04,14.17,379.12,2296.08,354.15,525.33
qi_1d33ab02,quote_b60d10c0,prod_308881b9,1,1352.19,12.92,174.67,1177.52,763.26,414.26
qi_9cfb1a6b,quote_b60d10c0,prod_7afc80e5,3,500.07,18.32,274.79,1225.42,298.76,329.14
qi_f2497c64,quote_b60d10c0,prod_2a053ba0,1,118.08,17.98,21.24,96.84,92.98,3.86
qi_e0eefca0,quote_924f5684,prod_fe300255,1,544.27,11.63,63.29,480.98,378.97,102.01
qi_dabd4050,quote_924f5684,prod_aa9c466e,4,192.86,14.06,108.5,662.94,127.52,152.86
qi_7e5871a7,quote_42cf28cd,prod_fe300255,9,544.27,6.71,328.51,4569.92,378.97,1159.19
qi_6469dae5,quote_42cf28cd,prod_aa9c466e,2,192.86,12.3,47.44,338.28,127.52,83.24
qi_5e333a30,quote_42cf28cd,prod_770c0c43,1,304.47,13.68,41.65,262.82,153.4,109.42
qi_0777e2c4,quote_79801df0,prod_f24c5a18,2,341.75,7.07,48.33,635.17,205.73,223.71
qi_b43e9c25,quote_907dcc07,prod_ff879477,9,508.47,7.32,335.1,4241.13,374.73,868.56
qi_8f1ab304,quote_179231be,prod_761255b4,4,377.23,7.48,112.85,1396.07,238.42,442.39
qi_b65a5e7e,quote_8bac8574,prod_587805bf,5,620.3,7.23,224.29,2877.21,395.64,899.01
qi_fb1b107e,quote_8bac8574,prod_c5ca2c8c,3,432.9,14.48,188.03,1110.67,232.13,414.28
qi_9ba0945a,quote_8bac8574,prod_be2be7f1,1,126.81,9.19,11.65,115.16,96.34,18.82
qi_87d4f9df,quote_7106f3d5,prod_587805bf,9,620.3,8.42,470.16,5112.54,395.64,1551.78
qi_f239da91,quote_b30b86a0,prod_81feaa25,9,674.35,9.96,604.36,5464.79,337.49,2427.38
qi_fa1d8545,quote_b30b86a0,prod_5aea0ff9,5,535.04,2.73,72.96,2602.24,354.15,831.49
qi_76122b7b,quote_b30b86a0,prod_b9a67276,1,132.34,12.65,16.74,115.6,72.74,42.86
qi_b6e71c7c,quote_7f0ce1aa,prod_bfb5489d,10,159.47,10.74,171.29,1423.41,108.64,337.01
qi_401292b2,quote_878a3a33,prod_4e0ad55a,1,394.43,10.26,40.48,353.95,300.07,53.88
qi_065afcc9,quote_bb209b03,prod_f009ca00,3,904.43,9.67,262.41,2450.88,467.12,1049.52
qi_4080dfda,quote_550e9ce7,prod_54709729,5,876.27,11.19,490.18,3891.17,477.91,1501.62
qi_156ff941,quote_550e9ce7,prod_2a053ba0,1,118.08,15.38,18.16,99.92,92.98,6.94
qi_a0054ab8,quote_18c6fdf2,prod_81feaa25,3,674.35,6.24,126.18,1896.87,337.49,884.4
qi_b690d38a,quote_18c6fdf2,prod_5aea0ff9,3,535.04,6.0,96.32,1508.8,354.15,446.35
qi_72bf39d5,quote_18c6fdf2,prod_2a053ba0,1,118.08,17.24,20.36,97.72,92.98,4.74
qi_5531d9df,quote_53e9f274,prod_c5ca2c8c,9,432.9,8.15,317.71,3578.39,232.13,1489.22
qi_902537ca,quote_358ca9e8,prod_8713c712,9,1310.68,13.49,1591.79,10204.33,955.46,1605.19
qi_b095e1d8,quote_159cee72,prod_bcde7343,6,103.88,7.8,48.59,574.69,76.74,114.25
qi_a76786b5,quote_6d18267c,prod_2af333ea,6,445.79,7.57,202.46,2472.28,329.4,495.88
qi_8805254d,quote_7559bca3,prod_971152aa,10,452.14,6.95,314.35,4207.05,304.85,1158.55
qi_1c2c3c93,quote_d9a441e0,prod_81feaa25,6,674.35,13.19,533.48,3512.62,337.49,1487.68
qi_45ee6b0c,quote_d9a441e0,prod_b572f27a,4,234.88,12.11,113.81,825.71,172.85,134.31
qi_ad3bf813,quote_d9a441e0,prod_2a053ba0,1,118.08,13.46,15.89,102.19,92.98,9.21
qi_00e63ca6,quote_102bcfd2,prod_587805bf,7,620.3,7.52,326.41,4015.69,395.64,1246.21
qi_e08e3c45,quote_102bcfd2,prod_67da2a8c,1,502.85,10.26,51.58,451.27,390.19,61.08
qi_90c07246,quote_102bcfd2,prod_2a053ba0,1,118.08,6.78,8.01,110.07,92.98,17.09
qi_94d44ee4,quote_1fac70cd,prod_fe300255,7,544.27,4.24,161.38,3648.51,378.97,995.72
qi_2cc8c79a,quote_1fac70cd,prod_761255b4,2,377.23,11.65,87.93,666.53,238.42,189.69
qi_9b4d4eea,quote_7779b1ec,prod_f009ca00,6,904.43,16.03,869.88,4556.7,467.12,1753.98
qi_3ee664ee,quote_3a7c2663,prod_566c0f49,1,542.11,7.87,42.65,499.46,424.39,75.07
qi_a354f7ba,quote_c76d9552,prod_53e1d316,8,258.72,13.22,273.65,1796.11,134.87,717.15
qi_d3b78713,quote_48e2e6df,prod_039421d7,9,221.39,8.06,160.56,1831.95,117.98,770.13
qi_085d5d9a,quote_ef280c15,prod_b3825ee4,6,2407.95,14.82,2141.63,12306.07,1308.02,4457.95
qi_760f9aac,quote_ef280c15,prod_5aea0ff9,10,535.04,13.06,698.87,4651.53,354.15,1110.03
qi_9ac34f4d,quote_3ad9b644,prod_971152aa,2,452.14,7.6,68.75,835.53,304.85,225.83
qi_b3ec5b69,quote_f9a75c89,prod_f24c5a18,1,341.75,13.37,45.69,296.06,205.73,90.33
qi_22542541,quote_69f33242,prod_cb6fc0eb,9,623.98,14.87,835.3,4780.52,498.78,291.5
qi_ac4c7c63,quote_146834c9,prod_2af333ea,5,445.79,9.12,203.38,2025.57,329.4,378.57
qi_772fa6d7,quote_be19e4b0,prod_f24c5a18,8,341.75,8.31,227.21,2506.79,205.73,860.95
qi_fb4d5f9e,quote_1c0ab81e,prod_951860a3,5,342.18,12.65,216.42,1494.48,221.24,388.28
qi_eb167927,quote_4ada25aa,prod_24ab3fd0,8,528.46,9.77,412.9,3814.78,335.31,1132.3
qi_4993457f,quote_cf28c0c0,prod_c5ca2c8c,7,432.9,15.9,481.7,2548.6,232.13,923.69
qi_53f3076c,quote_f1167bc4,prod_71507ccd,8,557.35,7.74,345.32,4113.48,361.29,1223.16
qi_56c31272,quote_f1167bc4,prod_5aea0ff9,2,535.04,13.93,149.05,921.03,354.15,212.73
qi_8267a296,quote_6c18ac60,prod_64c08afc,6,239.23,11.3,162.13,1273.25,131.55,483.95
qi_4b219582,quote_3dd9f912,prod_761255b4,4,377.23,4.51,68.02,1440.9,238.42,487.22
qi_09d8b5bb,quote_45fbfadc,prod_7a535b91,4,941.21,10.6,399.15,3365.69,552.83,1154.37
qi_4667f456,quote_91ae7c59,prod_582de9a4,7,584.53,16.56,677.77,3413.94,295.15,1347.89
qi_388a0e0d,quote_2dc55ed4,prod_7afc80e5,2,500.07,11.61,116.12,884.02,298.76,286.5
qi_e3d4ef25,quote_c8fef246,prod_ff879477,9,508.47,6.34,290.25,4285.98,374.73,913.41
qi_280f1206,quote_c41f5a72,prod_b3825ee4,7,2407.95,15.35,2587.88,14267.77,1308.02,5111.63
qi_d1b71db4,quote_c41f5a72,prod_761255b4,9,377.23,13.07,443.71,2951.36,238.42,805.58
qi_68483891,quote_c66bbc79,prod_f009ca00,10,904.43,16.09,1455.22,7589.08,467.12,2917.88
qi_3c115b10,quote_260cec99,prod_bfb5489d,7,159.47,12.0,133.91,982.38,108.64,221.9
qi_abb6ef43,quote_5de8c357,prod_4e0ad55a,8,394.43,13.79,435.11,2720.33,300.07,319.77
qi_4ca327d4,quote_5de8c357,prod_b572f27a,1,234.88,15.89,37.33,197.55,172.85,24.7
qi_59300e84,quote_5de8c357,prod_2a053ba0,1,118.08,17.28,20.41,97.67,92.98,4.69
qi_eb14950c,quote_3f8b1d43,prod_3bcbd935,7,412.02,49.94,1440.23,1443.91,239.32,-231.33
qi_d51b4cdc,quote_71eb55d2,prod_5d2d5599,6,99.34,7.79,46.45,549.59,56.01,213.53
qi_3332a8a0,quote_71eb55d2,prod_039421d7,4,221.39,10.61,93.97,791.59,117.98,319.67
qi_534ccc8d,quote_2f26ab93,prod_24ab3fd0,2,528.46,10.07,106.46,950.46,335.31,279.84
qi_8f4f778b,quote_9a898922,prod_6bb9d589,3,257.04,14.24,109.78,661.34,173.89,139.67
qi_e4bb4d52,quote_e5ea1e9d,prod_71507ccd,6,557.35,6.81,227.83,3116.27,361.29,948.53
qi_60b54465,quote_e5ea1e9d,prod_c5ca2c8c,3,432.9,11.28,146.56,1152.14,232.13,455.75
qi_497a44b4,quote_d6b02d5c,prod_2a053ba0,10,118.08,6.43,75.96,1104.84,92.98,175.04
qi_356f1d5b,quote_bbb67ae6,prod_5d2d5599,3,99.34,9.23,27.52,270.5,56.01,102.47
qi_a0eddd09,quote_bbb67ae6,prod_761255b4,1,377.23,13.56,51.16,326.07,238.42,87.65
qi_2ad7f9ae,quote_bbb67ae6,prod_2a053ba0,1,118.08,17.77,20.98,97.1,92.98,4.12
qi_6758a970,quote_bbb67ae6,prod_6bb9d589,1,257.04,11.74,30.17,226.87,173.89,52.98
qi_9781c67a,quote_4dfddd65,prod_6bb9d589,4,257.04,10.98,112.87,915.29,173.89,219.73
qi_0c0a1338,quote_c42445fb,prod_09b423f4,6,194.09,11.02,128.28,1036.26,140.65,192.36
qi_5f614766,quote_cb707028,prod_7afc80e5,7,500.07,9.11,319.03,3181.46,298.76,1090.14
qi_4a0e6973,quote_c9b3292f,prod_4f0226fb,5,126.37,6.98,44.11,587.74,80.07,187.39
qi_9d71cd80,quote_c9b3292f,prod_aa9c466e,5,192.86,13.42,129.41,834.89,127.52,197.29
qi_a9858736,quote_c9b3292f,prod_2a053ba0,1,118.08,13.95,16.47,101.61,92.98,8.63
qi_28655cde,quote_87dd0d0e,prod_67da2a8c,8,502.85,12.65,508.72,3514.08,390.19,392.56
qi_5ea2bacc,quote_edc49821,prod_53e1d316,4,258.72,13.89,143.76,891.12,134.87,351.64
qi_f02f053e,quote_dec2e780,prod_f24c5a18,1,341.75,9.93,33.94,307.81,205.73,102.08
qi_c305093f,quote_96da07be,prod_aa9c466e,5,192.86,15.52,149.68,814.62,127.52,177.02
qi_f01abf3e,quote_7e460c3f,prod_ad64d881,1,2529.7,16.64,420.95,2108.75,1372.17,736.58
qi_fbfb34cd,quote_7e460c3f,prod_aa9c466e,7,192.86,13.3,179.61,1170.41,127.52,277.77
qi_cfec3b1e,quote_66456468,prod_971152aa,4,452.14,8.77,158.57,1649.99,304.85,430.59
qi_2f2f8755,quote_22efd74f,prod_7a535b91,9,941.21,17.29,1464.68,7006.21,552.83,2030.74
qi_3958b742,quote_f30e9115,prod_5aea0ff9,5,535.04,13.77,368.41,2306.79,354.15,536.04
qi_e7aa864f,quote_cca2b1b3,prod_2a053ba0,3,118.08,9.69,34.33,319.91,92.98,40.97
qi_c3d2866a,quote_d759b993,prod_ad64d881,6,2529.7,13.68,2075.68,13102.52,1372.17,4869.5
qi_1aab6783,quote_efb88377,prod_67da2a8c,1,502.85,11.12,55.9,446.95,390.19,56.76
qi_cb6e2498,quote_4594fc0f,prod_587805bf,4,620.3,10.63,263.75,2217.45,395.64,634.89
qi_eb3f8b23,quote_abfd667e,prod_de12acd0,9,335.68,8.79,265.67,2755.45,228.3,700.75
qi_012da998,quote_307b5808,prod_4e0ad55a,7,394.43,11.57,319.53,2441.48,300.07,340.99
qi_f4a0571d,quote_307b5808,prod_aa9c466e,2,192.86,12.61,48.65,337.07,127.52,82.03
qi_c3a4ede8,quote_307b5808,prod_2a053ba0,1,118.08,5.96,7.04,111.04,92.98,18.06
qi_7d57a427,quote_c6a79fea,prod_308881b9,8,1352.19,4.19,453.43,10364.09,763.26,4258.01
qi_ecba3da7,quote_c6a79fea,prod_c5ca2c8c,2,432.9,10.38,89.85,775.95,232.13,311.69
qi_b978d24b,quote_9ffef0f2,prod_f24c5a18,10,341.75,14.54,496.96,2920.54,205.73,863.24
qi_5b71ec2b,quote_c23af222,prod_b572f27a,4,234.88,10.54,99.01,840.51,172.85,149.11
qi_ce7aa110,quote_203db7cc,prod_81feaa25,5,674.35,16.9,569.97,2801.78,337.49,1114.33
qi_57f5eb41,quote_203db7cc,prod_761255b4,1,377.23,18.33,69.14,308.09,238.42,69.67
qi_b8b552ec,quote_203db7cc,prod_2a053ba0,1,118.08,16.23,19.16,98.92,92.98,5.94
qi_096b3b5a,quote_203db7cc,prod_b9a67276,1,132.34,14.28,18.89,113.45,72.74,40.71
qi_e7bf39a9,quote_752e6382,prod_aa9c466e,3,192.86,7.1,41.09,537.49,127.52,154.93
qi_3d8b2002,quote_70d121b0,prod_bfb5489d,2,159.47,13.45,42.9,276.04,108.64,58.76
qi_a1a95802,quote_c465356b,prod_aa9c466e,6,192.86,10.42,120.6,1036.56,127.52,271.44
qi_aff78eb5,quote_d62e633d,prod_6bb9d589,6,257.04,13.3,205.15,1337.09,173.89,293.75
qi_9ed45866,quote_b7240126,prod_b3825ee4,8,2407.95,14.44,2781.16,16482.44,1308.02,6018.28
qi_6e5f0afc,quote_b7240126,prod_aa9c466e,5,192.86,12.17,117.38,846.92,127.52,209.32
qi_ad282d9f,quote_fd09d493,prod_8713c712,8,1310.68,11.0,1152.97,9332.47,955.46,1688.79
qi_bcb0dbfe,quote_e1636f8c,prod_bfb5489d,2,159.47,10.57,33.72,285.22,108.64,67.94
qi_d51248a3,quote_dfa88dba,prod_09b423f4,5,194.09,11.54,111.98,858.47,140.65,155.22
qi_fcfd5f94,quote_4215c6b9,prod_aa9c466e,7,192.86,9.22,124.49,1225.53,127.52,332.89
qi_5f4b928a,quote_91163221,prod_b572f27a,10,234.88,7.19,168.97,2179.83,172.85,451.33
qi_343e967c,quote_ca31a431,prod_761255b4,1,377.23,16.26,61.33,315.9,238.42,77.48
qi_99956f0e,quote_b7956dd0,prod_fe300255,9,544.27,14.1,690.77,4207.66,378.97,796.93
qi_fc7a03dd,quote_b7956dd0,prod_039421d7,3,221.39,18.51,122.97,541.2,117.98,187.26
qi_45fef2c8,quote_54bfa265,prod_3bcbd935,2,412.02,4.34,35.8,788.24,239.32,309.6
qi_a37b48e4,quote_ab12e374,prod_53e1d316,6,258.72,14.11,219.05,1333.27,134.87,524.05
qi_99e050ad,quote_1e836ea9,prod_aa9c466e,9,192.86,13.15,228.26,1507.48,127.52,359.8
qi_1448ab5e,quote_0372b6c4,prod_5d2d5599,9,99.34,7.41,66.23,827.83,56.01,323.74
qi_705f01bb,quote_568932bd,prod_5aea0ff9,7,535.04,11.28,422.65,3322.63,354.15,843.58
qi_14117dfa,quote_4df8fe9b,prod_c5ca2c8c,3,432.9,12.7,164.9,1133.8,232.13,437.41
qi_44cfc72a,quote_af477048,prod_4e0ad55a,9,394.43,12.2,433.19,3116.68,300.07,416.05
qi_35962f18,quote_af477048,prod_5aea0ff9,3,535.04,8.05,129.24,1475.88,354.15,413.43
qi_dd1e648e,quote_79268dd9,prod_6bb9d589,9,257.04,13.21,305.6,2007.76,173.89,442.75
qi_68674fde,quote_7ac2614f,prod_1a600b85,2,467.29,13.49,126.03,808.55,370.35,67.85
qi_cb94220d,quote_a5588019,prod_4e0ad55a,8,394.43,12.22,385.53,2769.91,300.07,369.35
qi_60ef7230,quote_d62d5d55,prod_71507ccd,3,557.35,10.72,179.16,1492.89,361.29,409.02
qi_e443561c,quote_d62d5d55,prod_039421d7,4,221.39,10.8,95.6,789.96,117.98,318.04
qi_60a8126d,quote_444d17fb,prod_566c0f49,10,542.11,11.93,646.51,4774.59,424.39,530.69
qi_60199e61,quote_444d17fb,prod_971152aa,5,452.14,10.57,238.93,2021.77,304.85,497.52
qi_af382461,quote_44ba4238,prod_f009ca00,3,904.43,13.0,352.81,2360.48,467.12,959.12
qi_32ffb62c,quote_63874663,prod_971152aa,3,452.14,8.04,109.03,1247.39,304.85,332.84
qi_ae8c8ab2,quote_4a376a8f,prod_fe300255,9,544.27,4.51,220.83,4677.6,378.97,1266.87
qi_cdf11bea,quote_bd101a47,prod_54709729,8,876.27,12.59,882.41,6127.75,477.91,2304.47
qi_f411e3b7,quote_bd101a47,prod_7afc80e5,2,500.07,15.86,158.61,841.53,298.76,244.01
qi_c4abad69,quote_bd101a47,prod_2a053ba0,1,118.08,17.84,21.06,97.02,92.98,4.04
qi_437a567f,quote_2e9ba29e,prod_bcde7343,10,103.88,13.94,144.86,893.94,76.74,126.54
qi_1516b1a8,quote_2fba6d1e,prod_3bcbd935,8,412.02,10.23,337.08,2959.08,239.32,1044.52
qi_beb7a539,quote_70531e07,prod_ad64d881,10,2529.7,5.19,1313.95,23983.05,1372.17,10261.35
qi_b5a30718,quote_70531e07,prod_aa9c466e,8,192.86,9.23,142.41,1400.47,127.52,380.31
qi_0ab45628,quote_d76e5fac,prod_71507ccd,5,557.35,2.79,77.8,2708.95,361.29,902.5
qi_3c2b6378,quote_d76e5fac,prod_2a053ba0,1,118.08,10.37,12.24,105.84,92.98,12.86
qi_1a60786b,quote_30304d85,prod_b2f3a8f7,3,101.33,14.65,44.55,259.44,55.14,94.02
qi_5ca98895,quote_cca5e351,prod_24ab3fd0,2,528.46,8.13,85.95,970.97,335.31,300.35
qi_b91590b7,quote_b6971868,prod_5aea0ff9,10,535.04,10.58,566.28,4784.12,354.15,1242.62
qi_8b529e68,quote_7c76ed4f,prod_e1bddf73,7,561.12,8.16,320.7,3607.14,422.73,648.03
qi_e6e134af,quote_7c76ed4f,prod_c5ca2c8c,1,432.9,9.89,42.81,390.09,232.13,157.96
qi_603c74b9,quote_eeaf35f2,prod_fe300255,4,544.27,9.34,203.33,1973.75,378.97,457.87
qi_0148687f,quote_07494236,prod_308881b9,1,1352.19,3.8,51.34,1300.85,763.26,537.59
qi_20546bb9,quote_07494236,prod_039421d7,5,221.39,5.49,60.73,1046.22,117.98,456.32
qi_d9fa4b07,quote_07494236,prod_2a053ba0,1,118.08,12.28,14.5,103.58,92.98,10.6
qi_8dccb462,quote_07494236,prod_770c0c43,1,304.47,10.25,31.2,273.27,153.4,119.87
qi_9eb04a00,quote_1e3ff31b,prod_f24c5a18,5,341.75,5.63,96.16,1612.59,205.73,583.94
qi_1cdaf170,quote_b87795e1,prod_7afc80e5,5,500.07,9.07,226.84,2273.51,298.76,779.71
qi_5aa1f96d,quote_0e01c7df,prod_b9a67276,6,132.34,10.74,85.31,708.73,72.74,272.29
qi_ebe9ab09,quote_0e01c7df,prod_c5ca2c8c,1,432.9,14.44,62.51,370.39,232.13,138.26
qi_ead87836,quote_5cabf734,prod_4e0ad55a,10,394.43,18.19,717.57,3226.73,300.07,226.03
qi_c4d15791,quote_5cabf734,prod_7afc80e5,1,500.07,9.52,47.6,452.47,298.76,153.71
qi_363ac89e,quote_c3e95fed,prod_be2be7f1,1,126.81,46.52,58.99,67.82,96.34,-28.52
qi_7207a299,quote_c3e95fed,prod_971152aa,4,452.14,42.99,777.42,1031.14,304.85,-188.26
qi_1352e1a1,quote_c3e95fed,prod_2a053ba0,1,118.08,44.8,52.9,65.18,92.98,-27.8
qi_9082e83b,quote_882544f6,prod_b3825ee4,9,2407.95,12.01,2603.62,19067.93,1308.02,7295.75
qi_ebd16815,quote_882544f6,prod_aa9c466e,6,192.86,9.04,104.64,1052.52,127.52,287.4
qi_5ffdb948,quote_7a79c870,prod_53e1d316,4,258.72,7.61,78.77,956.11,134.87,416.63
qi_335b1a80,quote_48858516,prod_039421d7,7,221.39,15.7,243.36,1306.37,117.98,480.51
qi_b119e2d4,quote_c9c9a4b5,prod_b2f3a8f7,4,101.33,9.82,39.79,365.53,55.14,144.97
qi_e018bb42,quote_38c45850,prod_b3825ee4,1,2407.95,7.87,189.62,2218.33,1308.02,910.31
qi_b6d0ebfc,quote_38c45850,prod_c5ca2c8c,10,432.9,5.46,236.31,4092.69,232.13,1771.39
qi_51df6cef,quote_16f256b4,prod_5aea0ff9,7,535.04,12.49,467.94,3277.34,354.15,798.29
qi_3d8514f2,quote_c30fe726,prod_24ab3fd0,1,528.46,14.46,76.39,452.07,335.31,116.76
qi_31f83140,quote_7be83e95,prod_566c0f49,3,542.11,12.76,207.58,1418.75,424.39,145.58
qi_fa300beb,quote_7be83e95,prod_b572f27a,2,234.88,8.37,39.33,430.43,172.85,84.73
qi_4b755253,quote_7be83e95,prod_2a053ba0,1,118.08,10.43,12.32,105.76,92.98,12.78
qi_08b3dde0,quote_56cb4f0e,prod_566c0f49,7,542.11,8.16,309.49,3485.28,424.39,514.55
qi_5d7ce86d,quote_56cb4f0e,prod_c5ca2c8c,5,432.9,9.19,199.01,1965.49,232.13,804.84
qi_877004e0,quote_56cb4f0e,prod_53e1d316,1,258.72,7.33,18.95,239.77,134.87,104.9
qi_5e43d72f,quote_01ecc4fd,prod_6bb9d589,1,257.04,7.34,18.86,238.18,173.89,64.29
qi_5acae51c,quote_8eed7300,prod_f009ca00,10,904.43,9.08,821.16,8223.14,467.12,3551.94
qi_760022a4,quote_51147067,prod_5d2d5599,2,99.34,11.54,22.92,175.76,56.01,63.74
qi_76e6cf4c,quote_51147067,prod_039421d7,2,221.39,9.5,42.04,400.74,117.98,164.78
qi_8978d851,quote_a31fe74f,prod_566c0f49,10,542.11,6.73,364.78,5056.32,424.39,812.42
qi_dd6a6a2b,quote_669d3948,prod_aa9c466e,10,192.86,14.23,274.49,1654.11,127.52,378.91
qi_b4d86038,quote_0ac778e3,prod_7a535b91,9,941.21,17.12,1450.61,7020.28,552.83,2044.81
qi_ed50ac44,quote_efce1542,prod_64c08afc,9,239.23,13.7,294.96,1858.11,131.55,674.16
qi_7fefd74b,quote_80148f43,prod_3bcbd935,9,412.02,8.16,302.69,3405.49,239.32,1251.61
qi_90c7a761,quote_2ecee206,prod_b9a67276,4,132.34,11.08,58.68,470.68,72.74,179.72
qi_9df5e4af,quote_2ecee206,prod_7afc80e5,1,500.07,10.18,50.88,449.19,298.76,150.43
qi_e595edbc,quote_2ecee206,prod_2a053ba0,1,118.08,7.77,9.17,108.91,92.98,15.93
qi_8ca1ef2d,quote_3e9a1f5b,prod_971152aa,3,452.14,9.9,134.29,1222.13,304.85,307.58
qi_93e032a3,quote_aef0ac3a,prod_71507ccd,4,557.35,9.38,209.02,2020.38,361.29,575.22
qi_11ab68c3,quote_ebc7fafd,prod_e1bddf73,10,561.12,8.35,468.75,5142.45,422.73,915.15
qi_28806817,quote_ebc7fafd,prod_971152aa,1,452.14,10.28,46.47,405.67,304.85,100.82
qi_b6b367ba,quote_ebc7fafd,prod_2a053ba0,1,118.08,10.48,12.37,105.71,92.98,12.73
qi_40b0f8bd,quote_ebc7fafd,prod_b9a67276,1,132.34,6.92,9.15,123.19,72.74,50.45
qi_91a6671c,quote_28d5eda9,prod_f24c5a18,8,341.75,15.57,425.58,2308.42,205.73,662.58
qi_f9c6b079,quote_b31cd44a,prod_bfb5489d,2,159.47,13.86,44.21,274.73,108.64,57.45
qi_13d5a3c1,quote_2dfcebf6,prod_582de9a4,10,584.53,18.52,1082.59,4762.71,295.15,1811.21
qi_f1427d83,quote_9f537451,prod_bfb5489d,6,159.47,7.76,74.28,882.54,108.64,230.7
qi_0f7d8422,quote_599a2bf7,prod_f24c5a18,7,341.75,9.2,220.15,2172.1,205.73,731.99
qi_8c386de1,quote_bc206a06,prod_6bb9d589,7,257.04,14.3,257.3,1541.98,173.89,324.75
qi_3ff177cd,quote_af072b0c,prod_e1bddf73,7,561.12,4.54,178.41,3749.43,422.73,790.32
qi_6b673af5,quote_af072b0c,prod_aa9c466e,2,192.86,7.92,30.55,355.17,127.52,100.13
qi_08bded01,quote_af072b0c,prod_09b423f4,1,194.09,4.49,8.72,185.37,140.65,44.72
qi_1fef2c81,quote_a5669156,prod_54709729,6,876.27,13.51,710.5,4547.12,477.91,1679.66
qi_42356739,quote_a5669156,prod_039421d7,2,221.39,13.1,57.99,384.79,117.98,148.83
qi_111d6a23,quote_a5669156,prod_2a053ba0,1,118.08,13.38,15.8,102.28,92.98,9.3
qi_aa7d07de,quote_3a243331,prod_5d2d5599,8,99.34,9.24,73.43,721.29,56.01,273.21
qi_3636cd53,quote_3a243331,prod_c5ca2c8c,2,432.9,6.36,55.04,810.76,232.13,346.5
qi_4e4a4526,quote_3a243331,prod_2a053ba0,1,118.08,7.11,8.39,109.69,92.98,16.71
qi_d8cc3db7,quote_9f7c4eb4,prod_de12acd0,2,335.68,8.71,58.47,612.89,228.3,156.29
qi_e39d36d0,quote_27762127,prod_770c0c43,7,304.47,8.76,186.74,1944.55,153.4,870.75
qi_c6c1418e,quote_b0027d1f,prod_971152aa,4,452.14,38.68,699.56,1109.0,304.85,-110.4
qi_85414ca6,quote_d2c72c47,prod_8713c712,7,1310.68,18.64,1710.17,7464.59,955.46,776.37
qi_e624e211,quote_2472c612,prod_b9a67276,8,132.34,12.89,136.52,922.2,72.74,340.28
qi_f71658c9,quote_2472c612,prod_b572f27a,5,234.88,14.85,174.36,1000.04,172.85,135.79
qi_a6a9987d,quote_2472c612,prod_2a053ba0,1,118.08,6.3,7.44,110.64,92.98,17.66
qi_d4b78af3,quote_601199da,prod_b2f3a8f7,1,101.33,8.22,8.33,93.0,55.14,37.86
qi_4495f633,quote_1bc10d34,prod_582de9a4,5,584.53,7.57,221.28,2701.37,295.15,1225.62
qi_bb8af044,quote_2a1ca06d,prod_71507ccd,9,557.35,11.27,565.43,4450.72,361.29,1199.11
qi_3ada44a0,quote_2a1ca06d,prod_039421d7,3,221.39,10.02,66.53,597.64,117.98,243.7
qi_25aba99e,quote_2a1ca06d,prod_2a053ba0,1,118.08,8.57,10.12,107.96,92.98,14.98
qi_f48e8389,quote_2a1ca06d,prod_5d2d5599,1,99.34,9.69,9.63,89.71,56.01,33.7
qi_99c4045f,quote_409b573c,prod_67da2a8c,3,502.85,11.23,169.38,1339.17,390.19,168.6
qi_1229ca6d,quote_ab12b15e,prod_67da2a8c,2,502.85,11.71,117.72,887.98,390.19,107.6
qi_2541dd66,quote_1f7e9649,prod_2a053ba0,5,118.08,8.91,52.63,537.77,92.98,72.87
qi_fdfedddf,quote_70883ad6,prod_be2be7f1,5,126.81,37.83,239.84,394.21,96.34,-87.49
qi_095e8650,quote_70883ad6,prod_5aea0ff9,5,535.04,44.31,1185.46,1489.74,354.15,-281.01
qi_3e6cc4a9,quote_70883ad6,prod_2a053ba0,1,118.08,37.73,44.55,73.53,92.98,-19.45
qi_f3d60a32,quote_b205e842,prod_035d78fc,1,708.07,11.68,82.72,625.35,390.29,235.06
qi_c26b9519,quote_b205e842,prod_1a600b85,1,467.29,9.11,42.59,424.7,370.35,54.35
qi_e3e85df9,quote_a7db232f,prod_f24c5a18,9,341.75,9.72,298.95,2776.8,205.73,925.23
qi_94c47f01,quote_436d9cb3,prod_24ab3fd0,10,528.46,13.69,723.3,4561.3,335.31,1208.2
qi_d95f6d39,quote_af40ffe2,prod_5aea0ff9,4,535.04,8.38,179.37,1960.79,354.15,544.19
qi_5a754aa4,quote_cb5c77eb,prod_71507ccd,8,557.35,5.54,247.07,4211.73,361.29,1321.41
qi_b9aa9717,quote_bdda6de4,prod_fe300255,1,544.27,13.55,73.75,470.52,378.97,91.55
qi_d8161ca0,quote_bdda6de4,prod_aa9c466e,3,192.86,9.46,54.73,523.85,127.52,141.29
qi_7eaab693,quote_bdda6de4,prod_2a053ba0,1,118.08,17.72,20.92,97.16,92.98,4.18
qi_7e5ebdae,quote_61b59b2b,prod_039421d7,2,221.39,10.75,47.6,395.18,117.98,159.22
qi_432e4344,quote_5ef27a11,prod_039421d7,2,221.39,9.81,43.44,399.34,117.98,163.38
qi_75fcfd8b,quote_5a7e8002,prod_bfb5489d,7,159.47,7.38,82.38,1033.91,108.64,273.43
qi_98134e78,quote_16bc1afc,prod_de12acd0,7,335.68,35.63,837.15,1512.61,228.3,-85.49
qi_2a6feb84,quote_4abc4cc3,prod_bfb5489d,7,159.47,4.06,45.34,1070.95,108.64,310.47
qi_9080911b,quote_671f81b9,prod_2a053ba0,1,118.08,15.24,18.0,100.08,92.98,7.1
qi_3286766a,quote_899c56a4,prod_f24c5a18,9,341.75,19.22,591.23,2484.52,205.73,632.95
qi_1f4f1917,quote_58a1039a,prod_971152aa,3,452.14,12.24,166.05,1190.37,304.85,275.82
qi_c9e6de22,quote_eebd3262,prod_b572f27a,7,234.88,13.3,218.72,1425.44,172.85,215.49
qi_17eb1853,quote_20ea0f29,prod_aa9c466e,7,192.86,15.88,214.32,1135.7,127.52,243.06
qi_93a89813,quote_2a96faa0,prod_bcde7343,8,103.88,8.6,71.5,759.54,76.74,145.62
qi_66a94080,quote_6f9b1ee8,prod_ad64d881,3,2529.7,9.68,734.79,6854.31,1372.17,2737.8
qi_65790693,quote_b25a2a33,prod_ff879477,4,508.47,10.76,218.87,1815.01,374.73,316.09
qi_9e96c45e,quote_6100c1d9,prod_64c08afc,6,239.23,11.4,163.68,1271.7,131.55,482.4
qi_8b8bd442,quote_3c8fa0cf,prod_951860a3,7,342.18,10.92,261.66,2133.6,221.24,584.92
qi_da5aa023,quote_29aefbf1,prod_035d78fc,1,708.07,8.83,62.49,645.58,390.29,255.29
qi_78ef992d,quote_29aefbf1,prod_c5ca2c8c,5,432.9,8.0,173.24,1991.26,232.13,830.61
qi_7fab5893,quote_29aefbf1,prod_770c0c43,1,304.47,12.62,38.42,266.05,153.4,112.65
qi_cd9eeefa,quote_f613766f,prod_951860a3,10,342.18,11.13,380.89,3040.91,221.24,828.51
qi_7eb4e11d,quote_4b2a8b2d,prod_c5ca2c8c,6,432.9,12.91,335.38,2262.02,232.13,869.24
qi_1dc4594c,quote_84a09f1f,prod_3cf36411,3,100.55,4.68,14.12,287.53,76.96,56.65
qi_9ea5c0e3,quote_5b4c5f96,prod_53e1d316,4,258.72,13.79,142.67,892.21,134.87,352.73
qi_bc9525a7,quote_f91be412,prod_035d78fc,1,708.07,11.21,79.4,628.67,390.29,238.38
qi_bbd03c86,quote_a2af1d3b,prod_cb6fc0eb,6,623.98,14.12,528.76,3215.12,498.78,222.44
qi_b261a609,quote_36f016fe,prod_2a053ba0,1,118.08,13.17,15.55,102.53,92.98,9.55
qi_9c904b98,quote_875e07fb,prod_951860a3,8,342.18,10.67,292.08,2445.36,221.24,675.44
qi_1c6af779,quote_65a467a9,prod_24ab3fd0,7,528.46,14.56,538.73,3160.49,335.31,813.32
qi_243c13ac,quote_b2f775d0,prod_761255b4,4,377.23,11.94,180.1,1328.82,238.42,375.14
qi_4fe7d2ea,quote_a7c1bc30,prod_86baf995,2,53.08,38.64,41.02,65.14,37.74,-10.34
qi_7f959111,quote_189f08a9,prod_64c08afc,2,239.23,13.5,64.58,413.88,131.55,150.78
qi_4c385631,quote_4fd354e0,prod_971152aa,4,452.14,14.39,260.19,1548.37,304.85,328.97
qi_87bbd027,quote_6109a8ea,prod_54709729,8,876.27,9.59,672.57,6337.59,477.91,2514.31
qi_bf2f6340,quote_6109a8ea,prod_aa9c466e,1,192.86,13.01,25.09,167.77,127.52,40.25
qi_eaf75f19,quote_6109a8ea,prod_2a053ba0,1,118.08,17.0,20.07,98.01,92.98,5.03
qi_5312a848,quote_6109a8ea,prod_5d2d5599,1,99.34,10.58,10.51,88.83,56.01,32.82
qi_b8bee781,quote_2bfadefd,prod_ad64d881,5,2529.7,14.94,1890.18,10758.32,1372.17,3897.47
qi_86824b74,quote_2bfadefd,prod_039421d7,9,221.39,13.83,275.65,1716.86,117.98,655.04
qi_d631009d,quote_ff9eaf09,prod_951860a3,7,342.18,12.86,307.93,2087.33,221.24,538.65
qi_7a1114e2,quote_2ae2261d,prod_24ab3fd0,6,528.46,13.3,421.82,2748.94,335.31,737.08
qi_43e82092,quote_3c93c033,prod_e1bddf73,8,561.12,18.44,827.59,3661.37,422.73,279.53
qi_36afc6cd,quote_3c93c033,prod_b9a67276,1,132.34,13.41,17.74,114.6,72.74,41.86
qi_7f038b32,quote_355675a8,prod_e1bddf73,8,561.12,12.86,577.25,3911.71,422.73,529.87
qi_6619d369,quote_355675a8,prod_971152aa,2,452.14,11.54,104.35,799.93,304.85,190.23
qi_c2913be3,quote_355675a8,prod_2a053ba0,1,118.08,12.18,14.38,103.7,92.98,10.72
qi_6ca522e7,quote_355675a8,prod_5d2d5599,1,99.34,11.55,11.47,87.87,56.01,31.86
qi_f3fac6fc,quote_1163461e,prod_308881b9,2,1352.19,16.26,439.84,2264.54,763.26,738.02
qi_112a982b,quote_af6c6754,prod_5d2d5599,7,99.34,8.22,57.15,638.23,56.01,246.16
qi_58a69454,quote_af6c6754,prod_5aea0ff9,2,535.04,13.57,145.17,924.91,354.15,216.61
qi_d60b797a,quote_f5a674a1,prod_039421d7,6,221.39,12.12,161.06,1167.28,117.98,459.4
qi_32b35c58,quote_448eadf9,prod_86baf995,6,53.08,14.92,47.52,270.96,37.74,44.52
qi_43c85049,quote_9c6286a5,prod_cb6fc0eb,9,623.98,7.35,413.01,5202.81,498.78,713.79
qi_8351951a,quote_e60f5d31,prod_54709729,8,876.27,7.97,559.02,6451.14,477.91,2627.86
qi_8e4689de,quote_e60f5d31,prod_aa9c466e,3,192.86,9.57,55.35,523.23,127.52,140.67
qi_5d7f3b95,quote_e60f5d31,prod_2a053ba0,1,118.08,7.62,9.0,109.08,92.98,16.1
qi_e3c5495f,quote_2645a647,prod_582de9a4,1,584.53,12.08,70.59,513.94,295.15,218.79
qi_2b3508f4,quote_1de8ee7b,prod_b3825ee4,1,2407.95,9.32,224.4,2183.55,1308.02,875.53
qi_44435e74,quote_1de8ee7b,prod_c5ca2c8c,5,432.9,15.64,338.53,1825.97,232.13,665.32
qi_e60ac72d,quote_2cf5b837,prod_4e0ad55a,5,394.43,17.37,342.47,1629.68,300.07,129.33
qi_738c5037,quote_2cf5b837,prod_67da2a8c,3,502.85,13.01,196.25,1312.3,390.19,141.73
qi_0d1ba818,quote_2cf5b837,prod_09b423f4,1,194.09,12.46,24.19,169.9,140.65,29.25
qi_bf69ee82,quote_e4d90b99,prod_8713c712,10,1310.68,10.25,1343.12,11763.68,955.46,2209.08
qi_794bf407,quote_64921213,prod_3cf36411,4,100.55,7.01,28.18,374.02,76.96,66.18
qi_0008af3b,quote_016c2b57,prod_035d78fc,3,708.07,10.71,227.5,1896.71,390.29,725.84
qi_08c40891,quote_016c2b57,prod_039421d7,2,221.39,15.49,68.58,374.2,117.98,138.24
qi_91358fc3,quote_016c2b57,prod_2a053ba0,1,118.08,12.42,14.66,103.42,92.98,10.44
qi_6c51bef6,quote_016c2b57,prod_4f0226fb,1,126.37,12.21,15.43,110.94,80.07,30.87
qi_59dcf624,quote_aa5bbdca,prod_3cf36411,7,100.55,43.25,304.42,399.43,76.96,-139.29
qi_5c243b3f,quote_bdc6ed2c,prod_ff879477,1,508.47,3.99,20.28,488.19,374.73,113.46
qi_66e99119,quote_faa4024b,prod_bfb5489d,7,159.47,8.04,89.76,1026.53,108.64,266.05
qi_55f5e576,quote_8443cb8b,prod_587805bf,7,620.3,13.61,590.93,3751.17,395.64,981.69
qi_b2f0f4b0,quote_7b1e0bb8,prod_b3825ee4,5,2407.95,10.02,1206.85,10832.9,1308.02,4292.8
qi_3d5f1a3b,quote_7b1e0bb8,prod_67da2a8c,9,502.85,13.01,588.84,3936.81,390.19,425.1
qi_903d1f22,quote_3e854756,prod_81feaa25,4,674.35,15.4,415.44,2281.96,337.49,932.0
qi_274f8af6,quote_3e854756,prod_b572f27a,1,234.88,13.72,32.22,202.66,172.85,29.81
qi_ae5f1fa9,quote_c12c93a9,prod_b3825ee4,5,2407.95,6.68,804.73,11235.02,1308.02,4694.92
qi_d6f73db7,quote_c12c93a9,prod_b572f27a,8,234.88,12.35,232.0,1647.04,172.85,264.24
qi_bdd2ab82,quote_2d7d8d95,prod_cb6fc0eb,4,623.98,41.83,1044.01,1451.91,498.78,-543.21
qi_c0a1dfe1,quote_b5430c20,prod_f009ca00,7,904.43,47.46,3004.49,3326.52,467.12,56.68
qi_b0547aa9,quote_e4cde46f,prod_7afc80e5,4,500.07,13.18,263.65,1736.63,298.76,541.59
qi_a474a4c0,quote_d3df0672,prod_4f0226fb,8,126.37,21.28,215.12,795.84,80.07,155.28
qi_f177058c,quote_26e330f7,prod_566c0f49,8,542.11,12.92,560.47,3776.41,424.39,381.29
qi_7412f14c,quote_26e330f7,prod_c5ca2c8c,3,432.9,7.69,99.91,1198.79,232.13,502.4
qi_4dde7316,quote_26e330f7,prod_be2be7f1,1,126.81,10.92,13.84,112.97,96.34,16.63
qi_cd1b411a,quote_e79f8501,prod_ad64d881,3,2529.7,8.77,665.73,6923.37,1372.17,2806.86
qi_cb446c00,quote_e79f8501,prod_1a600b85,6,467.29,8.12,227.7,2576.04,370.35,353.94
qi_86c88adf,quote_ab9aac06,prod_761255b4,3,377.23,10.05,113.69,1018.0,238.42,302.74
qi_e710108f,quote_bf945d60,prod_e1bddf73,4,561.12,7.42,166.64,2077.84,422.73,386.92
qi_75940e43,quote_bf945d60,prod_c5ca2c8c,1,432.9,13.38,57.91,374.99,232.13,142.86
qi_9889246e,quote_bf945d60,prod_2a053ba0,1,118.08,9.18,10.84,107.24,92.98,14.26
qi_75ea1b99,quote_bf945d60,prod_4f0226fb,1,126.37,7.67,9.69,116.68,80.07,36.61
qi_7a3b22f4,quote_4b9f740f,prod_81feaa25,2,674.35,40.36,544.37,804.33,337.49,129.35
qi_4b918848,quote_4b9f740f,prod_b572f27a,1,234.88,41.05,96.41,138.47,172.85,-34.38
qi_cb747b42,quote_4b9f740f,prod_2a053ba0,1,118.08,45.47,53.69,64.39,92.98,-28.59
qi_62849785,quote_0f994ad4,prod_587805bf,8,620.3,13.08,649.19,4313.21,395.64,1148.09
qi_915dbc31,quote_0f994ad4,prod_aa9c466e,3,192.86,8.01,46.34,532.24,127.52,149.68
qi_6e559c7c,quote_9fa06aa9,prod_f009ca00,2,904.43,12.55,227.06,1581.8,467.12,647.56
qi_50272ac1,quote_06b1b6f2,prod_039421d7,10,221.39,9.59,212.27,2001.63,117.98,821.83
qi_3ef7ac09,quote_d31bb3c9,prod_67da2a8c,8,502.85,10.8,434.3,3588.5,390.19,466.98
qi_7dfecca7,quote_9120b7ed,prod_67da2a8c,8,502.85,8.25,331.95,3690.85,390.19,569.33
qi_686adad2,quote_f82f4c82,prod_fe300255,3,544.27,14.27,232.97,1399.84,378.97,262.93
qi_4fb460de,quote_f82f4c82,prod_2a053ba0,1,118.08,12.78,15.09,102.99,92.98,10.01
qi_58076d8b,quote_f82f4c82,prod_6bb9d589,1,257.04,12.9,33.15,223.89,173.89,50.0
qi_b0990fa8,quote_dd94c064,prod_de12acd0,7,335.68,13.71,322.11,2027.65,228.3,429.55
qi_eac5a57b,quote_dfe35311,prod_de12acd0,7,335.68,13.27,311.72,2038.04,228.3,439.94
qi_9b5e5cb9,quote_8deb6af3,prod_ff879477,6,508.47,13.59,414.67,2636.15,374.73,387.77
qi_5bdf78db,quote_67ed72aa,prod_aa9c466e,2,192.86,11.85,45.7,340.02,127.52,84.98
qi_12e03c28,quote_6fcd0eaa,prod_ad64d881,9,2529.7,13.61,3099.01,19668.29,1372.17,7318.76
qi_1b3ae08e,quote_a29b5589,prod_951860a3,7,342.18,13.0,311.42,2083.84,221.24,535.16
qi_7d31d29f,quote_baaf5e21,prod_951860a3,3,342.18,11.8,121.17,905.37,221.24,241.65
qi_f8487ee0,quote_d2dd2be0,prod_3cf36411,3,100.55,11.35,34.23,267.42,76.96,36.54
qi_224eba6a,quote_21479d12,prod_de12acd0,10,335.68,6.34,212.75,3144.05,228.3,861.05
qi_8c19a238,quote_76a00d6e,prod_bfb5489d,5,159.47,13.64,108.76,688.59,108.64,145.39
qi_7edd8bf3,quote_02d509fa,prod_71507ccd,4,557.35,14.36,320.08,1909.32,361.29,464.16
qi_da7073b9,quote_822074b2,prod_3cf36411,9,100.55,11.87,107.39,797.56,76.96,104.92
qi_e3bbde21,quote_823a5e9a,prod_ad64d881,6,2529.7,9.58,1454.6,13723.6,1372.17,5490.58
qi_d4834c1e,quote_823a5e9a,prod_761255b4,9,377.23,12.18,413.55,2981.52,238.42,835.74
qi_bfe18a2d,quote_6abe532f,prod_bfb5489d,2,159.47,11.1,35.39,283.55,108.64,66.27
qi_68493dfe,quote_83997731,prod_7afc80e5,5,500.07,10.77,269.39,2230.96,298.76,737.16
qi_e705a948,quote_08cb64a6,prod_54709729,1,876.27,8.75,76.64,799.63,477.91,321.72
qi_34f2540a,quote_08cb64a6,prod_2a053ba0,1,118.08,7.39,8.73,109.35,92.98,16.37
qi_5f24ff84,quote_08cb64a6,prod_53e1d316,1,258.72,13.38,34.61,224.11,134.87,89.24
qi_2c607356,quote_734101a1,prod_09b423f4,4,194.09,14.64,113.69,662.67,140.65,100.07
qi_e80d31bb,quote_dda88128,prod_5d2d5599,1,99.34,7.72,7.66,91.68,56.01,35.67
qi_d708bcfd,quote_dda88128,prod_2a053ba0,1,118.08,9.01,10.64,107.44,92.98,14.46
qi_36051cc1,quote_c3a0a586,prod_971152aa,2,452.14,16.81,152.01,752.27,304.85,142.57
qi_6fed9035,quote_890640eb,prod_b3825ee4,8,2407.95,10.12,1950.01,17313.59,1308.02,6849.43
qi_828ccbe0,quote_890640eb,prod_c5ca2c8c,11,432.9,6.99,333.02,4428.88,232.13,1875.45
qi_6d280ecd,quote_1d0dcc9a,prod_81feaa25,4,674.35,5.42,146.31,2551.09,337.49,1201.13
qi_2228de62,quote_1d0dcc9a,prod_761255b4,1,377.23,6.6,24.89,352.34,238.42,113.92
qi_e695bdc6,quote_f105dacd,prod_53e1d316,6,258.72,9.31,144.59,1407.73,134.87,598.51
qi_705aa1b9,quote_cd530cfb,prod_cb6fc0eb,3,623.98,7.02,131.35,1740.59,498.78,244.25
qi_9f9a5bb2,quote_dc88822b,prod_67da2a8c,4,502.85,17.24,346.72,1664.68,390.19,103.92
qi_b0119f85,quote_b7f53b32,prod_b572f27a,2,234.88,12.35,58.03,411.73,172.85,66.03
qi_8c6ca537,quote_07ea48bd,prod_aa9c466e,6,192.86,10.07,116.5,1040.66,127.52,275.54
qi_e2e99511,quote_e142efa1,prod_24ab3fd0,3,528.46,11.64,184.56,1400.82,335.31,394.89
qi_46b09218,quote_70f94f54,prod_587805bf,2,620.3,15.15,187.9,1052.7,395.64,261.42
qi_0487e94b,quote_70f94f54,prod_2a053ba0,1,118.08,15.15,17.89,100.19,92.98,7.21
qi_76d8d4dd,quote_001b89b7,prod_f009ca00,3,904.43,9.29,251.98,2461.31,467.12,1059.95
qi_1efc5dfa,quote_2eb9800e,prod_7afc80e5,1,500.07,10.58,52.89,447.18,298.76,148.42
qi_9bdf9df1,quote_3e94eaf7,prod_3cf36411,8,100.55,12.94,104.11,700.29,76.96,84.61
qi_00983975,quote_a38b3ca6,prod_4e0ad55a,7,394.43,7.77,214.62,2546.39,300.07,445.9
qi_0bae075a,quote_a38b3ca6,prod_be2be7f1,1,126.81,6.28,7.97,118.84,96.34,22.5
qi_9e17af13,quote_ceb56d68,prod_53e1d316,1,258.72,10.6,27.42,231.3,134.87,96.43
qi_744bcab4,quote_cf02527a,prod_2a053ba0,10,118.08,10.49,123.92,1056.88,92.98,127.08
qi_13d4401b,quote_53137752,prod_566c0f49,7,542.11,10.15,385.27,3409.5,424.39,438.77
qi_cd29900d,quote_53137752,prod_761255b4,3,377.23,12.01,135.92,995.77,238.42,280.51
qi_4ab0c0e6,quote_53137752,prod_2a053ba0,1,118.08,12.03,14.21,103.87,92.98,10.89
qi_e8239ec5,quote_53137752,prod_b9a67276,1,132.34,3.18,4.21,128.13,72.74,55.39
qi_951523c2,quote_803fe3ca,prod_039421d7,1,221.39,7.19,15.92,205.47,117.98,87.49
qi_e371e5cb,quote_7291de45,prod_64c08afc,10,239.23,7.77,185.9,2206.4,131.55,890.9
qi_a36156e5,quote_581e50d1,prod_566c0f49,10,542.11,10.61,575.12,4845.98,424.39,602.08
qi_77594bfb,quote_581e50d1,prod_039421d7,5,221.39,12.47,138.06,968.89,117.98,378.99
qi_7e92aae6,quote_581e50d1,prod_bfb5489d,1,159.47,17.98,28.68,130.79,108.64,22.15
qi_838528fd,quote_2194b569,prod_971152aa,4,452.14,11.61,210.0,1598.56,304.85,379.16
qi_ec7361c1,quote_2e8324ee,prod_f24c5a18,2,341.75,10.15,69.41,614.09,205.73,202.63
qi_1de628b0,quote_0a893d9a,prod_f009ca00,7,904.43,8.01,507.34,5823.67,467.12,2553.83
qi_93881313,quote_f3264bd6,prod_ff879477,7,508.47,42.39,1508.77,2050.52,374.73,-572.59
qi_37ae3a9c,quote_b2f6c6d0,prod_de12acd0,6,335.68,8.21,165.29,1848.79,228.3,478.99
qi_2ec6cdab,quote_52def8d2,prod_5d2d5599,1,99.34,9.67,9.6,89.74,56.01,33.73
qi_7201393c,quote_52def8d2,prod_2a053ba0,1,118.08,13.74,16.22,101.86,92.98,8.88
qi_e4b539b2,quote_503d4192,prod_bfb5489d,3,159.47,6.11,29.21,449.2,108.64,123.28
qi_aa81c7bc,quote_37366718,prod_f24c5a18,3,341.75,17.73,181.82,843.43,205.73,226.24
qi_5d4539a1,quote_41b4577f,prod_3cf36411,3,100.55,11.92,35.94,265.71,76.96,34.83
qi_5a79ace3,quote_f9606019,prod_5aea0ff9,9,535.04,12.29,591.79,4223.57,354.15,1036.22
qi_b0dc70ff,quote_05831cf9,prod_f009ca00,8,904.43,10.99,795.19,6440.25,467.12,2703.29
qi_1e6bb80c,quote_dde6514e,prod_64c08afc,3,239.23,11.86,85.12,632.57,131.55,237.92
qi_e14dd70d,quote_2aeb4b29,prod_308881b9,8,1352.19,9.73,1052.84,9764.68,763.26,3658.6
qi_cc9bf370,quote_2aeb4b29,prod_770c0c43,1,304.47,12.53,38.16,266.31,153.4,112.91
qi_0d1a361f,quote_10488cf1,prod_81feaa25,9,674.35,5.18,314.2,5754.95,337.49,2717.54
qi_359efde8,quote_10488cf1,prod_bfb5489d,1,159.47,10.55,16.83,142.64,108.64,34.0
qi_5af0d6e3,quote_b5f7de36,prod_1a600b85,4,467.29,8.41,157.2,1711.96,370.35,230.56
qi_570110b8,quote_cece5b0e,prod_09b423f4,1,194.09,10.67,20.72,173.37,140.65,32.72
qi_31aff2b0,quote_dd1ff898,prod_ad64d881,5,2529.7,19.56,2474.42,10174.08,1372.17,3313.23
qi_48c5b66a,quote_dd1ff898,prod_aa9c466e,11,192.86,7.32,155.22,1966.24,127.52,563.52
qi_c706590e,quote_b5484de0,prod_24ab3fd0,1,528.46,5.73,30.27,498.19,335.31,162.88
qi_42dc60b5,quote_6484b267,prod_ad64d881,2,2529.7,12.2,617.25,4442.15,1372.17,1697.81
qi_5a5437fc,quote_6484b267,prod_67da2a8c,5,502.85,14.34,360.63,2153.62,390.19,202.67
qi_9b61176b,quote_e74e6a62,prod_cb6fc0eb,6,623.98,11.11,416.07,3327.81,498.78,335.13
qi_9628d714,quote_8fb06c94,prod_b2f3a8f7,3,101.33,10.14,30.84,273.15,55.14,107.73
qi_b93a8f63,quote_075518cb,prod_ad64d881,8,2529.7,11.0,2225.23,18012.37,1372.17,7035.01
qi_aa467f6f,quote_075518cb,prod_b572f27a,7,234.88,16.07,264.26,1379.9,172.85,169.95
qi_2cb48380,quote_de98fcae,prod_f24c5a18,6,341.75,5.91,121.19,1929.31,205.73,694.93
qi_7dfd443d,quote_3ca14b4a,prod_761255b4,2,377.23,11.28,85.09,669.37,238.42,192.53
qi_014d2206,quote_552d6ffc,prod_ad64d881,6,2529.7,10.06,1526.54,13651.66,1372.17,5418.64
qi_9b1c1c1f,quote_552d6ffc,prod_1a600b85,10,467.29,9.75,455.39,4217.51,370.35,514.01
qi_d63916c1,quote_e8a5129d,prod_2af333ea,2,445.79,6.27,55.9,835.68,329.4,176.88
qi_ca80340c,quote_e7088921,prod_308881b9,6,1352.19,17.18,1393.63,6719.51,763.26,2139.95
qi_18beecbf,quote_e7088921,prod_039421d7,3,221.39,16.53,109.76,554.41,117.98,200.47
qi_39bf180d,quote_e7088921,prod_2a053ba0,1,118.08,13.7,16.17,101.91,92.98,8.93
qi_31cb8cf5,quote_e7088921,prod_4f0226fb,1,126.37,9.39,11.87,114.5,80.07,34.43
qi_525f44d9,quote_f3d7bc75,prod_761255b4,5,377.23,12.06,227.49,1658.66,238.42,466.56
qi_d1529997,quote_81c6f1db,prod_24ab3fd0,1,528.46,10.0,52.83,475.63,335.31,140.32
qi_0b22f13c,quote_bfee9e4e,prod_86baf995,3,53.08,9.25,14.73,144.51,37.74,31.29
qi_21314f5a,quote_d4bec15a,prod_f24c5a18,7,341.75,14.81,354.38,2037.87,205.73,597.76
qi_7028eefc,quote_87c59eef,prod_3bcbd935,7,412.02,8.59,247.74,2636.4,239.32,961.16
qi_cf2f2df3,quote_fe26374b,prod_67da2a8c,10,502.85,13.8,693.81,4334.69,390.19,432.79
qi_19bf8494,quote_729f6fb6,prod_3bcbd935,1,412.02,16.3,67.16,344.86,239.32,105.54
qi_1c5b6c1c,quote_0a18ee5a,prod_770c0c43,4,304.47,9.26,112.76,1105.12,153.4,491.52
qi_13d41513,quote_b7506b63,prod_81feaa25,4,674.35,12.23,329.96,2367.44,337.49,1017.48
qi_b80f2f25,quote_b7506b63,prod_039421d7,2,221.39,9.46,41.87,400.91,117.98,164.95
qi_1269a309,quote_b7506b63,prod_2a053ba0,1,118.08,8.05,9.51,108.57,92.98,15.59
qi_cd258b5d,quote_8f35809b,prod_035d78fc,3,708.07,13.96,296.62,1827.59,390.29,656.72
qi_aa0ae946,quote_8f35809b,prod_7afc80e5,4,500.07,10.74,214.88,1785.4,298.76,590.36
qi_0a9a772b,quote_8f35809b,prod_2a053ba0,1,118.08,10.45,12.34,105.74,92.98,12.76
qi_00716be6,quote_8f35809b,prod_09b423f4,1,194.09,10.3,19.99,174.1,140.65,33.45
qi_5f8e7246,quote_da9f35e6,prod_f24c5a18,9,341.75,11.76,361.81,2713.94,205.73,862.37
qi_3da3a0c5,quote_aae03c79,prod_7a535b91,9,941.21,11.22,950.39,7520.5,552.83,2545.03
qi_80cfd657,quote_50718441,prod_770c0c43,2,304.47,8.26,50.31,558.63,153.4,251.83
qi_df600310,quote_c5f780b8,prod_f009ca00,4,904.43,12.87,465.59,3152.13,467.12,1283.65
qi_c3dc3806,quote_c4e34c25,prod_fe300255,2,544.27,8.21,89.34,999.2,378.97,241.26
qi_c217df3d,quote_c4e34c25,prod_1a600b85,4,467.29,10.04,187.72,1681.44,370.35,200.04
qi_28b75038,quote_c4e34c25,prod_4f0226fb,1,126.37,7.14,9.02,117.35,80.07,37.28
qi_ea5b8dd3,quote_abbbdc00,prod_bfb5489d,10,159.47,15.64,249.44,1345.26,108.64,258.86
qi_697ef72a,quote_3f7a805d,prod_971152aa,10,452.14,14.43,652.52,3868.88,304.85,820.38
qi_64fb9d4c,quote_627d9a32,prod_ad64d881,10,2529.7,5.38,1360.79,23936.21,1372.17,10214.51
qi_51d6280e,quote_627d9a32,prod_039421d7,7,221.39,15.95,247.18,1302.55,117.98,476.69
qi_7d98755a,quote_64f0d3e9,prod_f24c5a18,8,341.75,14.85,406.04,2327.96,205.73,682.12
qi_76e5aa68,quote_9459f076,prod_b2f3a8f7,6,101.33,10.31,62.7,545.28,55.14,214.44
qi_0de9d61f,quote_87c26d10,prod_1a600b85,10,467.29,14.43,674.42,3998.48,370.35,294.98
qi_775b702f,quote_49927808,prod_035d78fc,5,708.07,12.76,451.92,3088.43,390.29,1136.98
qi_2f5318bc,quote_49927808,prod_5aea0ff9,2,535.04,8.92,95.42,974.66,354.15,266.36
qi_1db7b5e6,quote_4ae1a1b4,prod_e1bddf73,10,561.12,0.0,0.0,5611.2,422.73,1383.9
qi_97c7cdec,quote_4ae1a1b4,prod_770c0c43,1,304.47,6.24,19.01,285.46,153.4,132.06
qi_634dd844,quote_161c2548,prod_761255b4,3,377.23,14.09,159.47,972.22,238.42,256.96
qi_5acd16a1,quote_b6dfbeba,prod_5d2d5599,8,99.34,2.19,17.38,777.34,56.01,329.26
qi_bde68826,quote_b6dfbeba,prod_1a600b85,1,467.29,10.6,49.52,417.77,370.35,47.42
qi_6947d8f4,quote_19c5a385,prod_951860a3,10,342.18,8.56,293.05,3128.75,221.24,916.35
qi_bf0dbc28,quote_9685e08b,prod_ad64d881,10,2529.7,12.87,3256.53,22040.47,1372.17,8318.77
qi_e2f7761b,quote_9685e08b,prod_67da2a8c,9,502.85,12.04,544.92,3980.73,390.19,469.02
qi_b05c3d46,quote_5dfdb962,prod_2a053ba0,2,118.08,16.58,39.15,197.01,92.98,11.05
qi_99f8d59f,quote_4fe1a272,prod_4e0ad55a,1,394.43,4.66,18.4,376.03,300.07,75.96
qi_76bc0575,quote_4fe1a272,prod_aa9c466e,1,192.86,10.96,21.14,171.72,127.52,44.2
qi_d7f599c0,quote_bd452ebd,prod_3bcbd935,4,412.02,15.07,248.38,1399.7,239.32,442.42
qi_5094e606,quote_473b972b,prod_24ab3fd0,1,528.46,2.32,12.29,516.17,335.31,180.86
qi_63189359,quote_50614c31,prod_7a535b91,9,941.21,7.81,661.19,7809.7,552.83,2834.23
qi_6b492850,quote_d3e4fd13,prod_24ab3fd0,8,528.46,11.93,504.38,3723.3,335.31,1040.82
qi_60f3229b,quote_80975e8e,prod_b2f3a8f7,9,101.33,13.65,124.5,787.47,55.14,291.21
qi_cacbf5f1,quote_7f9c4c08,prod_582de9a4,9,584.53,15.46,813.4,4447.37,295.15,1791.02
qi_b1cd5791,quote_6cec5f86,prod_4f0226fb,6,126.37,6.81,51.66,706.56,80.07,226.14
qi_5d8afd69,quote_6cec5f86,prod_67da2a8c,3,502.85,6.41,96.62,1411.93,390.19,241.36
qi_705e9472,quote_6cec5f86,prod_2a053ba0,1,118.08,12.59,14.87,103.21,92.98,10.23
qi_d9b6c034,quote_b38fdda3,prod_53e1d316,6,258.72,11.74,182.23,1370.09,134.87,560.87
qi_2ca60bc1,quote_9eb5888a,prod_770c0c43,4,304.47,14.38,175.12,1042.76,153.4,429.16
