quotation_id,customer_id,sales_rep_id,total_amount,total_discount,total_margin,status,created_at,updated_at
quote_54ef1b58,cust_6449b0f4,rep_4fd63151,2587.2,265.48,973.02,CONVERTED,2025-12-12 12:10:05.601026,2026-01-06 12:10:05.601026
quote_4dfedf73,cust_bc936013,rep_f976f2b3,424.64,51.39,71.33,CONVERTED,2025-10-02 23:10:05.601026,2025-10-06 23:10:05.601026
quote_cf8de099,cust_a1d12aca,rep_221b7f39,6810.02,710.19,1894.46,REJECTED,2026-03-29 21:10:05.601026,2026-04-01 21:10:05.601026
quote_4b041447,cust_b957ff58,rep_26645e7c,3540.35,270.21,1318.69,CONVERTED,2026-05-30 18:10:05.601026,2026-06-19 18:10:05.601026
quote_5eb73df2,cust_fa1faded,rep_76071164,7584.5,3192.94,140.64,CONVERTED,2025-10-13 11:10:05.601026,2025-11-08 11:10:05.601026
quote_47add2fc,cust_db6dac0a,rep_e08a1589,6280.36,761.72,2346.8,EXPIRED,2026-07-07 05:10:05.601026,2026-07-23 05:10:05.601026
quote_62e6b9a4,cust_4d188ce5,rep_d5902688,6216.58,808.36,632.66,EXPIRED,2026-01-11 06:10:05.601026,2026-01-17 06:10:05.601026
quote_582208c6,cust_802f59e0,rep_03d99ec4,3170.76,461.02,697.88,CONVERTED,2026-07-27 21:10:05.601026,2026-08-10 21:10:05.601026
quote_e6cd6420,cust_b2c27d93,rep_221b7f39,6588.47,520.08,2198.58,CONVERTED,2026-02-13 14:10:05.601026,2026-03-13 14:10:05.601026
quote_bf1c3871,cust_6449b0f4,rep_f976f2b3,5521.17,503.92,2237.26,EXPIRED,2025-12-18 14:10:05.601026,2026-01-10 14:10:05.601026
quote_2ff02b98,cust_709f2029,rep_221b7f39,4454.96,407.53,559.33,REJECTED,2026-04-29 09:10:05.601026,2026-05-15 09:10:05.601026
quote_1f0e4079,cust_5fb65258,rep_e08a1589,779.78,71.92,251.18,CONVERTED,2026-04-05 16:10:05.601026,2026-04-24 16:10:05.601026
quote_b35782e3,cust_4d188ce5,rep_26645e7c,6588.47,601.7,2116.96,EXPIRED,2026-01-06 00:10:05.601026,2026-01-08 00:10:05.601026
quote_cd3007e3,cust_6bebe3ea,rep_4fd63151,2803.74,298.45,283.19,REJECTED,2026-05-16 07:10:05.601026,2026-06-13 07:10:05.601026
quote_48be5afb,cust_57020bdd,rep_4fd63151,1879.04,167.86,328.38,CONVERTED,2026-04-03 02:10:05.601026,2026-04-29 02:10:05.601026
quote_e075f963,cust_405b3327,rep_f976f2b3,2819.0,421.28,201.22,CONVERTED,2026-07-18 08:10:05.601026,2026-07-22 08:10:05.601026
quote_accc42d3,cust_5e885041,rep_b548fdfc,4457.9,221.98,941.92,CONVERTED,2026-04-13 10:10:05.601026,2026-05-05 10:10:05.601026
quote_f44be986,cust_4604301d,rep_f976f2b3,202.66,20.89,71.49,REJECTED,2026-05-01 15:10:05.601026,2026-05-16 15:10:05.601026
quote_1aabbed4,cust_322bbdef,rep_26645e7c,2209.82,201.59,489.27,EXPIRED,2026-03-20 21:10:05.601026,2026-04-19 21:10:05.601026
quote_c579faca,cust_cf13c2af,rep_b548fdfc,478.41,31.07,121.42,CONVERTED,2025-12-27 02:10:05.601026,2026-01-17 02:10:05.601026
quote_c653e02d,cust_4c4e219c,rep_b548fdfc,3050.82,409.68,392.76,CONVERTED,2026-04-05 11:10:05.601026,2026-04-22 11:10:05.601026
quote_b80ebed4,cust_8035f667,rep_26645e7c,5601.06,668.52,802.86,REJECTED,2026-08-18 05:10:05.601026,2026-09-09 05:10:05.601026
quote_2c0d9d95,cust_16c62d60,rep_221b7f39,1964.14,282.47,469.28,CONVERTED,2026-08-16 13:10:05.601026,2026-08-31 13:10:05.601026
quote_803fecf5,cust_5471fb8a,rep_71ed5975,3021.12,257.39,709.03,CONVERTED,2026-03-14 03:10:05.601026,2026-03-28 03:10:05.601026
quote_5745977e,cust_b8d41557,rep_b548fdfc,623.28,98.29,64.55,CONVERTED,2025-12-25 20:10:05.601026,2025-12-29 20:10:05.601026
quote_8ecd306b,cust_56f06fa7,rep_b548fdfc,442.78,66.95,139.87,CONVERTED,2026-01-07 10:10:05.601026,2026-02-03 10:10:05.601026
quote_2054ff01,cust_405b3327,rep_e08a1589,11724.48,1738.62,3372.96,REJECTED,2025-12-03 09:10:05.601026,2025-12-04 09:10:05.601026
quote_25ca35eb,cust_a1d12aca,rep_221b7f39,2357.32,250.77,582.44,CONVERTED,2026-05-06 20:10:05.601026,2026-05-16 20:10:05.601026
quote_9c8c0f7e,cust_6cd93739,rep_221b7f39,265.4,28.27,48.43,EXPIRED,2026-02-17 01:10:05.601026,2026-03-09 01:10:05.601026
quote_20435b8a,cust_1ba4a61c,rep_e08a1589,2704.38,325.44,852.42,EXPIRED,2026-04-25 22:10:05.601026,2026-05-19 22:10:05.601026
quote_eb53c74e,cust_5199088a,rep_71ed5975,3030.3,528.5,876.89,REJECTED,2026-03-28 19:10:05.601026,2026-04-08 19:10:05.601026
quote_353f4f73,cust_5fb65258,rep_221b7f39,3265.62,205.98,785.82,REJECTED,2025-10-18 08:10:05.601026,2025-11-05 08:10:05.601026
quote_ead3c400,cust_3880925b,rep_03d99ec4,608.94,31.53,270.61,CONVERTED,2025-10-01 15:10:05.601026,2025-10-20 15:10:05.601026
quote_87fbe6de,cust_36b3c9ac,rep_76071164,377.23,39.81,99.0,EXPIRED,2026-07-21 01:10:05.601026,2026-08-10 01:10:05.601026
quote_8348e66a,cust_1ff5ebdc,rep_f976f2b3,1447.44,153.11,248.61,REJECTED,2025-12-06 10:10:05.601026,2025-12-21 10:10:05.601026
quote_073328fc,cust_83055eb2,rep_d5902688,3421.8,206.63,1002.77,EXPIRED,2025-10-18 07:10:05.601026,2025-10-20 07:10:05.601026
quote_35086c59,cust_cf13c2af,rep_71ed5975,969.32,106.24,199.05,REJECTED,2026-04-05 14:10:05.601026,2026-04-22 14:10:05.601026
quote_42ee16df,cust_1311cb1a,rep_f976f2b3,2823.63,386.24,778.9,CONVERTED,2025-12-18 15:10:05.601026,2026-01-12 15:10:05.601026
quote_001ce1be,cust_6cd93739,rep_03d99ec4,1409.28,614.96,-242.78,CONVERTED,2025-09-26 19:10:05.601026,2025-10-15 19:10:05.601026
quote_b09d5ca0,cust_ce1f66a4,rep_d5902688,3946.29,675.97,656.38,REJECTED,2026-03-29 22:10:05.601026,2026-04-05 22:10:05.601026
quote_f6554184,cust_fa1faded,rep_d5902688,7529.68,483.86,2623.18,REJECTED,2025-11-23 02:10:05.601026,2025-12-08 02:10:05.601026
quote_79935736,cust_fb37096e,rep_d5902688,2080.31,220.96,724.83,REJECTED,2026-02-18 02:10:05.601026,2026-02-21 02:10:05.601026
quote_a2789295,cust_8bb8f56a,rep_d5902688,4205.61,488.22,384.24,REJECTED,2026-07-06 22:10:05.601026,2026-08-01 22:10:05.601026
quote_ea213dac,cust_cf13c2af,rep_71ed5975,1416.14,159.65,475.91,REJECTED,2026-05-19 10:10:05.601026,2026-05-22 10:10:05.601026
quote_17e2d297,cust_9f854076,rep_d5902688,7357.95,842.77,2400.65,EXPIRED,2025-11-25 17:10:05.601026,2025-12-13 17:10:05.601026
quote_296a8bf3,cust_cf13c2af,rep_4fd63151,4118.46,355.06,752.8,REJECTED,2026-02-22 08:10:05.601026,2026-03-04 08:10:05.601026
quote_9389feae,cust_c56c6575,rep_76071164,1236.82,118.15,446.27,REJECTED,2025-10-23 02:10:05.601026,2025-11-17 02:10:05.601026
quote_82536009,cust_8cdf7d4e,rep_76071164,9412.1,1351.63,2532.17,REJECTED,2026-06-01 07:10:05.601026,2026-06-06 07:10:05.601026
quote_b6b0f373,cust_3f9d4565,rep_f976f2b3,831.04,98.7,118.42,CONVERTED,2026-04-03 17:10:05.601026,2026-04-23 17:10:05.601026
quote_3b9ffe8b,cust_7f9dd2bf,rep_e08a1589,405.32,30.11,154.65,CONVERTED,2026-03-19 22:10:05.601026,2026-04-14 22:10:05.601026
quote_9cf222fa,cust_12ae9a83,rep_221b7f39,515.1,40.46,163.44,EXPIRED,2025-11-26 14:10:05.601026,2025-12-25 14:10:05.601026
quote_5ae1a61d,cust_0b27ce82,rep_03d99ec4,865.8,83.36,318.18,EXPIRED,2025-10-16 17:10:05.601026,2025-11-12 17:10:05.601026
quote_d95c5c0b,cust_f4e1755e,rep_71ed5975,623.98,242.35,-117.15,EXPIRED,2026-04-23 01:10:05.601026,2026-05-20 01:10:05.601026
quote_bc5facd1,cust_322bbdef,rep_221b7f39,2680.87,260.14,780.55,CONVERTED,2025-09-29 13:10:05.601026,2025-10-18 13:10:05.601026
quote_7b65001c,cust_1ba4a61c,rep_b548fdfc,1568.29,226.59,448.62,CONVERTED,2025-10-09 22:10:05.601026,2025-10-18 22:10:05.601026
quote_2625d639,cust_88dc3738,rep_b548fdfc,4022.8,505.63,395.65,REJECTED,2026-06-11 16:10:05.601026,2026-07-04 16:10:05.601026
quote_11948019,cust_f6647730,rep_f976f2b3,7162.86,976.44,1251.79,REJECTED,2025-12-16 07:10:05.601026,2026-01-13 07:10:05.601026
quote_e5f8d983,cust_41d19430,rep_71ed5975,7235.44,1170.13,2328.35,REJECTED,2026-03-21 16:10:05.601026,2026-04-02 16:10:05.601026
quote_22182e12,cust_ce1f66a4,rep_d5902688,3743.67,580.41,1015.93,REJECTED,2025-12-06 23:10:05.601026,2025-12-18 23:10:05.601026
quote_e83532cb,cust_bc936013,rep_f976f2b3,1137.33,115.85,300.85,REJECTED,2025-10-14 03:10:05.601026,2025-10-19 03:10:05.601026
quote_56b343f5,cust_fb37096e,rep_b548fdfc,7452.77,973.95,1714.18,REJECTED,2026-03-09 18:10:05.601026,2026-03-26 18:10:05.601026
quote_dea2d4d9,cust_3e2b9a91,rep_71ed5975,2060.1,276.19,587.31,EXPIRED,2026-05-28 18:10:05.601026,2026-06-22 18:10:05.601026
quote_ecd73996,cust_b8d41557,rep_71ed5975,1879.04,226.5,269.74,CONVERTED,2025-12-16 09:10:05.601026,2025-12-22 09:10:05.601026
quote_6f5d5c09,cust_5329889c,rep_4fd63151,1500.21,229.19,374.74,CONVERTED,2026-03-09 22:10:05.601026,2026-03-17 22:10:05.601026
quote_f03eda0d,cust_1d7b20af,rep_03d99ec4,4457.9,380.88,783.02,REJECTED,2026-05-08 22:10:05.601026,2026-05-11 22:10:05.601026
quote_10ac180a,cust_9f854076,rep_b548fdfc,1508.55,154.56,183.42,REJECTED,2025-11-09 23:10:05.601026,2025-11-23 23:10:05.601026
quote_717c58ea,cust_db6dac0a,rep_4fd63151,590.4,71.2,54.3,CONVERTED,2026-02-18 04:10:05.601026,2026-03-18 04:10:05.601026
quote_5ff3cb2e,cust_db6dac0a,rep_d5902688,1310.68,67.66,287.56,CONVERTED,2026-07-11 16:10:05.601026,2026-08-07 16:10:05.601026
quote_b14fb616,cust_4ba29bc8,rep_76071164,2113.84,181.46,591.14,CONVERTED,2026-02-01 02:10:05.601026,2026-02-27 02:10:05.601026
quote_3af2491b,cust_d1ed441a,rep_b548fdfc,603.3,80.04,61.5,REJECTED,2026-07-12 10:10:05.601026,2026-08-05 10:10:05.601026
quote_ce536a4d,cust_1ff88c64,rep_221b7f39,2069.76,162.56,828.24,REJECTED,2026-02-15 13:10:05.601026,2026-02-23 13:10:05.601026
quote_0f315245,cust_275958e1,rep_03d99ec4,7864.08,946.74,1184.58,CONVERTED,2026-01-10 11:10:05.601026,2026-01-17 11:10:05.601026
quote_f7b6eaf2,cust_b2c27d93,rep_26645e7c,5513.04,535.17,1873.06,REJECTED,2025-12-25 00:10:05.601026,2026-01-08 00:10:05.601026
quote_63b1765b,cust_88dc3738,rep_03d99ec4,3301.83,430.52,990.03,EXPIRED,2025-10-02 00:10:05.601026,2025-10-29 00:10:05.601026
quote_47e9f4ea,cust_5199088a,rep_76071164,1237.32,128.05,379.59,CONVERTED,2026-03-11 10:10:05.601026,2026-03-28 10:10:05.601026
quote_b41f74fd,cust_94257e9c,rep_76071164,4576.88,568.98,1024.6,CONVERTED,2026-06-04 21:10:05.601026,2026-06-23 21:10:05.601026
quote_de95be28,cust_8035f667,rep_26645e7c,1648.08,246.95,443.85,CONVERTED,2025-09-22 00:10:05.601026,2025-09-23 00:10:05.601026
quote_e50ca031,cust_3752d640,rep_4fd63151,2734.0,299.46,788.7,REJECTED,2026-05-28 12:10:05.601026,2026-06-14 12:10:05.601026
quote_c7a78ae6,cust_405b3327,rep_b548fdfc,1678.4,170.58,366.32,REJECTED,2026-08-18 05:10:05.601026,2026-09-07 05:10:05.601026
quote_3dfa373d,cust_322bbdef,rep_e08a1589,3463.2,385.52,1220.64,REJECTED,2025-12-21 04:10:05.601026,2026-01-02 04:10:05.601026
quote_4c48de45,cust_1ff5ebdc,rep_4fd63151,201.1,30.07,17.11,REJECTED,2026-01-31 07:10:05.601026,2026-02-12 07:10:05.601026
quote_6231e6e2,cust_c56c6575,rep_e08a1589,1869.16,145.94,241.82,REJECTED,2025-11-14 09:10:05.601026,2025-11-22 09:10:05.601026
quote_a9de3004,cust_715a01aa,rep_03d99ec4,2744.06,306.97,285.51,CONVERTED,2026-02-22 04:10:05.601026,2026-03-01 04:10:05.601026
quote_66398fbb,cust_fa1faded,rep_03d99ec4,4828.43,469.44,766.19,REJECTED,2025-12-04 07:10:05.601026,2025-12-15 07:10:05.601026
quote_6fffde49,cust_94257e9c,rep_71ed5975,717.69,69.51,253.53,CONVERTED,2026-01-22 12:10:05.601026,2026-02-15 12:10:05.601026
quote_a676ed84,cust_36b3c9ac,rep_76071164,4056.57,593.44,1173.35,CONVERTED,2026-02-19 08:10:05.601026,2026-02-20 08:10:05.601026
quote_354f642f,cust_6bebe3ea,rep_b548fdfc,3374.02,476.31,286.31,REJECTED,2026-01-03 07:10:05.601026,2026-01-13 07:10:05.601026
quote_f96817df,cust_faaa7a40,rep_71ed5975,3017.84,171.79,938.69,EXPIRED,2026-07-12 17:10:05.601026,2026-08-06 17:10:05.601026
quote_6b77b66a,cust_f6330c6d,rep_d5902688,603.3,42.57,98.97,CONVERTED,2025-10-16 22:10:05.601026,2025-10-19 22:10:05.601026
quote_ace6fcac,cust_a1d12aca,rep_26645e7c,1058.72,120.55,356.25,REJECTED,2026-06-30 21:10:05.601026,2026-07-15 21:10:05.601026
quote_f08db9a6,cust_898c54d5,rep_f976f2b3,3066.6,394.7,552.96,CONVERTED,2026-03-26 14:10:05.601026,2026-03-28 14:10:05.601026
quote_404bcd1a,cust_efe291d0,rep_03d99ec4,1525.41,182.84,218.38,REJECTED,2025-10-17 03:10:05.601026,2025-11-07 03:10:05.601026
quote_d890ccf9,cust_1ba4a61c,rep_4fd63151,6327.96,998.49,957.75,EXPIRED,2025-12-28 06:10:05.601026,2026-01-05 06:10:05.601026
quote_4d9abd5c,cust_2049b501,rep_03d99ec4,469.76,53.17,70.89,EXPIRED,2026-07-16 06:10:05.601026,2026-08-05 06:10:05.601026
quote_bceb9095,cust_3dc20146,rep_76071164,2697.4,260.96,1086.48,CONVERTED,2025-12-25 07:10:05.601026,2026-01-14 07:10:05.601026
quote_fdb339c2,cust_b4a9dca3,rep_03d99ec4,2131.29,245.97,811.52,CONVERTED,2026-06-16 21:10:05.601026,2026-07-12 21:10:05.601026
quote_e30c78aa,cust_709f2029,rep_e08a1589,2640.61,280.51,691.16,EXPIRED,2025-11-17 20:10:05.601026,2025-12-01 20:10:05.601026
quote_4bf36ea3,cust_f9e341c0,rep_71ed5975,500.07,40.67,160.64,REJECTED,2026-03-13 08:10:05.601026,2026-03-22 08:10:05.601026
quote_2bc0c861,cust_6449b0f4,rep_d5902688,1328.34,118.67,501.79,REJECTED,2026-08-14 23:10:05.601026,2026-08-24 23:10:05.601026
quote_496711e7,cust_7c8d0f0a,rep_26645e7c,934.92,103.65,140.61,EXPIRED,2026-07-12 04:10:05.601026,2026-07-23 04:10:05.601026
quote_85a00228,cust_1d7b20af,rep_e08a1589,788.86,92.64,96.08,CONVERTED,2026-03-08 22:10:05.601026,2026-03-19 22:10:05.601026
quote_13ba3d24,cust_4c4e219c,rep_4fd63151,5242.72,611.05,809.83,EXPIRED,2025-12-14 16:10:05.601026,2025-12-30 16:10:05.601026
quote_0ed6d6de,cust_db6dac0a,rep_b548fdfc,2713.29,213.53,1098.4,EXPIRED,2025-11-30 10:10:05.601026,2025-12-30 10:10:05.601026
quote_02e953ef,cust_4e5d5042,rep_03d99ec4,301.65,13.99,56.78,EXPIRED,2025-11-15 02:10:05.601026,2025-11-16 02:10:05.601026
quote_86ffd571,cust_a2b0c037,rep_f976f2b3,192.86,18.01,47.33,CONVERTED,2025-09-08 23:10:05.601026,2025-09-25 23:10:05.601026
quote_173a2f66,cust_0b27ce82,rep_26645e7c,1522.35,223.15,532.2,REJECTED,2026-07-19 22:10:05.601026,2026-08-14 22:10:05.601026
quote_b189062d,cust_c56c6575,rep_26645e7c,623.98,54.17,71.03,CONVERTED,2026-02-06 03:10:05.601026,2026-02-09 03:10:05.601026
quote_29673478,cust_83055eb2,rep_221b7f39,3356.8,336.9,736.9,EXPIRED,2026-06-02 07:10:05.601026,2026-06-18 07:10:05.601026
quote_c96f450d,cust_2049b501,rep_f976f2b3,2213.9,822.75,211.35,REJECTED,2025-12-05 16:10:05.601026,2026-01-01 16:10:05.601026
quote_612dc32a,cust_405b3327,rep_b548fdfc,671.36,119.45,95.31,EXPIRED,2026-03-21 05:10:05.601026,2026-04-07 05:10:05.601026
quote_b2778851,cust_6cd93739,rep_b548fdfc,4252.28,582.08,661.9,EXPIRED,2026-07-12 01:10:05.601026,2026-07-25 01:10:05.601026
quote_e07cc0e7,cust_8cdf7d4e,rep_d5902688,3119.9,490.98,135.02,REJECTED,2026-02-03 13:10:05.601026,2026-02-08 13:10:05.601026
quote_b122458b,cust_b0bce66f,rep_221b7f39,4623.54,585.19,1429.74,REJECTED,2025-10-21 06:10:05.601026,2025-11-08 06:10:05.601026
quote_e0e79109,cust_e5e2a4d0,rep_b548fdfc,253.62,38.83,22.11,REJECTED,2026-03-21 06:10:05.601026,2026-03-29 06:10:05.601026
quote_d3187e85,cust_4ba29bc8,rep_4fd63151,2228.95,267.5,314.45,CONVERTED,2025-10-07 11:10:05.601026,2025-10-23 11:10:05.601026
quote_17f157c7,cust_f4e1755e,rep_e08a1589,813.46,66.73,261.68,REJECTED,2025-09-08 18:10:05.601026,2025-10-05 18:10:05.601026
quote_588df152,cust_b8d41557,rep_26645e7c,5252.87,773.04,751.35,CONVERTED,2026-05-08 16:10:05.601026,2026-05-17 16:10:05.601026
quote_96f5b9b1,cust_3752d640,rep_26645e7c,1644.16,194.69,239.52,CONVERTED,2026-04-17 15:10:05.601026,2026-05-09 15:10:05.601026
quote_c1d1a952,cust_802f59e0,rep_03d99ec4,2349.76,401.19,350.47,CONVERTED,2026-06-05 22:10:05.601026,2026-06-23 22:10:05.601026
quote_0580332a,cust_fb37096e,rep_d5902688,4323.4,386.1,634.35,CONVERTED,2025-09-28 00:10:05.601026,2025-10-07 00:10:05.601026
quote_8ca7eae0,cust_1ff5ebdc,rep_f976f2b3,1247.96,157.46,92.94,CONVERTED,2026-05-10 09:10:05.601026,2026-06-06 09:10:05.601026
quote_05951df2,cust_3f9d4565,rep_71ed5975,201.1,27.07,20.11,EXPIRED,2026-02-15 08:10:05.601026,2026-02-16 08:10:05.601026
quote_ef3d2c6d,cust_b5f9471e,rep_26645e7c,2153.07,249.06,720.06,EXPIRED,2026-05-27 11:10:05.601026,2026-06-10 11:10:05.601026
quote_d773024c,cust_8c59fa3f,rep_d5902688,244.89,26.78,28.79,CONVERTED,2025-12-15 20:10:05.601026,2026-01-10 20:10:05.601026
quote_1dce41ac,cust_e5e2a4d0,rep_03d99ec4,1826.82,254.53,651.89,CONVERTED,2026-07-14 18:10:05.601026,2026-08-11 18:10:05.601026
quote_e63dea1a,cust_a1d12aca,rep_4fd63151,3145.91,334.45,627.5,REJECTED,2026-03-16 04:10:05.601026,2026-04-08 04:10:05.601026
quote_9cd7676e,cust_3e2b9a91,rep_b548fdfc,304.47,33.39,117.68,REJECTED,2026-04-24 01:10:05.601026,2026-05-10 01:10:05.601026
quote_5478d714,cust_42587fc7,rep_71ed5975,2713.29,339.66,972.27,CONVERTED,2026-04-06 04:10:05.601026,2026-04-09 04:10:05.601026
quote_b2686d27,cust_843ab967,rep_221b7f39,1255.41,160.92,280.88,CONVERTED,2026-01-20 23:10:05.601026,2026-02-03 23:10:05.601026
quote_e8e9da96,cust_d1ed441a,rep_d5902688,582.27,52.23,108.09,EXPIRED,2026-03-04 04:10:05.601026,2026-03-24 04:10:05.601026
quote_768005bf,cust_1ff5ebdc,rep_76071164,2164.5,246.17,757.68,CONVERTED,2026-01-27 01:10:05.601026,2026-02-06 01:10:05.601026
quote_d1cf3885,cust_69492daf,rep_03d99ec4,1811.04,184.89,682.06,EXPIRED,2026-05-13 10:10:05.601026,2026-05-26 10:10:05.601026
quote_6f6135f7,cust_bc936013,rep_b548fdfc,385.72,61.52,69.16,CONVERTED,2026-04-25 21:10:05.601026,2026-05-19 21:10:05.601026
quote_2d6e85b1,cust_1226e2b4,rep_b548fdfc,530.8,87.16,66.24,CONVERTED,2026-01-28 16:10:05.601026,2026-02-25 16:10:05.601026
quote_b257e27d,cust_f6647730,rep_4fd63151,517.44,68.11,179.59,REJECTED,2026-08-03 15:10:05.601026,2026-08-24 15:10:05.601026
quote_dce09b8c,cust_db6dac0a,rep_f976f2b3,1342.72,116.87,312.65,REJECTED,2026-03-27 02:10:05.601026,2026-04-10 02:10:05.601026
quote_90c161c5,cust_215bbb49,rep_26645e7c,1157.16,215.0,177.04,CONVERTED,2026-05-29 03:10:05.601026,2026-06-25 03:10:05.601026
quote_2206ada1,cust_61ea4e53,rep_b548fdfc,1026.54,99.24,263.58,REJECTED,2026-02-05 10:10:05.601026,2026-02-26 10:10:05.601026
quote_7c921524,cust_6bebe3ea,rep_4fd63151,7589.1,981.19,2491.4,CONVERTED,2026-04-18 17:10:05.601026,2026-05-08 17:10:05.601026
quote_deaee1c8,cust_61ea4e53,rep_4fd63151,934.92,89.07,155.19,CONVERTED,2026-01-09 14:10:05.601026,2026-01-29 14:10:05.601026
quote_9bcb954a,cust_8647b943,rep_03d99ec4,831.04,49.32,167.8,REJECTED,2026-02-04 02:10:05.601026,2026-02-17 02:10:05.601026
quote_1f9fbd16,cust_12b82827,rep_03d99ec4,1691.4,72.09,301.41,EXPIRED,2026-06-23 19:10:05.601026,2026-06-24 19:10:05.601026
quote_4f37bd1b,cust_12ae9a83,rep_76071164,5615.82,622.65,504.15,REJECTED,2026-04-05 19:10:05.601026,2026-04-23 19:10:05.601026
quote_8655bcc7,cust_d1ed441a,rep_4fd63151,8089.7,1055.83,2664.62,REJECTED,2026-06-06 16:10:05.601026,2026-06-08 16:10:05.601026
quote_3a91eb30,cust_1311cb1a,rep_e08a1589,1005.7,166.33,58.99,EXPIRED,2026-08-13 05:10:05.601026,2026-08-14 05:10:05.601026
quote_b50e9c19,cust_16c62d60,rep_4fd63151,941.21,80.87,307.51,CONVERTED,2026-01-21 05:10:05.601026,2026-02-01 05:10:05.601026
quote_1a1fcfdf,cust_16c62d60,rep_4fd63151,1970.01,167.17,287.02,REJECTED,2026-01-13 09:10:05.601026,2026-01-25 09:10:05.601026
quote_293e1e60,cust_b5f9471e,rep_03d99ec4,3507.18,444.5,1291.78,EXPIRED,2025-12-28 16:10:05.601026,2026-01-06 16:10:05.601026
quote_516281e0,cust_709f2029,rep_76071164,2090.23,205.76,291.14,EXPIRED,2025-09-28 18:10:05.601026,2025-09-29 18:10:05.601026
quote_afb98fbd,cust_b957ff58,rep_26645e7c,3617.72,366.87,1382.37,EXPIRED,2026-04-30 17:10:05.601026,2026-05-24 17:10:05.601026
quote_4d898c29,cust_405b3327,rep_b548fdfc,239.23,32.65,75.03,CONVERTED,2026-07-28 04:10:05.601026,2026-08-22 04:10:05.601026
quote_89823a53,cust_8bb8f56a,rep_f976f2b3,1129.04,183.4,212.1,REJECTED,2026-01-01 22:10:05.601026,2026-01-22 22:10:05.601026
quote_36f1b933,cust_2049b501,rep_4fd63151,3030.3,351.71,1053.68,REJECTED,2026-01-04 15:10:05.601026,2026-01-27 15:10:05.601026
quote_75daac82,cust_6cd93739,rep_26645e7c,5983.21,661.44,1719.61,REJECTED,2025-11-14 00:10:05.601026,2025-11-21 00:10:05.601026
quote_683f4811,cust_560682aa,rep_e08a1589,1298.7,209.64,392.67,REJECTED,2026-07-10 07:10:05.601026,2026-07-13 07:10:05.601026
quote_f93c4d44,cust_322bbdef,rep_e08a1589,6795.18,725.48,2310.71,REJECTED,2025-12-03 06:10:05.601026,2025-12-07 06:10:05.601026
quote_6d264b12,cust_b4a9dca3,rep_221b7f39,234.88,31.7,30.33,CONVERTED,2026-07-01 00:10:05.601026,2026-07-04 00:10:05.601026
quote_c5eb094a,cust_898c54d5,rep_03d99ec4,582.27,101.71,58.61,CONVERTED,2026-05-17 06:10:05.601026,2026-05-29 06:10:05.601026
quote_2ac4aa4d,cust_4ba29bc8,rep_03d99ec4,1811.04,228.8,638.15,CONVERTED,2026-06-13 21:10:05.601026,2026-06-18 21:10:05.601026
quote_00d19ebf,cust_83055eb2,rep_76071164,15990.58,915.7,6206.6,REJECTED,2026-02-16 18:10:05.601026,2026-02-18 18:10:05.601026
quote_59ee158b,cust_560682aa,rep_221b7f39,508.47,46.74,87.0,REJECTED,2026-01-10 03:10:05.601026,2026-02-04 03:10:05.601026
quote_b03ff167,cust_fa1faded,rep_4fd63151,3383.7,406.94,609.96,REJECTED,2026-01-05 00:10:05.601026,2026-01-24 00:10:05.601026
quote_29e1a3b9,cust_a2b0c037,rep_f976f2b3,452.14,76.88,70.41,EXPIRED,2025-10-21 07:10:05.601026,2025-11-07 07:10:05.601026
quote_465440e5,cust_fa1faded,rep_b548fdfc,301.65,30.03,40.74,CONVERTED,2025-10-05 06:10:05.601026,2025-10-30 06:10:05.601026
quote_f326df82,cust_f4e1755e,rep_4fd63151,3210.24,397.72,687.62,REJECTED,2026-04-17 02:10:05.601026,2026-04-23 02:10:05.601026
quote_558e24cc,cust_3880925b,rep_d5902688,1678.4,167.53,369.37,CONVERTED,2025-12-03 18:10:05.601026,2025-12-08 18:10:05.601026
quote_c4d53423,cust_0b6086ec,rep_d5902688,1992.82,177.06,448.12,CONVERTED,2025-10-28 21:10:05.601026,2025-11-24 21:10:05.601026
quote_b7db2742,cust_c3571491,rep_f976f2b3,1337.37,160.6,188.57,CONVERTED,2025-09-29 18:10:05.601026,2025-10-28 18:10:05.601026
quote_3b9351cb,cust_560682aa,rep_71ed5975,2164.5,240.26,763.59,CONVERTED,2025-10-12 07:10:05.601026,2025-10-16 07:10:05.601026
quote_44b81f39,cust_cf13c2af,rep_03d99ec4,885.56,63.59,350.05,CONVERTED,2025-11-24 07:10:05.601026,2025-12-08 07:10:05.601026
quote_60a55cb2,cust_faaa7a40,rep_f976f2b3,7096.46,700.2,2755.53,CONVERTED,2026-03-08 06:10:05.601026,2026-03-24 06:10:05.601026
quote_1504cf42,cust_16c62d60,rep_03d99ec4,1275.76,146.87,259.77,CONVERTED,2026-03-13 11:10:05.601026,2026-03-28 11:10:05.601026
quote_810c3db8,cust_ceb41cd8,rep_f976f2b3,4067.76,464.1,605.82,CONVERTED,2026-03-22 22:10:05.601026,2026-04-10 22:10:05.601026
quote_cb65a4cf,cust_5b9af17f,rep_71ed5975,1500.21,114.34,489.59,CONVERTED,2025-12-02 11:10:05.601026,2025-12-04 11:10:05.601026
quote_27296229,cust_5471fb8a,rep_76071164,2328.48,225.37,889.28,CONVERTED,2026-03-27 23:10:05.601026,2026-04-11 23:10:05.601026
quote_cc1a86cc,cust_c3571491,rep_d5902688,2131.29,146.94,910.55,CONVERTED,2025-10-26 15:10:05.601026,2025-11-04 15:10:05.601026
quote_57ffcfd4,cust_1cb64aaa,rep_03d99ec4,4480.97,704.87,648.0,CONVERTED,2026-02-22 04:10:05.601026,2026-03-04 04:10:05.601026
quote_02faf559,cust_1226e2b4,rep_03d99ec4,2950.36,490.55,805.67,CONVERTED,2026-07-12 02:10:05.601026,2026-08-09 02:10:05.601026
quote_13f16806,cust_fa1faded,rep_26645e7c,651.47,62.11,115.4,EXPIRED,2025-12-16 07:10:05.601026,2026-01-02 07:10:05.601026
quote_1423d452,cust_e7123a90,rep_d5902688,318.94,24.85,76.81,CONVERTED,2026-06-14 17:10:05.601026,2026-06-24 17:10:05.601026
quote_1bb16903,cust_1226e2b4,rep_03d99ec4,941.21,157.54,230.84,CONVERTED,2026-05-25 06:10:05.601026,2026-06-10 06:10:05.601026
quote_37fb2ef5,cust_36b3c9ac,rep_03d99ec4,4306.4,547.51,701.29,REJECTED,2026-03-02 20:10:05.601026,2026-03-20 20:10:05.601026
quote_258c2a99,cust_5199088a,rep_e08a1589,797.35,67.17,186.98,CONVERTED,2026-07-29 16:10:05.601026,2026-08-05 16:10:05.601026
quote_5117ee1c,cust_6bebe3ea,rep_71ed5975,3927.84,493.11,475.62,EXPIRED,2026-02-03 14:10:05.601026,2026-03-02 14:10:05.601026
quote_39ecf42b,cust_e7123a90,rep_b548fdfc,3075.75,216.42,1007.76,REJECTED,2026-05-22 15:10:05.601026,2026-05-28 15:10:05.601026
quote_bd35c640,cust_1ff88c64,rep_4fd63151,2712.84,192.16,691.58,REJECTED,2026-08-19 16:10:05.601026,2026-08-27 16:10:05.601026
quote_88bedb8f,cust_16c62d60,rep_e08a1589,3296.16,337.48,1044.12,REJECTED,2026-07-01 15:10:05.601026,2026-07-03 15:10:05.601026
quote_0bc8e5c9,cust_e7123a90,rep_26645e7c,1645.09,125.63,304.38,CONVERTED,2026-05-19 09:10:05.601026,2026-06-07 09:10:05.601026
quote_2c4cbd4f,cust_969bf7c5,rep_e08a1589,810.64,79.9,289.62,CONVERTED,2025-12-21 11:10:05.601026,2026-01-16 11:10:05.601026
quote_e2cc6912,cust_4e5d5042,rep_f976f2b3,1157.16,88.87,303.17,EXPIRED,2026-06-05 12:10:05.601026,2026-06-30 12:10:05.601026
quote_690652ab,cust_7adfc319,rep_26645e7c,4126.58,516.44,581.54,EXPIRED,2025-12-30 04:10:05.601026,2026-01-09 04:10:05.601026
quote_fbb99867,cust_ce1f66a4,rep_4fd63151,1500.21,185.7,418.23,CONVERTED,2026-02-27 21:10:05.601026,2026-03-29 21:10:05.601026
quote_a100bba1,cust_5329889c,rep_f976f2b3,5084.7,660.51,676.89,CONVERTED,2026-03-17 02:10:05.601026,2026-03-19 02:10:05.601026
quote_9c63a5b2,cust_ceb41cd8,rep_e08a1589,335.68,39.2,68.18,CONVERTED,2026-05-06 04:10:05.601026,2026-05-16 04:10:05.601026
quote_39ea889c,cust_a1d12aca,rep_221b7f39,4706.05,693.96,1247.94,CONVERTED,2026-05-17 12:10:05.601026,2026-06-13 12:10:05.601026
quote_c06728d8,cust_a1d12aca,rep_d5902688,5615.82,796.73,330.07,REJECTED,2026-08-13 21:10:05.601026,2026-08-16 21:10:05.601026
quote_827e76c3,cust_4c4e219c,rep_e08a1589,502.85,30.53,82.13,CONVERTED,2026-04-30 07:10:05.601026,2026-05-28 07:10:05.601026
quote_374662c8,cust_c530da41,rep_b548fdfc,1169.06,117.88,460.88,CONVERTED,2026-04-18 01:10:05.601026,2026-04-30 01:10:05.601026
quote_f05e21d7,cust_6bebe3ea,rep_4fd63151,4768.97,445.17,1473.47,CONVERTED,2025-11-01 10:10:05.601026,2025-11-07 10:10:05.601026
quote_3e751b17,cust_5fb65258,rep_e08a1589,5074.2,2520.28,-1399.78,CONVERTED,2026-08-06 16:10:05.601026,2026-08-28 16:10:05.601026
quote_4d361f88,cust_faaa7a40,rep_76071164,911.97,435.31,-19.6,CONVERTED,2026-07-15 07:10:05.601026,2026-08-12 07:10:05.601026
quote_8874e647,cust_41d19430,rep_26645e7c,10485.44,1209.88,1631.88,EXPIRED,2025-10-15 20:10:05.601026,2025-10-18 20:10:05.601026
quote_76ec3989,cust_41d19430,rep_03d99ec4,6239.8,820.26,431.74,CONVERTED,2025-09-23 23:10:05.601026,2025-10-13 23:10:05.601026
quote_f65cb121,cust_1ff88c64,rep_d5902688,1629.11,143.26,453.55,EXPIRED,2026-07-09 21:10:05.601026,2026-07-21 21:10:05.601026
quote_f82d5165,cust_5329889c,rep_03d99ec4,1000.14,112.71,289.91,CONVERTED,2025-10-29 14:10:05.601026,2025-11-28 14:10:05.601026
quote_1418f740,cust_8cdf7d4e,rep_71ed5975,515.1,62.38,141.52,REJECTED,2026-04-28 03:10:05.601026,2026-05-12 03:10:05.601026
quote_2ae84bb9,cust_b8d41557,rep_d5902688,11070.45,1417.69,3247.49,REJECTED,2025-12-03 05:10:05.601026,2025-12-23 05:10:05.601026
quote_7210be5b,cust_4c4e219c,rep_71ed5975,3021.12,351.36,615.06,CONVERTED,2025-11-12 10:10:05.601026,2025-11-22 10:10:05.601026
quote_84dd3946,cust_c4924c0b,rep_b548fdfc,1605.12,123.76,418.91,REJECTED,2026-08-15 10:10:05.601026,2026-09-01 10:10:05.601026
quote_4355b840,cust_5e885041,rep_76071164,2392.25,109.69,842.45,CONVERTED,2026-05-09 00:10:05.601026,2026-05-31 00:10:05.601026
quote_73b95710,cust_56f06fa7,rep_f976f2b3,506.65,54.61,176.34,CONVERTED,2025-12-16 14:10:05.601026,2026-01-07 14:10:05.601026
quote_9b3ec560,cust_8647b943,rep_76071164,1678.4,122.31,414.59,REJECTED,2026-03-23 13:10:05.601026,2026-04-15 13:10:05.601026
quote_6cb3440c,cust_c4924c0b,rep_b548fdfc,637.88,282.63,-79.31,CONVERTED,2026-06-14 07:10:05.601026,2026-07-09 07:10:05.601026
quote_a5f2f86f,cust_3e2b9a91,rep_4fd63151,970.45,178.09,89.11,CONVERTED,2026-05-26 09:10:05.601026,2026-06-13 09:10:05.601026
quote_85355a30,cust_faaa7a40,rep_b548fdfc,25297.0,1307.09,10268.21,CONVERTED,2026-07-07 07:10:05.601026,2026-07-17 07:10:05.601026
quote_8720abc9,cust_94257e9c,rep_4fd63151,3743.88,306.78,444.42,REJECTED,2026-04-05 23:10:05.601026,2026-04-13 23:10:05.601026
quote_950e2154,cust_f6330c6d,rep_d5902688,342.18,42.02,78.92,EXPIRED,2026-06-03 21:10:05.601026,2026-06-07 21:10:05.601026
quote_3e89408e,cust_b957ff58,rep_26645e7c,1773.57,267.94,108.92,EXPIRED,2025-09-26 03:10:05.601026,2025-10-13 03:10:05.601026
quote_ec398e8d,cust_4d188ce5,rep_76071164,8470.89,584.67,2910.75,EXPIRED,2025-10-17 09:10:05.601026,2025-11-04 09:10:05.601026
quote_6b860fef,cust_c0594b54,rep_03d99ec4,2349.76,246.94,504.72,CONVERTED,2025-10-28 12:10:05.601026,2025-11-18 12:10:05.601026
quote_922cee93,cust_6cd93739,rep_d5902688,5727.93,759.93,1725.89,CONVERTED,2025-12-30 14:10:05.601026,2026-01-20 14:10:05.601026
quote_0d4adff1,cust_12ae9a83,rep_71ed5975,22264.02,2125.65,7881.65,EXPIRED,2026-03-19 18:10:05.601026,2026-04-12 18:10:05.601026
quote_0795a1fd,cust_322bbdef,rep_b548fdfc,3877.5,350.78,814.21,CONVERTED,2025-09-10 23:10:05.601026,2025-10-04 23:10:05.601026
quote_29cfffdb,cust_35bcb900,rep_221b7f39,8598.17,996.46,2757.12,EXPIRED,2025-12-07 03:10:05.601026,2025-12-31 03:10:05.601026
quote_2fd5f6a2,cust_12ae9a83,rep_d5902688,5473.45,679.67,1769.16,REJECTED,2025-10-10 12:10:05.601026,2025-10-24 12:10:05.601026
quote_11bf73f7,cust_b5f9471e,rep_03d99ec4,3507.18,349.87,1386.41,CONVERTED,2026-01-24 17:10:05.601026,2026-02-22 17:10:05.601026
quote_a32ade7e,cust_f4e1755e,rep_76071164,7373.72,856.56,2242.58,CONVERTED,2025-12-14 14:10:05.601026,2026-01-04 14:10:05.601026
quote_3d3c0680,cust_6bebe3ea,rep_4fd63151,9412.1,873.67,3010.13,REJECTED,2026-03-11 18:10:05.601026,2026-04-04 18:10:05.601026
quote_77265f67,cust_7a79b0e8,rep_b548fdfc,720.57,123.32,182.84,CONVERTED,2026-05-20 06:10:05.601026,2026-06-13 06:10:05.601026
quote_a47ebd98,cust_9f854076,rep_b548fdfc,738.38,78.93,170.83,CONVERTED,2026-03-22 21:10:05.601026,2026-03-31 21:10:05.601026
quote_24133bc2,cust_efe291d0,rep_26645e7c,2435.76,268.31,940.25,REJECTED,2026-05-27 18:10:05.601026,2026-06-22 18:10:05.601026
quote_5601ca9f,cust_db6dac0a,rep_26645e7c,664.17,58.14,252.09,REJECTED,2025-10-14 22:10:05.601026,2025-10-20 22:10:05.601026
quote_bdf5db7c,cust_c530da41,rep_221b7f39,2213.9,233.47,800.63,CONVERTED,2026-05-10 03:10:05.601026,2026-05-16 03:10:05.601026
quote_fca93426,cust_3e2b9a91,rep_76071164,2529.7,271.81,885.72,CONVERTED,2026-04-01 01:10:05.601026,2026-04-25 01:10:05.601026
quote_4925f40f,cust_802f59e0,rep_4fd63151,607.98,94.18,182.96,CONVERTED,2026-07-22 03:10:05.601026,2026-08-21 03:10:05.601026
quote_3381d869,cust_faaa7a40,rep_d5902688,3634.32,447.42,621.65,EXPIRED,2025-10-24 11:10:05.601026,2025-11-22 11:10:05.601026
quote_b37d7e87,cust_88dc3738,rep_76071164,3699.22,485.06,866.99,CONVERTED,2026-04-12 13:10:05.601026,2026-04-24 13:10:05.601026
quote_08297f4a,cust_4604301d,rep_26645e7c,1928.6,163.35,490.05,EXPIRED,2025-09-08 04:10:05.601026,2025-09-25 04:10:05.601026
quote_fbac4097,cust_61ea4e53,rep_03d99ec4,5350.4,491.72,1317.18,EXPIRED,2026-03-09 09:10:05.601026,2026-03-18 09:10:05.601026
quote_79b78de9,cust_bc936013,rep_03d99ec4,3017.84,303.71,806.77,CONVERTED,2025-12-18 19:10:05.601026,2025-12-24 19:10:05.601026
quote_d6786bc9,cust_8647b943,rep_26645e7c,7669.46,827.23,2264.94,REJECTED,2026-04-22 04:10:05.601026,2026-04-24 04:10:05.601026
quote_e2a35b36,cust_8035f667,rep_71ed5975,637.88,90.31,113.01,REJECTED,2026-07-09 19:10:05.601026,2026-07-21 19:10:05.601026
quote_e4083582,cust_275958e1,rep_76071164,3223.46,383.42,1018.9,REJECTED,2026-01-30 04:10:05.601026,2026-02-16 04:10:05.601026
quote_34f82792,cust_0b27ce82,rep_f976f2b3,6588.47,954.55,1764.11,EXPIRED,2025-11-24 08:10:05.601026,2025-12-06 08:10:05.601026
quote_ebf8d370,cust_ceb41cd8,rep_e08a1589,1034.88,143.23,352.17,CONVERTED,2026-06-19 00:10:05.601026,2026-07-09 00:10:05.601026
quote_76c68978,cust_a1d12aca,rep_76071164,6553.4,434.07,1342.03,REJECTED,2026-01-14 23:10:05.601026,2026-02-06 23:10:05.601026
quote_e6202338,cust_5199088a,rep_71ed5975,21612.4,3356.22,6063.52,REJECTED,2026-08-19 20:10:05.601026,2026-09-09 20:10:05.601026
quote_290a4076,cust_5e885041,rep_76071164,637.88,67.94,135.38,CONVERTED,2026-06-06 06:10:05.601026,2026-06-16 06:10:05.601026
quote_f76d8af5,cust_8647b943,rep_26645e7c,2295.16,265.06,421.24,REJECTED,2026-05-19 05:10:05.601026,2026-06-15 05:10:05.601026
quote_437f19b0,cust_4e5d5042,rep_76071164,3463.2,486.1,1120.06,REJECTED,2025-09-26 21:10:05.601026,2025-10-25 21:10:05.601026
quote_92f90581,cust_709f2029,rep_d5902688,1552.72,109.17,318.35,EXPIRED,2025-11-09 07:10:05.601026,2025-11-27 07:10:05.601026
quote_897b9d20,cust_fa1faded,rep_71ed5975,432.9,41.66,159.11,EXPIRED,2025-11-06 04:10:05.601026,2025-11-07 04:10:05.601026
quote_e308de5b,cust_ceb41cd8,rep_e08a1589,2223.04,333.53,506.79,CONVERTED,2026-01-04 14:10:05.601026,2026-01-17 14:10:05.601026
quote_cf463198,cust_efe291d0,rep_26645e7c,578.58,84.41,111.61,CONVERTED,2025-11-19 05:10:05.601026,2025-12-03 05:10:05.601026
quote_79475215,cust_7a79b0e8,rep_221b7f39,1275.76,152.63,254.01,CONVERTED,2025-11-27 07:10:05.601026,2025-12-24 07:10:05.601026
quote_bfceb0a8,cust_843ab967,rep_d5902688,4706.05,378.15,1563.75,EXPIRED,2026-08-04 02:10:05.601026,2026-08-16 02:10:05.601026
quote_11a845c7,cust_f9e341c0,rep_03d99ec4,3434.89,210.29,732.03,REJECTED,2026-07-16 15:10:05.601026,2026-08-13 15:10:05.601026
quote_a7cae4dc,cust_1226e2b4,rep_d5902688,4248.42,445.73,1460.95,CONVERTED,2026-08-01 18:10:05.601026,2026-08-07 18:10:05.601026
quote_487ecbe9,cust_715a01aa,rep_221b7f39,6588.47,804.97,1913.69,CONVERTED,2026-05-05 23:10:05.601026,2026-05-22 23:10:05.601026
quote_8d23420f,cust_3f9d4565,rep_4fd63151,7381.49,540.84,2179.28,REJECTED,2025-11-11 22:10:05.601026,2025-11-26 22:10:05.601026
quote_68444243,cust_405b3327,rep_4fd63151,6844.57,1018.26,925.56,CONVERTED,2026-07-05 01:10:05.601026,2026-07-13 01:10:05.601026
quote_86f48b4e,cust_1ff5ebdc,rep_e08a1589,7235.44,2857.58,640.9,REJECTED,2026-05-03 23:10:05.601026,2026-05-28 23:10:05.601026
quote_9ae92b75,cust_ce1f66a4,rep_03d99ec4,3745.28,531.58,734.65,CONVERTED,2026-01-10 11:10:05.601026,2026-02-06 11:10:05.601026
quote_adb55f25,cust_42587fc7,rep_26645e7c,3296.16,385.01,996.59,EXPIRED,2025-10-10 11:10:05.601026,2025-10-30 11:10:05.601026
quote_8720da68,cust_79ddb8e2,rep_4fd63151,7382.63,2981.38,173.48,REJECTED,2025-09-30 23:10:05.601026,2025-10-15 23:10:05.601026
quote_bd20df7a,cust_405b3327,rep_71ed5975,1116.29,144.75,211.06,REJECTED,2025-12-06 12:10:05.601026,2026-01-02 12:10:05.601026
quote_6d9aa000,cust_69492daf,rep_f976f2b3,14288.07,1494.69,4636.02,CONVERTED,2025-12-15 20:10:05.601026,2025-12-21 20:10:05.601026
quote_5b9af37d,cust_a1d12aca,rep_26645e7c,506.65,89.73,141.22,CONVERTED,2026-07-26 19:10:05.601026,2026-08-14 19:10:05.601026
quote_e53627a1,cust_560682aa,rep_71ed5975,342.18,22.85,98.09,EXPIRED,2025-10-22 03:10:05.601026,2025-10-24 03:10:05.601026
quote_c0dcd61c,cust_a2b0c037,rep_26645e7c,2053.08,352.43,373.21,CONVERTED,2026-02-14 23:10:05.601026,2026-03-12 23:10:05.601026
quote_f2c89f8e,cust_1ff88c64,rep_e08a1589,3932.04,79.5,986.16,REJECTED,2026-06-10 04:10:05.601026,2026-06-28 04:10:05.601026
quote_b8bd5cf0,cust_1ba4a61c,rep_4fd63151,3050.82,288.83,513.61,CONVERTED,2026-04-23 15:10:05.601026,2026-05-08 15:10:05.601026
quote_d1c20e39,cust_4d188ce5,rep_221b7f39,4500.63,477.57,1334.22,EXPIRED,2026-08-08 23:10:05.601026,2026-08-30 23:10:05.601026
quote_9e2c542a,cust_42587fc7,rep_b548fdfc,234.88,34.18,27.85,CONVERTED,2025-10-31 09:10:05.601026,2025-11-27 09:10:05.601026
quote_94501868,cust_56f06fa7,rep_b548fdfc,771.44,89.36,172.0,REJECTED,2025-12-28 01:10:05.601026,2026-01-18 01:10:05.601026
quote_9db0c4ba,cust_b0bce66f,rep_76071164,9081.93,814.5,3280.74,REJECTED,2026-04-05 17:10:05.601026,2026-04-22 17:10:05.601026
quote_e93fc500,cust_35bcb900,rep_76071164,4525.65,347.66,666.28,CONVERTED,2026-08-07 13:10:05.601026,2026-08-31 13:10:05.601026
quote_a6a1388d,cust_db6dac0a,rep_4fd63151,1025.25,80.86,327.2,REJECTED,2026-06-13 18:10:05.601026,2026-07-01 18:10:05.601026
quote_1acd144d,cust_16c62d60,rep_03d99ec4,4329.0,338.31,1669.39,CONVERTED,2026-07-26 19:10:05.601026,2026-08-03 19:10:05.601026
quote_4f56533f,cust_4e5d5042,rep_f976f2b3,265.4,93.15,-16.45,CONVERTED,2026-01-29 01:10:05.601026,2026-02-06 01:10:05.601026
quote_a8d6f54d,cust_f4e1755e,rep_e08a1589,797.35,67.19,186.96,REJECTED,2026-03-12 00:10:05.601026,2026-03-15 00:10:05.601026
quote_ff793d0c,cust_4d188ce5,rep_71ed5975,3356.8,384.96,688.84,CONVERTED,2025-12-02 21:10:05.601026,2025-12-29 21:10:05.601026
quote_042f3b92,cust_5b9af17f,rep_26645e7c,19577.06,1809.02,6681.45,REJECTED,2026-08-06 01:10:05.601026,2026-08-17 01:10:05.601026
quote_057c6cc8,cust_faaa7a40,rep_f976f2b3,7862.63,839.64,2540.76,CONVERTED,2026-08-16 05:10:05.601026,2026-08-19 05:10:05.601026
quote_028a4769,cust_6449b0f4,rep_4fd63151,8536.82,924.87,1448.18,REJECTED,2026-05-09 23:10:05.601026,2026-05-20 23:10:05.601026
quote_a5f48273,cust_b0bce66f,rep_b548fdfc,535.04,33.58,147.31,CONVERTED,2025-12-11 16:10:05.601026,2026-01-05 16:10:05.601026
quote_6a278e9e,cust_f6647730,rep_b548fdfc,412.02,43.47,129.23,CONVERTED,2025-11-24 05:10:05.601026,2025-12-02 05:10:05.601026
quote_65bf2e1f,cust_d1ed441a,rep_76071164,1710.9,209.91,394.79,REJECTED,2025-12-22 12:10:05.601026,2026-01-09 12:10:05.601026
quote_59cb7f5d,cust_79ddb8e2,rep_03d99ec4,478.41,41.91,110.58,CONVERTED,2026-07-01 03:10:05.601026,2026-07-03 03:10:05.601026
quote_f72a2c26,cust_c3571491,rep_f976f2b3,1259.37,63.97,235.36,EXPIRED,2026-02-02 02:10:05.601026,2026-02-22 02:10:05.601026
quote_1fb3fd54,cust_1ff88c64,rep_f976f2b3,3965.03,347.72,966.4,EXPIRED,2025-09-25 13:10:05.601026,2025-10-05 13:10:05.601026
quote_5d5bff4e,cust_8c59fa3f,rep_76071164,3847.86,418.7,1000.32,CONVERTED,2026-01-26 13:10:05.601026,2026-02-16 13:10:05.601026
quote_bcf04f4a,cust_d1ed441a,rep_4fd63151,1500.21,210.6,393.33,CONVERTED,2026-06-29 23:10:05.601026,2026-07-09 23:10:05.601026
quote_4998f91c,cust_1ff88c64,rep_76071164,542.11,89.26,28.46,CONVERTED,2025-11-04 11:10:05.601026,2025-11-18 11:10:05.601026
quote_bd8b0b93,cust_cf13c2af,rep_d5902688,452.14,54.33,92.96,CONVERTED,2026-07-15 13:10:05.601026,2026-07-27 13:10:05.601026
quote_8036bbf3,cust_e7123a90,rep_4fd63151,445.79,27.35,89.04,CONVERTED,2025-11-27 12:10:05.601026,2025-12-27 12:10:05.601026
quote_a4e41506,cust_b2c27d93,rep_26645e7c,1799.28,185.37,396.68,CONVERTED,2026-04-11 18:10:05.601026,2026-05-05 18:10:05.601026
quote_a67ee880,cust_69492daf,rep_76071164,6086.5,349.21,1828.51,EXPIRED,2026-06-07 18:10:05.601026,2026-07-02 18:10:05.601026
quote_5b67eabe,cust_56f06fa7,rep_76071164,1534.22,184.82,475.84,REJECTED,2025-11-16 20:10:05.601026,2025-11-27 20:10:05.601026
quote_32accfe3,cust_f6647730,rep_71ed5975,1605.12,255.99,286.68,REJECTED,2025-10-21 14:10:05.601026,2025-11-13 14:10:05.601026
quote_4cd07bd2,cust_b0bce66f,rep_221b7f39,1745.95,91.27,680.9,CONVERTED,2026-06-01 04:10:05.601026,2026-07-01 04:10:05.601026
quote_9e684ef8,cust_12ae9a83,rep_4fd63151,1928.6,194.37,459.03,REJECTED,2025-11-04 10:10:05.601026,2025-11-29 10:10:05.601026
quote_fe52bbf0,cust_4e5d5042,rep_d5902688,2734.0,288.72,799.44,CONVERTED,2026-05-15 13:10:05.601026,2026-05-30 13:10:05.601026
quote_02e7e6e3,cust_3e2b9a91,rep_4fd63151,2397.65,156.59,588.5,CONVERTED,2025-10-04 02:10:05.601026,2025-10-10 02:10:05.601026
quote_cbc81ad8,cust_8bb8f56a,rep_e08a1589,1644.16,203.03,231.18,CONVERTED,2026-02-17 17:10:05.601026,2026-03-16 17:10:05.601026
quote_ac16cb6a,cust_c3571491,rep_d5902688,5284.6,858.43,1073.07,EXPIRED,2026-07-24 22:10:05.601026,2026-08-23 22:10:05.601026
quote_fb181841,cust_82e21b4c,rep_76071164,530.8,74.77,78.63,REJECTED,2026-06-27 01:10:05.601026,2026-07-16 01:10:05.601026
quote_7d0eb8da,cust_275958e1,rep_26645e7c,20907.76,9874.46,-640.81,CONVERTED,2026-01-31 12:10:05.601026,2026-02-14 12:10:05.601026
quote_456a0147,cust_322bbdef,rep_76071164,2472.12,204.52,831.68,REJECTED,2026-06-13 16:10:05.601026,2026-06-24 16:10:05.601026
quote_9581bbc4,cust_fa1faded,rep_26645e7c,4227.68,438.24,1106.96,REJECTED,2026-02-21 16:10:05.601026,2026-03-19 16:10:05.601026
quote_e623d34e,cust_42587fc7,rep_f976f2b3,3768.52,673.77,203.91,CONVERTED,2026-05-29 15:10:05.601026,2026-06-28 15:10:05.601026
quote_e3a90756,cust_f6330c6d,rep_e08a1589,891.58,93.97,138.81,REJECTED,2026-02-14 04:10:05.601026,2026-03-02 04:10:05.601026
quote_583cbb56,cust_16c62d60,rep_f976f2b3,19263.6,1732.85,7066.59,REJECTED,2025-12-17 08:10:05.601026,2025-12-22 08:10:05.601026
quote_dd77d6bf,cust_8035f667,rep_221b7f39,221.39,11.79,91.62,EXPIRED,2026-05-28 03:10:05.601026,2026-06-12 03:10:05.601026
quote_1cb3a643,cust_7f9dd2bf,rep_f976f2b3,3381.55,319.17,782.58,CONVERTED,2025-10-27 22:10:05.601026,2025-11-07 22:10:05.601026
quote_52c05984,cust_405b3327,rep_b548fdfc,502.75,51.73,66.22,CONVERTED,2026-06-13 16:10:05.601026,2026-07-02 16:10:05.601026
quote_e6e3b98d,cust_c3571491,rep_03d99ec4,5028.5,491.62,634.98,CONVERTED,2025-10-02 08:10:05.601026,2025-10-31 08:10:05.601026
quote_e2578714,cust_f6330c6d,rep_71ed5975,2685.44,318.55,540.49,REJECTED,2026-06-22 10:10:05.601026,2026-06-26 10:10:05.601026
quote_bfcb422a,cust_8035f667,rep_d5902688,2014.08,224.38,419.9,EXPIRED,2026-01-15 17:10:05.601026,2026-02-10 17:10:05.601026
quote_4e616e4c,cust_7c8d0f0a,rep_71ed5975,2570.4,304.12,527.38,REJECTED,2025-12-01 15:10:05.601026,2025-12-06 15:10:05.601026
quote_e0ec5644,cust_6cd93739,rep_e08a1589,1783.16,276.42,189.14,CONVERTED,2026-06-04 20:10:05.601026,2026-06-24 20:10:05.601026
quote_561e2c23,cust_405b3327,rep_26645e7c,5560.78,903.68,774.42,EXPIRED,2025-12-03 03:10:05.601026,2025-12-07 03:10:05.601026
quote_7d0410cf,cust_e5e2a4d0,rep_221b7f39,1071.8,141.23,132.03,CONVERTED,2026-08-22 01:10:05.601026,2026-09-20 01:10:05.601026
quote_40b70b2a,cust_d1ed441a,rep_b548fdfc,2819.0,351.12,271.38,CONVERTED,2026-02-06 00:10:05.601026,2026-03-08 00:10:05.601026
quote_90cac2bd,cust_ceb41cd8,rep_f976f2b3,608.94,81.61,220.53,REJECTED,2025-09-06 04:10:05.601026,2025-10-04 04:10:05.601026
quote_ba70dddc,cust_7a79b0e8,rep_b548fdfc,2033.88,332.33,202.63,EXPIRED,2026-03-19 18:10:05.601026,2026-04-10 18:10:05.601026
quote_72b3b49d,cust_b0bce66f,rep_03d99ec4,1025.25,95.97,312.09,EXPIRED,2025-11-22 15:10:05.601026,2025-11-27 15:10:05.601026
quote_fbf60806,cust_f9e341c0,rep_4fd63151,3356.8,449.38,624.42,EXPIRED,2026-07-30 19:10:05.601026,2026-08-29 19:10:05.601026
quote_0ebaf486,cust_969bf7c5,rep_03d99ec4,257.04,25.08,58.07,CONVERTED,2026-03-05 13:10:05.601026,2026-03-24 13:10:05.601026
quote_6f45df54,cust_83055eb2,rep_71ed5975,671.36,38.83,175.93,CONVERTED,2026-03-12 09:10:05.601026,2026-03-17 09:10:05.601026
quote_8eb21c01,cust_c4924c0b,rep_76071164,2153.07,247.67,721.45,CONVERTED,2026-06-28 15:10:05.601026,2026-07-23 15:10:05.601026
quote_e5b4bc0a,cust_db6dac0a,rep_f976f2b3,6553.4,450.39,1325.71,REJECTED,2026-07-08 05:10:05.601026,2026-07-10 05:10:05.601026
quote_ce18517b,cust_4c4e219c,rep_d5902688,477.72,66.09,71.97,CONVERTED,2025-09-18 15:10:05.601026,2025-09-21 15:10:05.601026
quote_3fdf7623,cust_215bbb49,rep_4fd63151,2514.25,357.97,205.33,REJECTED,2026-08-08 20:10:05.601026,2026-09-03 20:10:05.601026
quote_921f038a,cust_1cb64aaa,rep_b548fdfc,4712.0,212.34,837.67,EXPIRED,2025-10-18 10:10:05.601026,2025-11-11 10:10:05.601026
quote_af2be882,cust_56f06fa7,rep_e08a1589,5541.62,391.37,934.73,EXPIRED,2025-11-03 07:10:05.601026,2025-11-08 07:10:05.601026
quote_0d9a2258,cust_61ea4e53,rep_76071164,3050.82,309.39,493.05,EXPIRED,2026-08-20 07:10:05.601026,2026-09-17 07:10:05.601026
quote_33e3c770,cust_715a01aa,rep_e08a1589,3764.84,627.58,925.94,CONVERTED,2026-08-07 00:10:05.601026,2026-08-31 00:10:05.601026
quote_c1203253,cust_5fb65258,rep_f976f2b3,5292.65,481.31,850.02,EXPIRED,2026-04-03 09:10:05.601026,2026-04-05 09:10:05.601026
quote_400f6b0a,cust_5b9af17f,rep_221b7f39,3421.8,169.53,1039.87,REJECTED,2026-07-11 10:10:05.601026,2026-08-06 10:10:05.601026
quote_a0a756b5,cust_b2c27d93,rep_e08a1589,5647.26,266.79,2063.49,CONVERTED,2026-04-12 04:10:05.601026,2026-04-21 04:10:05.601026
quote_9a4d7152,cust_fa1faded,rep_71ed5975,5000.7,455.01,1558.09,CONVERTED,2025-10-10 21:10:05.601026,2025-10-23 21:10:05.601026
quote_44cdd529,cust_6cd93739,rep_221b7f39,826.15,86.75,256.13,CONVERTED,2026-06-25 05:10:05.601026,2026-07-17 05:10:05.601026
quote_30e7d30b,cust_ce1f66a4,rep_03d99ec4,2534.43,271.2,288.48,REJECTED,2025-10-10 23:10:05.601026,2025-10-31 23:10:05.601026
quote_73bb6921,cust_f9e341c0,rep_71ed5975,377.23,48.86,89.95,EXPIRED,2026-02-01 02:10:05.601026,2026-02-14 02:10:05.601026
quote_d8694d10,cust_b8d41557,rep_b548fdfc,3332.35,449.67,1022.76,CONVERTED,2026-05-12 08:10:05.601026,2026-05-28 08:10:05.601026
quote_528a9925,cust_898c54d5,rep_f976f2b3,4815.36,530.09,1097.92,EXPIRED,2026-03-31 09:10:05.601026,2026-04-15 09:10:05.601026
quote_526a379b,cust_6cd93739,rep_f976f2b3,5284.6,872.03,1059.47,CONVERTED,2025-11-16 21:10:05.601026,2025-11-18 21:10:05.601026
quote_bf582f3b,cust_c3571491,rep_221b7f39,904.28,134.41,160.17,CONVERTED,2026-05-18 01:10:05.601026,2026-06-13 01:10:05.601026
quote_68e84215,cust_215bbb49,rep_4fd63151,6173.55,704.99,880.6,CONVERTED,2026-02-23 08:10:05.601026,2026-02-25 08:10:05.601026
quote_52e572be,cust_8bb8f56a,rep_d5902688,7529.68,988.75,2118.29,CONVERTED,2026-01-28 19:10:05.601026,2026-02-20 19:10:05.601026
quote_db0ab351,cust_5329889c,rep_71ed5975,4396.76,504.03,891.31,CONVERTED,2026-07-15 08:10:05.601026,2026-08-12 08:10:05.601026
quote_fe6bf0b5,cust_c4924c0b,rep_71ed5975,1181.16,132.53,324.05,CONVERTED,2026-05-17 11:10:05.601026,2026-06-15 11:10:05.601026
quote_20b21eab,cust_6cd93739,rep_26645e7c,1783.16,357.92,107.64,CONVERTED,2026-04-21 00:10:05.601026,2026-05-15 00:10:05.601026
quote_9d6635a1,cust_e7123a90,rep_d5902688,2168.44,277.85,193.03,CONVERTED,2026-05-11 07:10:05.601026,2026-05-16 07:10:05.601026
quote_a1caa373,cust_bc936013,rep_4fd63151,607.98,72.42,204.72,CONVERTED,2025-10-31 20:10:05.601026,2025-11-08 20:10:05.601026
quote_3c219607,cust_c0594b54,rep_d5902688,4091.71,480.83,1544.83,EXPIRED,2026-05-05 20:10:05.601026,2026-05-29 20:10:05.601026
quote_4957c99c,cust_215bbb49,rep_4fd63151,620.3,90.75,133.91,CONVERTED,2026-06-25 06:10:05.601026,2026-07-09 06:10:05.601026
quote_18c20856,cust_c0594b54,rep_4fd63151,623.98,82.68,42.52,CONVERTED,2026-03-07 15:10:05.601026,2026-03-23 15:10:05.601026
quote_dc32a2e7,cust_3e2b9a91,rep_b548fdfc,385.72,18.34,112.34,CONVERTED,2026-07-22 20:10:05.601026,2026-08-04 20:10:05.601026
quote_2242fb06,cust_3e7091d4,rep_b548fdfc,4848.58,335.18,903.0,CONVERTED,2025-10-01 09:10:05.601026,2025-10-19 09:10:05.601026
quote_3a0859c3,cust_f6330c6d,rep_26645e7c,1749.1,235.71,392.68,CONVERTED,2026-02-16 17:10:05.601026,2026-03-15 17:10:05.601026
quote_43755238,cust_35bcb900,rep_71ed5975,2514.25,250.19,313.11,REJECTED,2025-10-19 08:10:05.601026,2025-10-22 08:10:05.601026
quote_61d5236d,cust_faaa7a40,rep_26645e7c,4012.11,1964.96,-917.45,REJECTED,2026-05-30 02:10:05.601026,2026-06-15 02:10:05.601026
quote_2d18eba7,cust_c530da41,rep_03d99ec4,3463.2,469.79,1136.37,EXPIRED,2026-06-28 16:10:05.601026,2026-07-17 16:10:05.601026
quote_76b2b41b,cust_83055eb2,rep_4fd63151,3617.12,505.37,672.95,REJECTED,2026-02-08 11:10:05.601026,2026-02-20 11:10:05.601026
quote_b3e80871,cust_db6dac0a,rep_d5902688,1508.55,99.63,238.35,CONVERTED,2025-11-27 04:10:05.601026,2025-12-24 04:10:05.601026
quote_19bf673c,cust_1ff88c64,rep_f976f2b3,5884.99,638.27,656.45,EXPIRED,2026-08-11 16:10:05.601026,2026-08-27 16:10:05.601026
quote_b1716ecc,cust_3752d640,rep_e08a1589,3421.8,385.47,823.93,REJECTED,2026-05-05 15:10:05.601026,2026-05-27 15:10:05.601026
quote_6017393f,cust_7adfc319,rep_71ed5975,2060.1,237.06,626.44,REJECTED,2025-09-25 10:10:05.601026,2025-09-26 10:10:05.601026
quote_d440cd0c,cust_1311cb1a,rep_d5902688,2260.7,352.04,384.41,REJECTED,2026-07-30 12:10:05.601026,2026-08-06 12:10:05.601026
quote_c378db0e,cust_3e7091d4,rep_03d99ec4,2313.36,186.28,562.07,EXPIRED,2025-12-13 21:10:05.601026,2025-12-15 21:10:05.601026
quote_3f830bcf,cust_16c62d60,rep_03d99ec4,1522.35,174.18,581.17,EXPIRED,2026-03-14 06:10:05.601026,2026-03-29 06:10:05.601026
quote_329ee2d4,cust_b5f9471e,rep_03d99ec4,4091.71,486.46,1539.2,REJECTED,2026-04-19 15:10:05.601026,2026-05-13 15:10:05.601026
quote_9ab361ea,cust_1ba4a61c,rep_b548fdfc,623.98,65.51,59.69,CONVERTED,2025-10-09 00:10:05.601026,2025-10-23 00:10:05.601026
quote_ba7d305f,cust_ceb41cd8,rep_71ed5975,5458.15,773.78,1127.89,CONVERTED,2025-09-26 15:10:05.601026,2025-10-17 15:10:05.601026
quote_5870f534,cust_8c59fa3f,rep_221b7f39,2348.8,248.35,371.95,REJECTED,2026-01-24 21:10:05.601026,2026-02-17 21:10:05.601026
quote_668f49e6,cust_b4a9dca3,rep_71ed5975,1310.68,172.21,183.01,CONVERTED,2025-11-05 17:10:05.601026,2025-12-03 17:10:05.601026
quote_9e605244,cust_56f06fa7,rep_e08a1589,2113.92,252.33,305.94,EXPIRED,2026-02-01 22:10:05.601026,2026-02-08 22:10:05.601026
quote_f80c2b39,cust_405b3327,rep_b548fdfc,1552.32,333.59,409.51,CONVERTED,2026-02-14 03:10:05.601026,2026-02-18 03:10:05.601026
quote_6d95b0e1,cust_35bcb900,rep_76071164,1062.72,114.22,111.68,EXPIRED,2026-07-17 04:10:05.601026,2026-08-09 04:10:05.601026
quote_86338960,cust_a1d12aca,rep_4fd63151,2014.08,296.72,347.56,CONVERTED,2025-09-13 21:10:05.601026,2025-09-18 21:10:05.601026
quote_9429b0b1,cust_12b82827,rep_4fd63151,106.16,12.55,18.13,CONVERTED,2025-12-30 15:10:05.601026,2026-01-13 15:10:05.601026
quote_ae27469a,cust_215bbb49,rep_f976f2b3,1433.46,194.31,320.35,CONVERTED,2026-05-03 09:10:05.601026,2026-05-10 09:10:05.601026
quote_938444ca,cust_94257e9c,rep_d5902688,342.18,38.41,82.53,CONVERTED,2025-10-09 09:10:05.601026,2025-10-26 09:10:05.601026
quote_36c2ee4f,cust_b0bce66f,rep_d5902688,4056.57,361.49,1405.3,REJECTED,2025-12-08 20:10:05.601026,2025-12-25 20:10:05.601026
quote_0eb4ae9f,cust_6449b0f4,rep_b548fdfc,3743.88,394.0,357.2,CONVERTED,2026-01-30 23:10:05.601026,2026-02-15 23:10:05.601026
quote_c9bd3150,cust_35bcb900,rep_221b7f39,1542.88,132.06,390.66,EXPIRED,2026-05-07 03:10:05.601026,2026-05-29 03:10:05.601026
quote_167215c8,cust_5b9af17f,rep_4fd63151,5807.2,578.67,1876.75,REJECTED,2026-03-26 18:10:05.601026,2026-04-19 18:10:05.601026
quote_e037ae7e,cust_fb37096e,rep_03d99ec4,6618.44,548.91,1033.95,EXPIRED,2026-03-06 21:10:05.601026,2026-03-14 21:10:05.601026
quote_780e2e27,cust_5fb65258,rep_71ed5975,3035.37,152.36,614.17,REJECTED,2026-08-18 06:10:05.601026,2026-09-09 06:10:05.601026
quote_65c2466d,cust_94257e9c,rep_e08a1589,4576.23,388.7,814.96,CONVERTED,2026-06-09 16:10:05.601026,2026-06-10 16:10:05.601026
quote_60784094,cust_1ff88c64,rep_e08a1589,5075.85,516.25,1166.32,REJECTED,2025-11-28 21:10:05.601026,2025-12-20 21:10:05.601026
quote_c9f293ee,cust_94257e9c,rep_f976f2b3,2244.44,196.41,497.06,REJECTED,2026-03-24 14:10:05.601026,2026-04-05 14:10:05.601026
quote_0c34717d,cust_5199088a,rep_03d99ec4,2131.29,222.15,835.34,EXPIRED,2025-10-24 19:10:05.601026,2025-11-05 19:10:05.601026
quote_9565a487,cust_5fb65258,rep_e08a1589,3050.82,241.76,560.68,REJECTED,2025-11-02 16:10:05.601026,2025-11-04 16:10:05.601026
quote_05851d5d,cust_1226e2b4,rep_f976f2b3,3030.3,1319.86,85.53,EXPIRED,2026-05-04 00:10:05.601026,2026-05-15 00:10:05.601026
quote_05434570,cust_94257e9c,rep_b548fdfc,776.36,61.08,152.68,CONVERTED,2025-11-30 01:10:05.601026,2025-12-16 01:10:05.601026
quote_59e6aaa9,cust_215bbb49,rep_b548fdfc,944.64,103.84,96.96,REJECTED,2026-01-22 08:10:05.601026,2026-02-05 08:10:05.601026
quote_417d5077,cust_ce1f66a4,rep_76071164,1594.7,284.68,223.62,CONVERTED,2026-02-12 12:10:05.601026,2026-03-01 12:10:05.601026
quote_2e5f5cb5,cust_1226e2b4,rep_76071164,584.53,81.67,207.71,EXPIRED,2026-07-16 19:10:05.601026,2026-08-02 19:10:05.601026
quote_baf883fe,cust_ce1f66a4,rep_03d99ec4,2228.95,352.37,229.58,REJECTED,2026-02-15 08:10:05.601026,2026-03-14 08:10:05.601026
quote_828aa1df,cust_41d19430,rep_26645e7c,519.4,63.94,71.76,REJECTED,2025-11-02 10:10:05.601026,2025-11-17 10:10:05.601026
quote_a4ae887c,cust_f6647730,rep_4fd63151,2328.48,876.43,238.22,EXPIRED,2026-01-22 10:10:05.601026,2026-02-19 10:10:05.601026
quote_630e6517,cust_5fb65258,rep_03d99ec4,4367.86,521.01,355.39,CONVERTED,2026-03-11 03:10:05.601026,2026-04-07 03:10:05.601026
quote_2e343574,cust_8cdf7d4e,rep_b548fdfc,2421.97,335.3,381.47,REJECTED,2026-02-21 00:10:05.601026,2026-03-08 00:10:05.601026
quote_0ad7f529,cust_c56c6575,rep_221b7f39,2255.2,179.76,318.24,CONVERTED,2026-02-14 23:10:05.601026,2026-02-26 23:10:05.601026
quote_f0522692,cust_0b6086ec,rep_b548fdfc,831.04,128.0,89.12,REJECTED,2026-08-21 09:10:05.601026,2026-09-03 09:10:05.601026
quote_90aa1f18,cust_560682aa,rep_71ed5975,6588.47,684.17,2034.49,CONVERTED,2026-07-25 16:10:05.601026,2026-08-20 16:10:05.601026
quote_235c293f,cust_c56c6575,rep_e08a1589,2313.36,184.07,564.28,EXPIRED,2026-05-22 08:10:05.601026,2026-06-15 08:10:05.601026
quote_52d19ea3,cust_fb37096e,rep_4fd63151,53.08,4.6,10.74,CONVERTED,2026-07-24 20:10:05.601026,2026-08-06 20:10:05.601026
quote_3d96d1d5,cust_e5e2a4d0,rep_03d99ec4,3370.27,334.51,763.66,CONVERTED,2026-02-15 20:10:05.601026,2026-02-27 20:10:05.601026
quote_8c41e4ce,cust_41d19430,rep_d5902688,3743.88,308.81,442.39,REJECTED,2026-04-13 01:10:05.601026,2026-04-19 01:10:05.601026
quote_564eb3f9,cust_84914d14,rep_71ed5975,2500.35,382.08,624.47,EXPIRED,2025-11-04 13:10:05.601026,2025-11-14 13:10:05.601026
quote_e4d42c0c,cust_e5e2a4d0,rep_26645e7c,1337.37,135.06,214.11,CONVERTED,2026-01-28 05:10:05.601026,2026-02-11 05:10:05.601026
quote_2e32c90e,cust_f9e341c0,rep_f976f2b3,2349.76,231.61,520.05,EXPIRED,2026-05-03 10:10:05.601026,2026-05-25 10:10:05.601026
quote_b14cb7c2,cust_6cd93739,rep_221b7f39,831.04,107.95,109.17,REJECTED,2026-06-17 07:10:05.601026,2026-07-17 07:10:05.601026
quote_b6521adf,cust_88dc3738,rep_f976f2b3,6633.12,571.02,1433.13,CONVERTED,2026-01-12 22:10:05.601026,2026-01-28 22:10:05.601026
quote_0dbcc4c0,cust_12b82827,rep_71ed5975,970.45,98.14,169.06,CONVERTED,2026-01-27 05:10:05.601026,2026-02-25 05:10:05.601026
quote_5381019e,cust_56f06fa7,rep_26645e7c,6783.49,613.07,1817.99,REJECTED,2025-11-20 07:10:05.601026,2025-12-13 07:10:05.601026
quote_f032df93,cust_1ff5ebdc,rep_221b7f39,911.97,75.57,340.14,CONVERTED,2025-12-18 15:10:05.601026,2026-01-14 15:10:05.601026
quote_31bad0b7,cust_c530da41,rep_f976f2b3,2884.14,337.96,870.94,CONVERTED,2026-01-29 03:10:05.601026,2026-02-10 03:10:05.601026
quote_85978745,cust_6bebe3ea,rep_d5902688,5845.3,829.92,2063.88,CONVERTED,2026-04-24 16:10:05.601026,2026-04-29 16:10:05.601026
quote_111337f3,cust_41d19430,rep_e08a1589,2544.93,421.2,434.37,REJECTED,2025-12-05 13:10:05.601026,2025-12-09 13:10:05.601026
quote_d461485d,cust_12b82827,rep_b548fdfc,2511.38,319.82,806.36,REJECTED,2026-08-11 09:10:05.601026,2026-09-06 09:10:05.601026
quote_abb386ac,cust_88dc3738,rep_76071164,1605.12,170.03,372.64,REJECTED,2026-02-26 20:10:05.601026,2026-03-28 20:10:05.601026
quote_79e57f43,cust_7c8d0f0a,rep_e08a1589,3454.43,465.81,860.58,EXPIRED,2025-11-20 10:10:05.601026,2025-12-07 10:10:05.601026
quote_a52dc623,cust_4604301d,rep_d5902688,6483.64,2648.9,-850.76,CONVERTED,2025-10-16 22:10:05.601026,2025-11-07 22:10:05.601026
quote_d5912b10,cust_ce1f66a4,rep_76071164,578.58,78.39,117.63,EXPIRED,2025-09-14 06:10:05.601026,2025-10-05 06:10:05.601026
quote_8c653cc1,cust_cf13c2af,rep_71ed5975,2271.54,199.04,812.2,REJECTED,2026-02-08 01:10:05.601026,2026-03-07 01:10:05.601026
quote_be0fa530,cust_0b27ce82,rep_03d99ec4,5009.78,737.86,1056.49,CONVERTED,2026-07-22 23:10:05.601026,2026-08-06 23:10:05.601026
quote_5dc60930,cust_c530da41,rep_f976f2b3,1358.63,140.76,233.32,REJECTED,2025-10-28 02:10:05.601026,2025-11-25 02:10:05.601026
quote_9a052952,cust_1cb64aaa,rep_71ed5975,5845.3,539.4,2354.4,EXPIRED,2026-03-28 21:10:05.601026,2026-04-27 21:10:05.601026
quote_8274b496,cust_79ddb8e2,rep_03d99ec4,1811.04,144.78,722.17,REJECTED,2026-06-27 16:10:05.601026,2026-07-26 16:10:05.601026
quote_f2a42e29,cust_969bf7c5,rep_03d99ec4,4000.56,342.07,1268.41,CONVERTED,2025-09-15 11:10:05.601026,2025-09-27 11:10:05.601026
quote_796467ac,cust_12b82827,rep_e08a1589,3382.8,498.01,248.99,CONVERTED,2026-03-23 19:10:05.601026,2026-04-12 19:10:05.601026
quote_bc69f4f3,cust_ebc95cba,rep_71ed5975,1639.78,244.95,506.97,CONVERTED,2026-02-07 13:10:05.601026,2026-02-09 13:10:05.601026
quote_f0b5f26e,cust_8cdf7d4e,rep_f976f2b3,3021.12,260.52,705.9,EXPIRED,2026-06-17 14:10:05.601026,2026-07-07 14:10:05.601026
quote_7de6c1a0,cust_b2c27d93,rep_221b7f39,12639.47,1213.38,4211.05,CONVERTED,2025-10-30 01:10:05.601026,2025-11-29 01:10:05.601026
quote_3c20acc6,cust_f4e1755e,rep_221b7f39,941.21,116.72,271.66,CONVERTED,2025-12-17 20:10:05.601026,2025-12-25 20:10:05.601026
quote_2c92ef8d,cust_faaa7a40,rep_76071164,1358.63,143.17,230.91,REJECTED,2026-04-08 13:10:05.601026,2026-05-08 13:10:05.601026
quote_30e04d03,cust_8035f667,rep_f976f2b3,3030.3,428.19,977.2,CONVERTED,2026-05-27 08:10:05.601026,2026-06-21 08:10:05.601026
quote_7121056b,cust_4c4e219c,rep_03d99ec4,3462.18,425.92,775.54,CONVERTED,2026-03-30 03:10:05.601026,2026-04-19 03:10:05.601026
quote_157fac2d,cust_b47eadfa,rep_26645e7c,1674.61,180.56,573.2,CONVERTED,2026-02-06 08:10:05.601026,2026-03-02 08:10:05.601026
quote_cbff89d9,cust_f6330c6d,rep_4fd63151,5084.7,504.57,832.83,CONVERTED,2025-09-16 06:10:05.601026,2025-09-25 06:10:05.601026
quote_c207012e,cust_5b9af17f,rep_f976f2b3,1310.68,177.18,178.04,EXPIRED,2026-08-04 09:10:05.601026,2026-08-19 09:10:05.601026
quote_d235e579,cust_3880925b,rep_76071164,9007.34,875.31,3540.47,CONVERTED,2026-07-06 13:10:05.601026,2026-07-25 13:10:05.601026
quote_e2628d6b,cust_e7123a90,rep_26645e7c,826.56,39.52,136.18,CONVERTED,2026-04-21 08:10:05.601026,2026-05-10 08:10:05.601026
quote_2920e374,cust_560682aa,rep_4fd63151,1183.29,72.37,210.71,EXPIRED,2026-05-21 10:10:05.601026,2026-06-13 10:10:05.601026
quote_bbe423d8,cust_16c62d60,rep_221b7f39,2316.36,231.06,450.92,CONVERTED,2026-07-10 19:10:05.601026,2026-07-20 19:10:05.601026
quote_d51f3ff8,cust_4e5d5042,rep_221b7f39,5449.05,512.31,1577.36,CONVERTED,2026-06-12 17:10:05.601026,2026-06-25 17:10:05.601026
quote_b55d8955,cust_8bb8f56a,rep_d5902688,3164.98,450.13,580.9,CONVERTED,2026-08-12 01:10:05.601026,2026-08-23 01:10:05.601026
quote_28bfa5be,cust_1ff88c64,rep_221b7f39,1858.36,262.34,454.33,CONVERTED,2026-07-31 23:10:05.601026,2026-08-17 23:10:05.601026
quote_a330c5e1,cust_f9e341c0,rep_76071164,5239.95,659.42,1213.79,REJECTED,2026-07-12 16:10:05.601026,2026-08-09 16:10:05.601026
quote_9060e342,cust_8035f667,rep_4fd63151,1337.37,149.06,200.11,REJECTED,2026-01-13 08:10:05.601026,2026-01-15 08:10:05.601026
quote_e6617b5b,cust_5471fb8a,rep_221b7f39,2164.5,244.37,759.48,EXPIRED,2026-02-15 10:10:05.601026,2026-02-28 10:10:05.601026
quote_17685702,cust_3e7091d4,rep_76071164,3463.2,319.41,1286.75,CONVERTED,2026-03-21 09:10:05.601026,2026-04-08 09:10:05.601026
quote_1393c28f,cust_69492daf,rep_76071164,3566.32,335.62,595.5,CONVERTED,2026-08-04 10:10:05.601026,2026-08-07 10:10:05.601026
quote_4aae1aa5,cust_1ff88c64,rep_71ed5975,1244.44,138.36,246.52,CONVERTED,2025-09-26 06:10:05.601026,2025-10-23 06:10:05.601026
quote_e26b2ebc,cust_322bbdef,rep_221b7f39,477.72,39.33,98.73,CONVERTED,2026-03-27 04:10:05.601026,2026-04-05 04:10:05.601026
quote_dc1e2191,cust_1226e2b4,rep_26645e7c,4606.62,707.57,399.52,CONVERTED,2026-08-10 16:10:05.601026,2026-09-01 16:10:05.601026
quote_70280f77,cust_84914d14,rep_221b7f39,2131.29,142.74,914.75,REJECTED,2026-03-04 18:10:05.601026,2026-03-10 18:10:05.601026
quote_d499796c,cust_57020bdd,rep_26645e7c,603.3,143.67,-2.13,CONVERTED,2025-09-15 14:10:05.601026,2025-09-22 14:10:05.601026
quote_24f2356c,cust_4e5d5042,rep_26645e7c,2587.2,185.88,1052.62,REJECTED,2026-07-28 18:10:05.601026,2026-08-14 18:10:05.601026
quote_5eafe724,cust_84914d14,rep_d5902688,106.16,15.85,14.83,EXPIRED,2026-06-21 11:10:05.601026,2026-06-26 11:10:05.601026
quote_c7d024a1,cust_35bcb900,rep_f976f2b3,5192.28,559.02,586.58,REJECTED,2026-08-18 23:10:05.601026,2026-09-08 23:10:05.601026
quote_ff072c86,cust_bc936013,rep_221b7f39,1264.14,158.66,288.51,REJECTED,2026-08-19 22:10:05.601026,2026-09-18 22:10:05.601026
quote_c2c812ca,cust_843ab967,rep_f976f2b3,939.52,121.27,126.85,REJECTED,2025-12-30 04:10:05.601026,2026-01-06 04:10:05.601026
quote_dd3189a4,cust_8c59fa3f,rep_71ed5975,15178.2,2430.06,4515.12,EXPIRED,2026-04-14 06:10:05.601026,2026-04-22 06:10:05.601026
quote_ed4f739b,cust_c530da41,rep_76071164,794.72,68.77,277.87,EXPIRED,2026-01-04 08:10:05.601026,2026-01-07 08:10:05.601026
quote_9814c182,cust_5fb65258,rep_4fd63151,1777.76,215.37,439.74,CONVERTED,2025-10-06 20:10:05.601026,2025-10-26 20:10:05.601026
quote_bdb1adbb,cust_5199088a,rep_f976f2b3,1000.14,117.33,285.29,REJECTED,2026-04-25 22:10:05.601026,2026-04-29 22:10:05.601026
quote_3feee5b0,cust_35bcb900,rep_d5902688,2131.29,317.42,740.07,CONVERTED,2025-11-09 02:10:05.601026,2025-11-25 02:10:05.601026
quote_8c23f77e,cust_1d7b20af,rep_d5902688,6025.64,767.21,1340.68,EXPIRED,2026-06-09 10:10:05.601026,2026-06-14 10:10:05.601026
quote_517c758a,cust_1ff5ebdc,rep_26645e7c,1409.28,209.15,163.03,EXPIRED,2025-12-17 02:10:05.601026,2025-12-24 02:10:05.601026
quote_c8c752c8,cust_802f59e0,rep_d5902688,717.69,103.06,219.98,CONVERTED,2026-02-24 01:10:05.601026,2026-02-28 01:10:05.601026
quote_adde2f70,cust_b5f9471e,rep_b548fdfc,1157.16,191.72,200.32,REJECTED,2026-03-16 12:10:05.601026,2026-03-17 12:10:05.601026
quote_4f56134e,cust_b4a9dca3,rep_d5902688,2000.28,186.37,618.87,REJECTED,2026-03-08 07:10:05.601026,2026-03-18 07:10:05.601026
quote_d5b0a6b0,cust_69492daf,rep_4fd63151,318.94,29.05,72.61,EXPIRED,2025-12-14 06:10:05.601026,2025-12-15 06:10:05.601026
quote_390c8793,cust_5199088a,rep_26645e7c,379.11,72.51,66.39,CONVERTED,2026-02-08 20:10:05.601026,2026-03-09 20:10:05.601026
quote_06f964a3,cust_88dc3738,rep_d5902688,2601.63,249.93,956.67,CONVERTED,2026-07-02 12:10:05.601026,2026-07-21 12:10:05.601026
quote_9cb73342,cust_4ba29bc8,rep_76071164,2764.33,155.28,841.76,REJECTED,2026-04-30 11:10:05.601026,2026-05-26 11:10:05.601026
quote_21f53b55,cust_0b27ce82,rep_03d99ec4,2883.24,311.12,559.3,CONVERTED,2025-12-25 15:10:05.601026,2026-01-04 15:10:05.601026
quote_a5565cb6,cust_16c62d60,rep_71ed5975,4022.8,422.76,478.52,REJECTED,2026-02-14 14:10:05.601026,2026-02-22 14:10:05.601026
quote_84e41ab8,cust_94257e9c,rep_76071164,1034.88,81.75,413.65,REJECTED,2026-06-12 02:10:05.601026,2026-06-16 02:10:05.601026
quote_8acdae71,cust_f6647730,rep_b548fdfc,4706.05,294.26,1647.64,EXPIRED,2026-01-11 15:10:05.601026,2026-01-18 15:10:05.601026
quote_10708daf,cust_8cdf7d4e,rep_e08a1589,4027.18,314.79,697.27,CONVERTED,2026-01-27 17:10:05.601026,2026-02-21 17:10:05.601026
quote_9fc684c6,cust_898c54d5,rep_71ed5975,3500.49,695.65,713.52,CONVERTED,2026-02-26 08:10:05.601026,2026-03-23 08:10:05.601026
quote_40707fe5,cust_b5f9471e,rep_f976f2b3,956.92,84.51,346.21,CONVERTED,2026-05-19 03:10:05.601026,2026-06-02 03:10:05.601026
quote_eabdbfa8,cust_efe291d0,rep_26645e7c,4000.56,202.58,1407.9,REJECTED,2026-03-24 08:10:05.601026,2026-03-28 08:10:05.601026
quote_e281129d,cust_b8d41557,rep_d5902688,1644.16,282.02,152.19,REJECTED,2026-05-13 06:10:05.601026,2026-05-23 06:10:05.601026
quote_3723d1e1,cust_57020bdd,rep_4fd63151,1236.06,206.32,311.78,REJECTED,2026-02-19 19:10:05.601026,2026-03-09 19:10:05.601026
quote_9a1e9ea6,cust_d1ed441a,rep_4fd63151,804.4,98.75,89.97,CONVERTED,2025-12-19 15:10:05.601026,2025-12-25 15:10:05.601026
quote_f4e19a94,cust_41d19430,rep_d5902688,10485.44,1451.56,1390.2,EXPIRED,2026-01-09 22:10:05.601026,2026-01-24 22:10:05.601026
quote_34fbe5ad,cust_5329889c,rep_e08a1589,3519.95,377.98,410.64,CONVERTED,2026-03-25 01:10:05.601026,2026-04-02 01:10:05.601026
quote_db80d141,cust_0b27ce82,rep_4fd63151,683.5,62.59,209.45,CONVERTED,2026-01-24 02:10:05.601026,2026-02-16 02:10:05.601026
quote_782d1a2e,cust_8cdf7d4e,rep_b548fdfc,1992.51,140.16,790.53,EXPIRED,2026-04-02 20:10:05.601026,2026-04-04 20:10:05.601026
quote_9eeca37f,cust_41d19430,rep_26645e7c,1236.06,493.27,24.83,REJECTED,2026-03-27 07:10:05.601026,2026-04-20 07:10:05.601026
quote_744b25b0,cust_e7123a90,rep_e08a1589,514.08,34.39,131.91,CONVERTED,2025-11-26 11:10:05.601026,2025-12-02 11:10:05.601026
quote_425d310a,cust_5329889c,rep_f976f2b3,335.68,58.89,48.49,CONVERTED,2026-08-16 23:10:05.601026,2026-09-12 23:10:05.601026
quote_ef6fd6c0,cust_8cdf7d4e,rep_26645e7c,1000.14,123.21,279.41,REJECTED,2026-01-10 17:10:05.601026,2026-01-11 17:10:05.601026
quote_5a003b4f,cust_3880925b,rep_221b7f39,1025.25,98.4,309.66,REJECTED,2025-12-26 09:10:05.601026,2026-01-19 09:10:05.601026
quote_dc7d1837,cust_b4a9dca3,rep_26645e7c,4740.08,590.8,657.78,CONVERTED,2026-07-21 12:10:05.601026,2026-07-22 12:10:05.601026
quote_408e4f8d,cust_c3571491,rep_76071164,14505.78,1616.33,4699.61,REJECTED,2026-06-23 11:10:05.601026,2026-07-15 11:10:05.601026
quote_46c09d50,cust_969bf7c5,rep_03d99ec4,1441.48,147.6,473.5,EXPIRED,2026-05-25 02:10:05.601026,2026-06-23 02:10:05.601026
quote_103fcaf4,cust_f9e341c0,rep_f976f2b3,1500.21,204.31,399.62,EXPIRED,2025-11-14 17:10:05.601026,2025-11-27 17:10:05.601026
quote_68044dde,cust_3f9d4565,rep_b548fdfc,342.18,38.16,82.78,CONVERTED,2025-11-12 14:10:05.601026,2025-11-29 14:10:05.601026
quote_f608d1f9,cust_3880925b,rep_26645e7c,708.48,81.47,69.13,REJECTED,2025-12-28 01:10:05.601026,2026-01-03 01:10:05.601026
quote_2fcc74d9,cust_35bcb900,rep_f976f2b3,106.16,6.49,24.19,EXPIRED,2026-07-26 10:10:05.601026,2026-08-01 10:10:05.601026
quote_3bcb7ebb,cust_898c54d5,rep_71ed5975,727.16,88.52,101.46,CONVERTED,2026-02-11 11:10:05.601026,2026-02-17 11:10:05.601026
quote_d8ecd403,cust_b0bce66f,rep_03d99ec4,1746.81,214.06,266.9,EXPIRED,2026-03-17 11:10:05.601026,2026-04-06 11:10:05.601026
quote_53172a60,cust_f9e341c0,rep_e08a1589,1753.59,217.6,650.54,REJECTED,2026-07-06 23:10:05.601026,2026-07-15 23:10:05.601026
quote_78a46516,cust_c530da41,rep_4fd63151,500.07,41.6,159.71,REJECTED,2026-05-03 12:10:05.601026,2026-05-04 12:10:05.601026
quote_9861e8d5,cust_7a79b0e8,rep_b548fdfc,934.58,146.9,46.98,CONVERTED,2026-03-20 21:10:05.601026,2026-04-03 21:10:05.601026
quote_eea6d222,cust_c56c6575,rep_f976f2b3,2755.66,203.88,653.34,REJECTED,2026-08-04 18:10:05.601026,2026-08-27 18:10:05.601026
quote_7f65f31a,cust_8035f667,rep_e08a1589,1025.25,112.05,296.01,EXPIRED,2026-01-10 01:10:05.601026,2026-01-11 01:10:05.601026
quote_f7f2d86f,cust_f9e341c0,rep_76071164,970.45,91.65,175.55,CONVERTED,2025-12-10 19:10:05.601026,2026-01-02 19:10:05.601026
quote_ab12cc81,cust_8035f667,rep_e08a1589,816.07,88.94,230.97,REJECTED,2025-12-22 05:10:05.601026,2026-01-16 05:10:05.601026
quote_b286f5d2,cust_ce1f66a4,rep_4fd63151,212.32,42.19,19.17,CONVERTED,2025-12-04 17:10:05.601026,2025-12-20 17:10:05.601026
quote_189801ee,cust_82e21b4c,rep_03d99ec4,5114.17,898.35,1141.66,CONVERTED,2026-04-19 02:10:05.601026,2026-05-08 02:10:05.601026
quote_12d1a9b8,cust_cf13c2af,rep_76071164,2392.3,239.08,837.72,REJECTED,2026-01-19 21:10:05.601026,2026-02-02 21:10:05.601026
quote_ed97274b,cust_0b27ce82,rep_b548fdfc,5389.96,304.96,2144.8,REJECTED,2026-08-11 18:10:05.601026,2026-09-04 18:10:05.601026
quote_e015954d,cust_f6330c6d,rep_26645e7c,2734.0,320.07,768.09,CONVERTED,2026-03-12 20:10:05.601026,2026-03-29 20:10:05.601026
quote_4b827117,cust_84914d14,rep_71ed5975,5560.78,984.89,693.21,CONVERTED,2026-01-03 01:10:05.601026,2026-01-31 01:10:05.601026
quote_8d60a373,cust_84914d14,rep_76071164,3296.16,358.16,1023.44,CONVERTED,2026-05-02 11:10:05.601026,2026-05-24 11:10:05.601026
quote_0cc0856c,cust_8cdf7d4e,rep_e08a1589,1056.92,81.62,304.68,EXPIRED,2025-12-27 05:10:05.601026,2026-01-18 05:10:05.601026
quote_ad319770,cust_709f2029,rep_d5902688,3015.55,303.48,421.42,EXPIRED,2026-07-09 08:10:05.601026,2026-07-19 08:10:05.601026
quote_05927af7,cust_8647b943,rep_221b7f39,3030.3,345.09,1060.3,CONVERTED,2026-06-25 17:10:05.601026,2026-07-14 17:10:05.601026
quote_fb26afcc,cust_9f854076,rep_d5902688,1735.74,283.86,304.2,CONVERTED,2026-07-04 13:10:05.601026,2026-08-01 13:10:05.601026
quote_ebe26416,cust_e5e2a4d0,rep_b548fdfc,2060.1,310.77,552.73,REJECTED,2026-02-10 22:10:05.601026,2026-03-10 22:10:05.601026
quote_7454410b,cust_efe291d0,rep_f976f2b3,885.56,140.27,273.37,REJECTED,2026-02-22 10:10:05.601026,2026-03-17 10:10:05.601026
quote_e6a1542f,cust_2049b501,rep_4fd63151,1552.72,159.76,267.76,EXPIRED,2025-09-16 23:10:05.601026,2025-09-28 23:10:05.601026
quote_9f370157,cust_12ae9a83,rep_26645e7c,4329.0,344.47,1663.23,CONVERTED,2026-06-12 18:10:05.601026,2026-07-10 18:10:05.601026
quote_df4b650f,cust_d1ed441a,rep_26645e7c,3275.1,327.93,585.71,REJECTED,2025-12-15 05:10:05.601026,2026-01-11 05:10:05.601026
quote_338718f5,cust_56f06fa7,rep_221b7f39,582.27,56.28,104.04,REJECTED,2026-05-27 02:10:05.601026,2026-06-17 02:10:05.601026
quote_becf1417,cust_b8d41557,rep_d5902688,1882.42,193.67,583.09,CONVERTED,2025-12-03 02:10:05.601026,2025-12-28 02:10:05.601026
quote_b850ace4,cust_fb37096e,rep_76071164,10485.44,1391.83,1449.93,EXPIRED,2025-12-29 06:10:05.601026,2026-01-07 06:10:05.601026
quote_4295ade0,cust_843ab967,rep_4fd63151,1525.41,226.18,175.04,CONVERTED,2025-10-25 16:10:05.601026,2025-11-07 16:10:05.601026
quote_6fae0ce3,cust_f6330c6d,rep_26645e7c,771.12,51.84,197.61,EXPIRED,2026-08-08 09:10:05.601026,2026-08-09 09:10:05.601026
quote_0ff7447b,cust_560682aa,rep_221b7f39,1240.6,112.28,337.04,EXPIRED,2026-06-19 14:10:05.601026,2026-07-07 14:10:05.601026
quote_9b6ca935,cust_822142bd,rep_71ed5975,3896.1,531.4,1275.53,REJECTED,2025-11-16 00:10:05.601026,2025-12-16 00:10:05.601026
quote_60e5319d,cust_1cb64aaa,rep_26645e7c,664.17,69.24,240.99,REJECTED,2025-11-16 15:10:05.601026,2025-12-06 15:10:05.601026
quote_e07fc762,cust_ceb41cd8,rep_e08a1589,709.31,96.3,227.03,CONVERTED,2026-01-16 18:10:05.601026,2026-01-31 18:10:05.601026
quote_33c1e51c,cust_5329889c,rep_b548fdfc,2831.95,378.68,555.3,REJECTED,2026-06-21 03:10:05.601026,2026-06-22 03:10:05.601026
quote_a9b71477,cust_c530da41,rep_221b7f39,3366.68,342.07,500.78,CONVERTED,2026-03-09 16:10:05.601026,2026-04-04 16:10:05.601026
quote_f811d936,cust_ceb41cd8,rep_e08a1589,607.98,80.63,196.51,CONVERTED,2026-07-13 09:10:05.601026,2026-08-07 09:10:05.601026
quote_5d92f670,cust_c4924c0b,rep_76071164,1386.18,161.65,168.15,REJECTED,2025-11-24 03:10:05.601026,2025-12-02 03:10:05.601026
quote_341222fb,cust_12ae9a83,rep_e08a1589,2260.7,80.06,656.39,REJECTED,2026-04-12 22:10:05.601026,2026-05-03 22:10:05.601026
quote_aa988f46,cust_8bb8f56a,rep_221b7f39,1871.94,280.45,95.15,EXPIRED,2025-10-15 05:10:05.601026,2025-11-03 05:10:05.601026
quote_85ed7f39,cust_57020bdd,rep_03d99ec4,424.64,74.38,48.34,EXPIRED,2026-08-17 22:10:05.601026,2026-09-02 22:10:05.601026
quote_00db0398,cust_57020bdd,rep_d5902688,1746.81,807.81,-326.85,CONVERTED,2025-12-12 05:10:05.601026,2025-12-20 05:10:05.601026
quote_31297624,cust_56f06fa7,rep_03d99ec4,2472.12,214.68,821.52,EXPIRED,2026-05-16 18:10:05.601026,2026-06-15 18:10:05.601026
quote_43846fdb,cust_c0594b54,rep_f976f2b3,5134.23,689.88,1099.76,EXPIRED,2026-07-26 00:10:05.601026,2026-08-23 00:10:05.601026
quote_67a67a89,cust_322bbdef,rep_b548fdfc,1753.59,192.28,675.86,CONVERTED,2025-10-29 06:10:05.601026,2025-11-11 06:10:05.601026
quote_a6eb87a4,cust_faaa7a40,rep_e08a1589,6115.39,541.12,1281.69,CONVERTED,2025-12-29 21:10:05.601026,2026-01-20 21:10:05.601026
quote_518c22b6,cust_a1d12aca,rep_26645e7c,2674.74,195.38,502.96,EXPIRED,2026-01-28 07:10:05.601026,2026-02-26 07:10:05.601026
quote_22493896,cust_1226e2b4,rep_221b7f39,3855.9,664.31,713.04,CONVERTED,2026-04-08 21:10:05.601026,2026-05-05 21:10:05.601026
quote_baffe0d9,cust_56f06fa7,rep_b548fdfc,1552.72,270.09,157.43,EXPIRED,2026-04-13 01:10:05.601026,2026-04-23 01:10:05.601026
quote_8f03b27e,cust_bc936013,rep_221b7f39,776.36,93.94,119.82,CONVERTED,2026-01-18 04:10:05.601026,2026-02-03 04:10:05.601026
quote_5b23193f,cust_bc936013,rep_26645e7c,1000.14,479.72,-77.1,REJECTED,2025-11-18 19:10:05.601026,2025-12-01 19:10:05.601026
quote_d649296c,cust_fb37096e,rep_f976f2b3,1552.32,105.63,637.47,CONVERTED,2026-02-07 09:10:05.601026,2026-03-02 09:10:05.601026
quote_1c7647da,cust_ce1f66a4,rep_4fd63151,2273.09,345.76,426.5,CONVERTED,2026-01-12 21:10:05.601026,2026-02-05 21:10:05.601026
quote_61bc19f4,cust_c3571491,rep_4fd63151,6203.0,632.3,1614.3,REJECTED,2026-07-25 05:10:05.601026,2026-08-01 05:10:05.601026
quote_dda3c57c,cust_5199088a,rep_e08a1589,2706.61,392.26,729.31,CONVERTED,2026-05-05 12:10:05.601026,2026-05-30 12:10:05.601026
quote_7477d1f1,cust_94257e9c,rep_f976f2b3,265.4,20.22,56.48,REJECTED,2025-11-30 01:10:05.601026,2025-12-02 01:10:05.601026
quote_cf217ad9,cust_4ba29bc8,rep_76071164,3079.62,218.67,869.79,CONVERTED,2026-05-25 08:10:05.601026,2026-06-07 08:10:05.601026
quote_c417be00,cust_3e7091d4,rep_71ed5975,797.35,89.71,164.44,EXPIRED,2026-05-21 04:10:05.601026,2026-06-18 04:10:05.601026
quote_4772e6de,cust_709f2029,rep_f976f2b3,7589.1,602.12,2870.47,EXPIRED,2026-06-05 13:10:05.601026,2026-06-14 13:10:05.601026
quote_baaf55a4,cust_822142bd,rep_221b7f39,1542.24,151.33,347.57,CONVERTED,2025-09-06 02:10:05.601026,2025-09-17 02:10:05.601026
quote_7f99589e,cust_5e885041,rep_26645e7c,24346.75,2035.24,8768.58,CONVERTED,2026-01-26 11:10:05.601026,2026-02-19 11:10:05.601026
quote_975cddd4,cust_802f59e0,rep_03d99ec4,4091.71,456.63,1569.03,REJECTED,2025-11-23 20:10:05.601026,2025-12-05 20:10:05.601026
quote_64569220,cust_83055eb2,rep_71ed5975,1672.05,152.03,436.15,CONVERTED,2025-12-07 02:10:05.601026,2025-12-14 02:10:05.601026
quote_e8b5cec9,cust_79ddb8e2,rep_221b7f39,212.32,28.62,32.74,REJECTED,2025-09-12 02:10:05.601026,2025-10-07 02:10:05.601026
quote_ac046219,cust_b5f9471e,rep_b548fdfc,3421.8,445.15,764.25,REJECTED,2025-10-18 12:10:05.601026,2025-11-16 12:10:05.601026
quote_02f38785,cust_69492daf,rep_f976f2b3,1016.94,130.66,136.82,REJECTED,2026-06-11 04:10:05.601026,2026-06-12 04:10:05.601026
quote_598c84c0,cust_4e5d5042,rep_26645e7c,5252.94,317.75,1193.81,EXPIRED,2025-09-17 13:10:05.601026,2025-10-16 13:10:05.601026
quote_9b6476c1,cust_275958e1,rep_b548fdfc,623.98,58.49,66.71,REJECTED,2025-11-04 17:10:05.601026,2025-11-24 17:10:05.601026
quote_714124d5,cust_84914d14,rep_03d99ec4,1201.34,123.86,278.88,CONVERTED,2025-11-21 03:10:05.601026,2025-12-21 03:10:05.601026
quote_fb10fa8b,cust_898c54d5,rep_71ed5975,2922.65,427.42,1019.48,REJECTED,2025-10-09 09:10:05.601026,2025-10-14 09:10:05.601026
quote_25fa548d,cust_61ea4e53,rep_71ed5975,4457.9,547.32,616.58,CONVERTED,2026-04-10 21:10:05.601026,2026-05-06 21:10:05.601026
quote_13f20077,cust_5471fb8a,rep_221b7f39,5242.72,433.6,987.28,CONVERTED,2026-06-30 04:10:05.601026,2026-07-23 04:10:05.601026
quote_4a457a94,cust_b0bce66f,rep_4fd63151,2640.61,58.8,912.87,CONVERTED,2026-02-02 20:10:05.601026,2026-02-10 20:10:05.601026
quote_0f5d1f7b,cust_16c62d60,rep_f976f2b3,5284.6,441.86,1489.64,REJECTED,2025-10-30 03:10:05.601026,2025-11-27 03:10:05.601026
quote_02f924a5,cust_83055eb2,rep_03d99ec4,477.72,53.39,84.67,CONVERTED,2025-11-20 11:10:05.601026,2025-12-13 11:10:05.601026
quote_81529af2,cust_cf13c2af,rep_4fd63151,1552.72,672.52,-245.0,CONVERTED,2026-05-20 11:10:05.601026,2026-06-16 11:10:05.601026
quote_3e53d78a,cust_41d19430,rep_d5902688,5837.95,611.97,1123.85,CONVERTED,2025-10-03 13:10:05.601026,2025-10-16 13:10:05.601026
quote_3d28b1f2,cust_b0bce66f,rep_d5902688,911.97,123.93,291.78,CONVERTED,2026-02-23 06:10:05.601026,2026-02-27 06:10:05.601026
quote_803e2dc2,cust_1226e2b4,rep_221b7f39,528.46,76.76,116.39,CONVERTED,2026-06-24 00:10:05.601026,2026-06-26 00:10:05.601026
quote_6f0b4525,cust_898c54d5,rep_b548fdfc,1674.61,195.43,558.33,REJECTED,2025-11-11 04:10:05.601026,2025-12-10 04:10:05.601026
quote_419cd260,cust_8c59fa3f,rep_d5902688,3605.1,250.44,1057.97,CONVERTED,2026-03-19 21:10:05.601026,2026-04-17 21:10:05.601026
quote_6c5dfb49,cust_b0bce66f,rep_d5902688,6588.47,949.63,1769.03,EXPIRED,2026-04-13 07:10:05.601026,2026-04-21 07:10:05.601026
quote_540e2a1b,cust_b4a9dca3,rep_71ed5975,5016.15,620.6,1143.94,EXPIRED,2025-10-24 06:10:05.601026,2025-11-09 06:10:05.601026
quote_91734e1a,cust_5fb65258,rep_e08a1589,704.64,56.32,129.77,REJECTED,2026-06-27 17:10:05.601026,2026-07-20 17:10:05.601026
quote_e29295c2,cust_3f9d4565,rep_4fd63151,1820.01,148.94,469.44,EXPIRED,2025-11-08 00:10:05.601026,2025-11-30 00:10:05.601026
quote_39bf4aa0,cust_88dc3738,rep_d5902688,934.92,154.0,90.26,REJECTED,2026-07-31 07:10:05.601026,2026-08-01 07:10:05.601026
quote_e9a1af6f,cust_41d19430,rep_221b7f39,683.5,76.43,195.61,EXPIRED,2025-12-28 18:10:05.601026,2026-01-09 18:10:05.601026
quote_472b2298,cust_c3571491,rep_221b7f39,4755.1,644.39,579.88,CONVERTED,2025-12-07 05:10:05.601026,2025-12-11 05:10:05.601026
quote_c2155cb1,cust_1311cb1a,rep_b548fdfc,221.39,29.37,74.04,REJECTED,2026-04-13 21:10:05.601026,2026-05-08 21:10:05.601026
quote_102ceb7e,cust_8035f667,rep_221b7f39,804.4,122.0,66.72,CONVERTED,2026-01-23 18:10:05.601026,2026-02-20 18:10:05.601026
quote_882d43ab,cust_7c8d0f0a,rep_71ed5975,2349.76,251.68,499.98,CONVERTED,2026-06-07 04:10:05.601026,2026-06-19 04:10:05.601026
quote_2cd83def,cust_4d188ce5,rep_b548fdfc,4614.43,392.85,624.84,CONVERTED,2025-09-12 10:10:05.601026,2025-09-27 10:10:05.601026
quote_7bc105aa,cust_c56c6575,rep_76071164,1217.88,146.64,457.64,CONVERTED,2025-11-30 01:10:05.601026,2025-12-07 01:10:05.601026
quote_1f984186,cust_6bebe3ea,rep_71ed5975,3559.29,479.56,456.62,CONVERTED,2026-04-04 19:10:05.601026,2026-04-21 19:10:05.601026
quote_6ec79e91,cust_efe291d0,rep_e08a1589,13822.9,1464.56,4633.24,EXPIRED,2026-08-09 04:10:05.601026,2026-09-04 04:10:05.601026
quote_929d2d68,cust_c3571491,rep_71ed5975,7208.25,887.15,2252.04,CONVERTED,2026-07-21 23:10:05.601026,2026-08-08 23:10:05.601026
quote_c8e9aa53,cust_4e5d5042,rep_b548fdfc,1708.75,247.84,432.26,CONVERTED,2025-12-28 22:10:05.601026,2026-01-07 22:10:05.601026
quote_0a3f9ec0,cust_c530da41,rep_4fd63151,2677.38,364.39,389.94,REJECTED,2026-06-24 19:10:05.601026,2026-06-29 19:10:05.601026
quote_973045c5,cust_9f854076,rep_4fd63151,477.72,39.41,98.65,EXPIRED,2026-04-16 13:10:05.601026,2026-04-20 13:10:05.601026
quote_3a4f2a95,cust_4d188ce5,rep_26645e7c,1928.6,719.29,-65.89,EXPIRED,2025-10-22 08:10:05.601026,2025-11-11 08:10:05.601026
quote_9f9dfad4,cust_0b6086ec,rep_b548fdfc,2260.7,228.69,507.76,CONVERTED,2025-12-09 13:10:05.601026,2025-12-16 13:10:05.601026
quote_4c3a2c66,cust_0b6086ec,rep_d5902688,514.08,52.29,114.01,REJECTED,2025-10-27 09:10:05.601026,2025-10-31 09:10:05.601026
quote_e5740e51,cust_d1ed441a,rep_03d99ec4,891.58,96.34,136.44,REJECTED,2025-10-26 21:10:05.601026,2025-11-11 21:10:05.601026
quote_791b8f51,cust_0b6086ec,rep_71ed5975,5028.5,584.05,542.55,CONVERTED,2025-11-26 11:10:05.601026,2025-12-17 11:10:05.601026
quote_4dfbd274,cust_9f854076,rep_e08a1589,508.47,67.21,66.53,CONVERTED,2025-11-06 12:10:05.601026,2025-11-23 12:10:05.601026
quote_a1fdf5ab,cust_7adfc319,rep_4fd63151,3743.88,257.04,494.16,REJECTED,2026-01-20 14:10:05.601026,2026-02-12 14:10:05.601026
quote_82d14f2c,cust_ce1f66a4,rep_76071164,2500.35,227.56,778.99,REJECTED,2026-03-28 12:10:05.601026,2026-04-10 12:10:05.601026
quote_a31b66ae,cust_969bf7c5,rep_03d99ec4,4329.0,404.17,1603.53,EXPIRED,2026-07-08 05:10:05.601026,2026-07-12 05:10:05.601026
quote_2d5e4244,cust_b4a9dca3,rep_221b7f39,1768.65,179.91,635.14,REJECTED,2026-04-23 11:10:05.601026,2026-05-10 11:10:05.601026
quote_239e49e0,cust_3e2b9a91,rep_b548fdfc,1328.44,152.35,297.84,REJECTED,2026-01-08 08:10:05.601026,2026-01-15 08:10:05.601026
quote_441af291,cust_12ae9a83,rep_d5902688,1886.15,257.29,436.76,REJECTED,2025-12-22 22:10:05.601026,2026-01-14 22:10:05.601026
quote_77bc6c31,cust_ebc95cba,rep_03d99ec4,8207.89,1060.4,2618.66,EXPIRED,2026-02-14 16:10:05.601026,2026-03-05 16:10:05.601026
quote_f58be0e1,cust_12ae9a83,rep_4fd63151,118.08,7.21,17.89,EXPIRED,2026-03-30 07:10:05.601026,2026-04-10 07:10:05.601026
quote_05b7129c,cust_61ea4e53,rep_b548fdfc,3463.2,387.85,1218.31,EXPIRED,2026-03-28 08:10:05.601026,2026-04-17 08:10:05.601026
quote_43b2cc06,cust_5b9af17f,rep_b548fdfc,2997.0,1322.18,-256.12,CONVERTED,2026-07-18 09:10:05.601026,2026-07-20 09:10:05.601026
quote_869c94bf,cust_5b9af17f,rep_4fd63151,3566.32,286.94,644.18,REJECTED,2026-02-15 10:10:05.601026,2026-03-09 10:10:05.601026
quote_2f4006c8,cust_a2b0c037,rep_e08a1589,3119.9,451.87,174.13,CONVERTED,2026-02-17 05:10:05.601026,2026-03-14 05:10:05.601026
quote_d954234e,cust_1311cb1a,rep_26645e7c,1411.52,201.04,215.42,CONVERTED,2025-09-12 03:10:05.601026,2025-09-29 03:10:05.601026
quote_828c3f98,cust_969bf7c5,rep_d5902688,1000.14,178.08,224.54,REJECTED,2026-05-25 12:10:05.601026,2026-06-03 12:10:05.601026
quote_7c757b95,cust_fb37096e,rep_221b7f39,1961.08,233.91,399.41,CONVERTED,2025-11-19 20:10:05.601026,2025-12-04 20:10:05.601026
quote_900b93d4,cust_3f9d4565,rep_e08a1589,3006.03,303.43,740.2,CONVERTED,2026-03-13 09:10:05.601026,2026-03-29 09:10:05.601026
quote_ea95d959,cust_1226e2b4,rep_26645e7c,4521.4,649.86,823.04,REJECTED,2025-10-08 23:10:05.601026,2025-10-31 23:10:05.601026
quote_4ebf720f,cust_d1ed441a,rep_4fd63151,1005.5,74.89,161.01,CONVERTED,2025-12-18 17:10:05.601026,2025-12-28 17:10:05.601026
quote_6a9213c4,cust_db6dac0a,rep_b548fdfc,1913.84,287.26,574.18,REJECTED,2026-08-19 08:10:05.601026,2026-08-24 08:10:05.601026
quote_497e2e4f,cust_82e21b4c,rep_221b7f39,1928.6,312.12,341.28,CONVERTED,2025-12-02 03:10:05.601026,2025-12-14 03:10:05.601026
quote_4a52d543,cust_3dc20146,rep_76071164,1882.42,255.82,520.94,REJECTED,2026-05-20 11:10:05.601026,2026-05-24 11:10:05.601026
quote_59503394,cust_1ff5ebdc,rep_76071164,2367.38,159.25,653.02,CONVERTED,2026-01-15 03:10:05.601026,2026-02-09 03:10:05.601026
quote_0edf563c,cust_4ba29bc8,rep_f976f2b3,1164.54,77.8,242.84,CONVERTED,2026-01-09 00:10:05.601026,2026-01-16 00:10:05.601026
quote_7c3c9733,cust_c530da41,rep_03d99ec4,1293.6,97.65,521.6,REJECTED,2026-07-03 19:10:05.601026,2026-07-10 19:10:05.601026
quote_5bb7ad9b,cust_ce1f66a4,rep_71ed5975,1542.88,134.5,388.22,EXPIRED,2026-06-22 17:10:05.601026,2026-07-22 17:10:05.601026
quote_559d25f7,cust_b957ff58,rep_76071164,1725.5,122.02,700.65,CONVERTED,2026-08-11 11:10:05.601026,2026-08-13 11:10:05.601026
quote_56ad5ca4,cust_94257e9c,rep_76071164,2991.16,222.49,459.58,EXPIRED,2025-11-23 08:10:05.601026,2025-12-01 08:10:05.601026
quote_cc61fa60,cust_82e21b4c,rep_e08a1589,1164.54,181.01,139.63,CONVERTED,2026-07-07 15:10:05.601026,2026-08-02 15:10:05.601026
quote_ad17ba98,cust_405b3327,rep_4fd63151,944.64,118.01,82.79,REJECTED,2026-03-16 19:10:05.601026,2026-04-08 19:10:05.601026
quote_9d925589,cust_7f9dd2bf,rep_03d99ec4,377.23,186.21,-47.4,CONVERTED,2026-04-03 20:10:05.601026,2026-04-17 20:10:05.601026
quote_163398d9,cust_56f06fa7,rep_03d99ec4,3860.81,569.22,370.46,REJECTED,2025-11-08 18:10:05.601026,2025-11-12 18:10:05.601026
quote_d06096b1,cust_1311cb1a,rep_221b7f39,100.55,16.72,6.87,REJECTED,2026-07-02 03:10:05.601026,2026-07-25 03:10:05.601026
quote_9f87e7f3,cust_f4e1755e,rep_26645e7c,2786.75,343.75,636.55,REJECTED,2026-08-17 02:10:05.601026,2026-09-06 02:10:05.601026
quote_c22455fa,cust_715a01aa,rep_26645e7c,1881.44,248.37,439.62,REJECTED,2025-12-18 09:10:05.601026,2026-01-14 09:10:05.601026
quote_5ac89431,cust_2049b501,rep_d5902688,10224.27,1174.58,3333.07,REJECTED,2025-11-07 19:10:05.601026,2025-11-24 19:10:05.601026
quote_3dd58f3d,cust_4c4e219c,rep_221b7f39,1811.04,157.64,709.31,REJECTED,2026-07-03 21:10:05.601026,2026-07-16 21:10:05.601026
quote_b3c8d50f,cust_8035f667,rep_f976f2b3,1209.19,114.73,267.54,REJECTED,2026-01-28 20:10:05.601026,2026-02-12 20:10:05.601026
quote_97aef64c,cust_94257e9c,rep_76071164,826.56,87.36,88.34,REJECTED,2025-12-21 17:10:05.601026,2026-01-07 17:10:05.601026
quote_c5757d26,cust_83055eb2,rep_b548fdfc,265.4,31.13,45.57,REJECTED,2026-04-29 04:10:05.601026,2026-05-25 04:10:05.601026
quote_2b4b85e5,cust_e7123a90,rep_d5902688,3451.76,350.43,922.42,REJECTED,2026-08-08 11:10:05.601026,2026-08-28 11:10:05.601026
quote_ae9d0626,cust_715a01aa,rep_221b7f39,1368.72,162.65,321.11,CONVERTED,2026-05-19 03:10:05.601026,2026-06-13 03:10:05.601026
quote_ff9a4a56,cust_a1d12aca,rep_f976f2b3,257.04,34.1,49.05,REJECTED,2025-10-12 20:10:05.601026,2025-11-11 20:10:05.601026
quote_288c0a8f,cust_843ab967,rep_76071164,5551.75,602.25,1437.29,CONVERTED,2025-12-16 12:10:05.601026,2025-12-23 12:10:05.601026
quote_92319233,cust_3e2b9a91,rep_76071164,10485.44,882.52,1959.24,REJECTED,2026-05-17 12:10:05.601026,2026-06-03 12:10:05.601026
quote_451e4a83,cust_5fb65258,rep_71ed5975,2348.8,289.24,331.06,CONVERTED,2026-04-12 02:10:05.601026,2026-04-15 02:10:05.601026
quote_a149bf42,cust_5471fb8a,rep_b548fdfc,2113.92,276.9,281.37,EXPIRED,2025-10-09 11:10:05.601026,2025-10-28 11:10:05.601026
quote_689a44aa,cust_b957ff58,rep_f976f2b3,3738.32,351.97,423.55,CONVERTED,2026-06-12 04:10:05.601026,2026-07-12 04:10:05.601026
quote_fa8ad52b,cust_d1ed441a,rep_76071164,6180.28,709.42,1788.47,REJECTED,2026-02-21 03:10:05.601026,2026-02-23 03:10:05.601026
quote_b60d10c0,cust_ceb41cd8,rep_71ed5975,2970.48,470.69,747.27,REJECTED,2025-11-10 14:10:05.601026,2025-12-09 14:10:05.601026
quote_924f5684,cust_f6647730,rep_76071164,1315.71,171.79,254.87,CONVERTED,2026-07-13 18:10:05.601026,2026-07-27 18:10:05.601026
quote_42cf28cd,cust_3dc20146,rep_221b7f39,5588.62,417.6,1351.85,EXPIRED,2026-07-03 06:10:05.601026,2026-07-18 06:10:05.601026
quote_79801df0,cust_69492daf,rep_e08a1589,683.5,48.33,223.71,CONVERTED,2025-11-11 01:10:05.601026,2025-12-03 01:10:05.601026
quote_907dcc07,cust_6bebe3ea,rep_26645e7c,4576.23,335.1,868.56,EXPIRED,2026-06-01 14:10:05.601026,2026-06-05 14:10:05.601026
quote_179231be,cust_d1ed441a,rep_4fd63151,1508.92,112.85,442.39,REJECTED,2026-05-29 13:10:05.601026,2026-06-02 13:10:05.601026
quote_8bac8574,cust_3f9d4565,rep_71ed5975,4527.01,423.96,1332.12,CONVERTED,2025-11-02 06:10:05.601026,2025-11-30 06:10:05.601026
quote_7106f3d5,cust_2049b501,rep_03d99ec4,5582.7,470.16,1551.78,CONVERTED,2026-06-04 07:10:05.601026,2026-06-29 07:10:05.601026
quote_b30b86a0,cust_c3571491,rep_76071164,8876.69,694.07,3301.72,CONVERTED,2026-03-23 05:10:05.601026,2026-04-07 05:10:05.601026
quote_7f0ce1aa,cust_1cb64aaa,rep_d5902688,1594.7,171.29,337.01,REJECTED,2026-01-23 17:10:05.601026,2026-01-24 17:10:05.601026
quote_878a3a33,cust_fa1faded,rep_71ed5975,394.43,40.48,53.88,EXPIRED,2026-04-29 06:10:05.601026,2026-05-06 06:10:05.601026
quote_bb209b03,cust_3f9d4565,rep_4fd63151,2713.29,262.41,1049.52,CONVERTED,2026-01-15 14:10:05.601026,2026-01-23 14:10:05.601026
quote_550e9ce7,cust_802f59e0,rep_b548fdfc,4499.43,508.35,1508.55,CONVERTED,2025-09-26 23:10:05.601026,2025-09-28 23:10:05.601026
quote_18c6fdf2,cust_c4924c0b,rep_03d99ec4,3746.25,242.86,1335.49,EXPIRED,2025-10-12 02:10:05.601026,2025-10-24 02:10:05.601026
quote_53e9f274,cust_215bbb49,rep_f976f2b3,3896.1,317.71,1489.22,CONVERTED,2025-10-30 01:10:05.601026,2025-11-22 01:10:05.601026
quote_358ca9e8,cust_efe291d0,rep_221b7f39,11796.12,1591.79,1605.19,CONVERTED,2025-10-14 13:10:05.601026,2025-11-07 13:10:05.601026
quote_159cee72,cust_61ea4e53,rep_e08a1589,623.28,48.59,114.25,EXPIRED,2025-12-14 00:10:05.601026,2025-12-22 00:10:05.601026
quote_6d18267c,cust_a1d12aca,rep_26645e7c,2674.74,202.46,495.88,REJECTED,2026-04-21 05:10:05.601026,2026-04-24 05:10:05.601026
quote_7559bca3,cust_7c8d0f0a,rep_d5902688,4521.4,314.35,1158.55,EXPIRED,2025-12-31 20:10:05.601026,2026-01-27 20:10:05.601026
quote_d9a441e0,cust_84914d14,rep_d5902688,5103.7,663.18,1631.2,REJECTED,2026-08-11 10:10:05.601026,2026-09-01 10:10:05.601026
quote_102bcfd2,cust_6449b0f4,rep_76071164,4963.03,386.0,1324.38,CONVERTED,2026-05-04 05:10:05.601026,2026-05-16 05:10:05.601026
quote_1fac70cd,cust_6cd93739,rep_b548fdfc,4564.35,249.32,1185.4,CONVERTED,2026-04-22 19:10:05.601026,2026-05-11 19:10:05.601026
quote_7779b1ec,cust_3e7091d4,rep_d5902688,5426.58,869.88,1753.98,REJECTED,2026-01-26 09:10:05.601026,2026-01-28 09:10:05.601026
quote_3a7c2663,cust_12ae9a83,rep_b548fdfc,542.11,42.65,75.07,REJECTED,2026-03-20 16:10:05.601026,2026-03-27 16:10:05.601026
quote_c76d9552,cust_715a01aa,rep_b548fdfc,2069.76,273.65,717.15,REJECTED,2026-01-28 11:10:05.601026,2026-02-12 11:10:05.601026
quote_48e2e6df,cust_c3571491,rep_26645e7c,1992.51,160.56,770.13,EXPIRED,2026-08-12 14:10:05.601026,2026-09-08 14:10:05.601026
quote_ef280c15,cust_405b3327,rep_76071164,19798.1,2840.51,5567.97,CONVERTED,2025-12-13 06:10:05.601026,2026-01-06 06:10:05.601026
quote_3ad9b644,cust_7adfc319,rep_221b7f39,904.28,68.75,225.83,CONVERTED,2026-03-05 08:10:05.601026,2026-03-16 08:10:05.601026
quote_f9a75c89,cust_715a01aa,rep_76071164,341.75,45.69,90.33,CONVERTED,2026-02-14 12:10:05.601026,2026-03-07 12:10:05.601026
quote_69f33242,cust_3e2b9a91,rep_71ed5975,5615.82,835.3,291.5,EXPIRED,2026-01-27 10:10:05.601026,2026-02-24 10:10:05.601026
quote_146834c9,cust_1ff88c64,rep_d5902688,2228.95,203.38,378.57,EXPIRED,2025-12-21 04:10:05.601026,2026-01-10 04:10:05.601026
quote_be19e4b0,cust_1ba4a61c,rep_4fd63151,2734.0,227.21,860.95,REJECTED,2026-02-05 13:10:05.601026,2026-02-21 13:10:05.601026
quote_1c0ab81e,cust_4c4e219c,rep_221b7f39,1710.9,216.42,388.28,REJECTED,2025-12-26 09:10:05.601026,2026-01-09 09:10:05.601026
quote_4ada25aa,cust_a1d12aca,rep_b548fdfc,4227.68,412.9,1132.3,REJECTED,2026-03-28 04:10:05.601026,2026-04-17 04:10:05.601026
quote_cf28c0c0,cust_42587fc7,rep_f976f2b3,3030.3,481.7,923.69,REJECTED,2026-06-19 16:10:05.601026,2026-07-02 16:10:05.601026
quote_f1167bc4,cust_7adfc319,rep_26645e7c,5528.88,494.36,1435.9,EXPIRED,2026-02-26 02:10:05.601026,2026-03-02 02:10:05.601026
quote_6c18ac60,cust_898c54d5,rep_f976f2b3,1435.38,162.13,483.95,CONVERTED,2026-03-18 08:10:05.601026,2026-04-12 08:10:05.601026
quote_3dd9f912,cust_4c4e219c,rep_4fd63151,1508.92,68.02,487.22,EXPIRED,2026-03-15 16:10:05.601026,2026-03-16 16:10:05.601026
quote_45fbfadc,cust_560682aa,rep_e08a1589,3764.84,399.15,1154.37,REJECTED,2026-02-06 06:10:05.601026,2026-02-08 06:10:05.601026
quote_91ae7c59,cust_b5f9471e,rep_e08a1589,4091.71,677.77,1347.89,CONVERTED,2025-10-18 08:10:05.601026,2025-10-19 08:10:05.601026
quote_2dc55ed4,cust_36b3c9ac,rep_76071164,1000.14,116.12,286.5,EXPIRED,2025-09-16 15:10:05.601026,2025-09-25 15:10:05.601026
quote_c8fef246,cust_1ff88c64,rep_e08a1589,4576.23,290.25,913.41,REJECTED,2026-05-10 15:10:05.601026,2026-05-18 15:10:05.601026
quote_c41f5a72,cust_405b3327,rep_221b7f39,20250.72,3031.59,5917.21,EXPIRED,2026-04-24 13:10:05.601026,2026-05-10 13:10:05.601026
quote_c66bbc79,cust_b4a9dca3,rep_221b7f39,9044.3,1455.22,2917.88,EXPIRED,2025-10-23 23:10:05.601026,2025-10-31 23:10:05.601026
quote_260cec99,cust_898c54d5,rep_d5902688,1116.29,133.91,221.9,CONVERTED,2026-01-02 07:10:05.601026,2026-01-12 07:10:05.601026
quote_5de8c357,cust_405b3327,rep_71ed5975,3508.4,492.84,349.17,CONVERTED,2026-02-13 02:10:05.601026,2026-03-10 02:10:05.601026
quote_3f8b1d43,cust_f4e1755e,rep_76071164,2884.14,1440.23,-231.33,REJECTED,2026-04-07 18:10:05.601026,2026-05-01 18:10:05.601026
quote_71eb55d2,cust_db6dac0a,rep_4fd63151,1481.6,140.41,533.21,EXPIRED,2026-01-31 22:10:05.601026,2026-03-02 22:10:05.601026
quote_2f26ab93,cust_e7123a90,rep_f976f2b3,1056.92,106.46,279.84,EXPIRED,2026-02-14 19:10:05.601026,2026-02-15 19:10:05.601026
quote_9a898922,cust_b2c27d93,rep_b548fdfc,771.12,109.78,139.67,REJECTED,2025-10-23 07:10:05.601026,2025-10-26 07:10:05.601026
quote_e5ea1e9d,cust_35bcb900,rep_e08a1589,4642.8,374.38,1404.29,EXPIRED,2026-01-28 19:10:05.601026,2026-02-04 19:10:05.601026
quote_d6b02d5c,cust_fa1faded,rep_e08a1589,1180.8,75.96,175.04,CONVERTED,2026-06-20 09:10:05.601026,2026-07-11 09:10:05.601026
quote_bbb67ae6,cust_db6dac0a,rep_f976f2b3,1050.37,129.84,247.21,CONVERTED,2026-01-01 12:10:05.601026,2026-01-15 12:10:05.601026
quote_4dfddd65,cust_5e885041,rep_e08a1589,1028.16,112.87,219.73,REJECTED,2026-05-30 16:10:05.601026,2026-06-05 16:10:05.601026
quote_c42445fb,cust_3f9d4565,rep_71ed5975,1164.54,128.28,192.36,EXPIRED,2026-01-12 03:10:05.601026,2026-01-18 03:10:05.601026
quote_cb707028,cust_7adfc319,rep_03d99ec4,3500.49,319.03,1090.14,REJECTED,2025-12-24 01:10:05.601026,2026-01-05 01:10:05.601026
quote_c9b3292f,cust_35bcb900,rep_f976f2b3,1714.23,189.98,393.32,REJECTED,2026-07-02 15:10:05.601026,2026-07-15 15:10:05.601026
quote_87dd0d0e,cust_5329889c,rep_71ed5975,4022.8,508.72,392.56,CONVERTED,2026-07-14 02:10:05.601026,2026-08-07 02:10:05.601026
quote_edc49821,cust_3f9d4565,rep_f976f2b3,1034.88,143.76,351.64,CONVERTED,2026-02-12 09:10:05.601026,2026-03-05 09:10:05.601026
quote_dec2e780,cust_9f854076,rep_f976f2b3,341.75,33.94,102.08,CONVERTED,2026-08-11 18:10:05.601026,2026-08-14 18:10:05.601026
quote_96da07be,cust_b8d41557,rep_76071164,964.3,149.68,177.02,CONVERTED,2026-04-02 11:10:05.601026,2026-04-11 11:10:05.601026
quote_7e460c3f,cust_8bb8f56a,rep_4fd63151,3879.72,600.56,1014.35,CONVERTED,2025-10-19 11:10:05.601026,2025-11-09 11:10:05.601026
quote_66456468,cust_fa1faded,rep_e08a1589,1808.56,158.57,430.59,REJECTED,2025-11-16 00:10:05.601026,2025-11-25 00:10:05.601026
quote_22efd74f,cust_8bb8f56a,rep_71ed5975,8470.89,1464.68,2030.74,REJECTED,2026-03-06 00:10:05.601026,2026-03-21 00:10:05.601026
quote_f30e9115,cust_822142bd,rep_d5902688,2675.2,368.41,536.04,CONVERTED,2025-12-22 04:10:05.601026,2025-12-29 04:10:05.601026
quote_cca2b1b3,cust_c0594b54,rep_71ed5975,354.24,34.33,40.97,EXPIRED,2026-01-16 07:10:05.601026,2026-02-01 07:10:05.601026
quote_d759b993,cust_2049b501,rep_d5902688,15178.2,2075.68,4869.5,REJECTED,2025-09-22 16:10:05.601026,2025-09-23 16:10:05.601026
quote_efb88377,cust_3e2b9a91,rep_b548fdfc,502.85,55.9,56.76,CONVERTED,2026-02-08 11:10:05.601026,2026-02-23 11:10:05.601026
quote_4594fc0f,cust_e5e2a4d0,rep_b548fdfc,2481.2,263.75,634.89,REJECTED,2026-05-11 03:10:05.601026,2026-05-25 03:10:05.601026
quote_abfd667e,cust_560682aa,rep_76071164,3021.12,265.67,700.75,EXPIRED,2025-11-29 15:10:05.601026,2025-12-06 15:10:05.601026
quote_307b5808,cust_56f06fa7,rep_221b7f39,3264.81,375.22,441.08,REJECTED,2026-02-10 10:10:05.601026,2026-02-13 10:10:05.601026
quote_c6a79fea,cust_1ff88c64,rep_b548fdfc,11683.32,543.28,4569.7,CONVERTED,2025-09-07 21:10:05.601026,2025-10-04 21:10:05.601026
quote_9ffef0f2,cust_e5e2a4d0,rep_03d99ec4,3417.5,496.96,863.24,EXPIRED,2026-06-05 08:10:05.601026,2026-06-06 08:10:05.601026
quote_c23af222,cust_94257e9c,rep_f976f2b3,939.52,99.01,149.11,EXPIRED,2026-07-15 01:10:05.601026,2026-07-20 01:10:05.601026
quote_203db7cc,cust_5199088a,rep_03d99ec4,3999.4,677.17,1230.64,REJECTED,2026-08-05 11:10:05.601026,2026-08-27 11:10:05.601026
quote_752e6382,cust_c4924c0b,rep_221b7f39,578.58,41.09,154.93,REJECTED,2026-08-06 18:10:05.601026,2026-08-17 18:10:05.601026
quote_70d121b0,cust_a2b0c037,rep_03d99ec4,318.94,42.9,58.76,CONVERTED,2026-04-09 07:10:05.601026,2026-04-29 07:10:05.601026
quote_c465356b,cust_36b3c9ac,rep_76071164,1157.16,120.6,271.44,CONVERTED,2026-03-21 03:10:05.601026,2026-04-20 03:10:05.601026
quote_d62e633d,cust_5b9af17f,rep_71ed5975,1542.24,205.15,293.75,EXPIRED,2026-04-28 17:10:05.601026,2026-05-07 17:10:05.601026
quote_b7240126,cust_405b3327,rep_e08a1589,20227.9,2898.54,6227.6,CONVERTED,2025-12-05 15:10:05.601026,2025-12-17 15:10:05.601026
quote_fd09d493,cust_b2c27d93,rep_d5902688,10485.44,1152.97,1688.79,CONVERTED,2026-01-08 05:10:05.601026,2026-01-10 05:10:05.601026
quote_e1636f8c,cust_36b3c9ac,rep_03d99ec4,318.94,33.72,67.94,EXPIRED,2025-09-16 11:10:05.601026,2025-10-13 11:10:05.601026
quote_dfa88dba,cust_56f06fa7,rep_b548fdfc,970.45,111.98,155.22,REJECTED,2026-06-25 21:10:05.601026,2026-07-19 21:10:05.601026
quote_4215c6b9,cust_cf13c2af,rep_03d99ec4,1350.02,124.49,332.89,EXPIRED,2025-12-07 03:10:05.601026,2025-12-14 03:10:05.601026
quote_91163221,cust_709f2029,rep_26645e7c,2348.8,168.97,451.33,EXPIRED,2025-09-15 04:10:05.601026,2025-09-25 04:10:05.601026
quote_ca31a431,cust_e5e2a4d0,rep_b548fdfc,377.23,61.33,77.48,CONVERTED,2026-06-09 18:10:05.601026,2026-06-20 18:10:05.601026
quote_b7956dd0,cust_b4a9dca3,rep_71ed5975,5562.6,813.74,984.19,CONVERTED,2026-06-19 17:10:05.601026,2026-06-24 17:10:05.601026
quote_54bfa265,cust_0b27ce82,rep_03d99ec4,824.04,35.8,309.6,REJECTED,2026-06-07 10:10:05.601026,2026-06-20 10:10:05.601026
quote_ab12e374,cust_42587fc7,rep_b548fdfc,1552.32,219.05,524.05,CONVERTED,2025-12-25 19:10:05.601026,2026-01-19 19:10:05.601026
quote_1e836ea9,cust_12ae9a83,rep_71ed5975,1735.74,228.26,359.8,CONVERTED,2025-11-24 11:10:05.601026,2025-12-21 11:10:05.601026
quote_0372b6c4,cust_35bcb900,rep_f976f2b3,894.06,66.23,323.74,EXPIRED,2026-07-18 13:10:05.601026,2026-07-19 13:10:05.601026
quote_568932bd,cust_c4924c0b,rep_221b7f39,3745.28,422.65,843.58,REJECTED,2026-03-13 06:10:05.601026,2026-03-31 06:10:05.601026
quote_4df8fe9b,cust_0b27ce82,rep_4fd63151,1298.7,164.9,437.41,EXPIRED,2026-05-05 04:10:05.601026,2026-05-15 04:10:05.601026
quote_af477048,cust_c4924c0b,rep_d5902688,5154.99,562.43,829.48,CONVERTED,2026-04-20 13:10:05.601026,2026-04-28 13:10:05.601026
quote_79268dd9,cust_ebc95cba,rep_e08a1589,2313.36,305.6,442.75,CONVERTED,2026-06-07 09:10:05.601026,2026-06-30 09:10:05.601026
quote_7ac2614f,cust_5b9af17f,rep_221b7f39,934.58,126.03,67.85,EXPIRED,2025-11-18 14:10:05.601026,2025-12-12 14:10:05.601026
quote_a5588019,cust_82e21b4c,rep_221b7f39,3155.44,385.53,369.35,CONVERTED,2026-02-21 02:10:05.601026,2026-03-16 02:10:05.601026
quote_d62d5d55,cust_709f2029,rep_b548fdfc,2557.61,274.76,727.06,EXPIRED,2026-06-20 17:10:05.601026,2026-06-25 17:10:05.601026
quote_444d17fb,cust_0b6086ec,rep_26645e7c,7681.8,885.44,1028.21,REJECTED,2025-09-19 12:10:05.601026,2025-10-02 12:10:05.601026
quote_44ba4238,cust_94257e9c,rep_b548fdfc,2713.29,352.81,959.12,REJECTED,2026-05-30 17:10:05.601026,2026-06-27 17:10:05.601026
quote_63874663,cust_3880925b,rep_221b7f39,1356.42,109.03,332.84,EXPIRED,2026-02-27 13:10:05.601026,2026-03-08 13:10:05.601026
quote_4a376a8f,cust_4ba29bc8,rep_71ed5975,4898.43,220.83,1266.87,REJECTED,2026-06-24 02:10:05.601026,2026-06-26 02:10:05.601026
quote_bd101a47,cust_ceb41cd8,rep_76071164,8128.38,1062.08,2552.52,CONVERTED,2026-06-07 08:10:05.601026,2026-06-28 08:10:05.601026
quote_2e9ba29e,cust_12b82827,rep_76071164,1038.8,144.86,126.54,REJECTED,2026-02-07 07:10:05.601026,2026-03-04 07:10:05.601026
quote_2fba6d1e,cust_56f06fa7,rep_b548fdfc,3296.16,337.08,1044.52,CONVERTED,2026-07-26 08:10:05.601026,2026-07-29 08:10:05.601026
quote_70531e07,cust_a1d12aca,rep_71ed5975,26839.88,1456.36,10641.66,REJECTED,2026-07-31 12:10:05.601026,2026-08-25 12:10:05.601026
quote_d76e5fac,cust_94257e9c,rep_71ed5975,2904.83,90.04,915.36,REJECTED,2026-05-26 15:10:05.601026,2026-06-12 15:10:05.601026
quote_30304d85,cust_a2b0c037,rep_f976f2b3,303.99,44.55,94.02,CONVERTED,2026-02-15 22:10:05.601026,2026-02-18 22:10:05.601026
quote_cca5e351,cust_1d7b20af,rep_76071164,1056.92,85.95,300.35,CONVERTED,2026-02-08 16:10:05.601026,2026-03-02 16:10:05.601026
quote_b6971868,cust_275958e1,rep_4fd63151,5350.4,566.28,1242.62,CONVERTED,2026-02-18 22:10:05.601026,2026-03-16 22:10:05.601026
quote_7c76ed4f,cust_8647b943,rep_b548fdfc,4360.74,363.51,805.99,CONVERTED,2026-04-23 15:10:05.601026,2026-05-19 15:10:05.601026
quote_eeaf35f2,cust_4d188ce5,rep_03d99ec4,2177.08,203.33,457.87,CONVERTED,2026-03-19 16:10:05.601026,2026-03-28 16:10:05.601026
quote_07494236,cust_69492daf,rep_e08a1589,2881.69,157.76,1124.39,CONVERTED,2026-07-13 00:10:05.601026,2026-08-11 00:10:05.601026
quote_1e3ff31b,cust_3f9d4565,rep_26645e7c,1708.75,96.16,583.94,CONVERTED,2026-02-20 00:10:05.601026,2026-03-10 00:10:05.601026
quote_b87795e1,cust_4d188ce5,rep_71ed5975,2500.35,226.84,779.71,EXPIRED,2025-12-30 20:10:05.601026,2026-01-08 20:10:05.601026
quote_0e01c7df,cust_a2b0c037,rep_f976f2b3,1226.94,147.82,410.55,CONVERTED,2026-06-02 07:10:05.601026,2026-06-13 07:10:05.601026
quote_5cabf734,cust_822142bd,rep_4fd63151,4444.37,765.18,379.73,CONVERTED,2026-05-25 08:10:05.601026,2026-06-03 08:10:05.601026
quote_c3e95fed,cust_79ddb8e2,rep_03d99ec4,2053.45,889.31,-244.58,REJECTED,2026-06-26 15:10:05.601026,2026-07-03 15:10:05.601026
quote_882544f6,cust_35bcb900,rep_4fd63151,22828.71,2708.26,7583.15,REJECTED,2025-12-19 15:10:05.601026,2026-01-06 15:10:05.601026
quote_7a79c870,cust_d1ed441a,rep_26645e7c,1034.88,78.77,416.63,EXPIRED,2026-02-07 11:10:05.601026,2026-03-09 11:10:05.601026
quote_48858516,cust_efe291d0,rep_f976f2b3,1549.73,243.36,480.51,EXPIRED,2026-04-21 05:10:05.601026,2026-04-23 05:10:05.601026
quote_c9c9a4b5,cust_fa1faded,rep_76071164,405.32,39.79,144.97,CONVERTED,2026-06-29 05:10:05.601026,2026-07-03 05:10:05.601026
quote_38c45850,cust_7c8d0f0a,rep_e08a1589,6736.95,425.93,2681.7,REJECTED,2026-05-23 09:10:05.601026,2026-06-20 09:10:05.601026
quote_16f256b4,cust_6bebe3ea,rep_e08a1589,3745.28,467.94,798.29,REJECTED,2026-01-01 04:10:05.601026,2026-01-30 04:10:05.601026
quote_c30fe726,cust_57020bdd,rep_4fd63151,528.46,76.39,116.76,REJECTED,2026-05-28 10:10:05.601026,2026-05-30 10:10:05.601026
quote_7be83e95,cust_560682aa,rep_03d99ec4,2214.17,259.23,243.09,REJECTED,2025-12-02 11:10:05.601026,2025-12-23 11:10:05.601026
quote_56cb4f0e,cust_8c59fa3f,rep_b548fdfc,6217.99,527.46,1424.28,REJECTED,2025-09-19 21:10:05.601026,2025-09-20 21:10:05.601026
quote_01ecc4fd,cust_e7123a90,rep_71ed5975,257.04,18.86,64.29,REJECTED,2026-04-05 23:10:05.601026,2026-04-15 23:10:05.601026
quote_8eed7300,cust_b0bce66f,rep_d5902688,9044.3,821.16,3551.94,REJECTED,2026-08-14 04:10:05.601026,2026-08-21 04:10:05.601026
quote_51147067,cust_709f2029,rep_221b7f39,641.46,64.96,228.52,REJECTED,2025-10-24 04:10:05.601026,2025-11-16 04:10:05.601026
quote_a31fe74f,cust_6449b0f4,rep_4fd63151,5421.1,364.78,812.42,REJECTED,2026-02-19 19:10:05.601026,2026-03-17 19:10:05.601026
quote_669d3948,cust_8035f667,rep_f976f2b3,1928.6,274.49,378.91,CONVERTED,2026-01-04 11:10:05.601026,2026-01-20 11:10:05.601026
quote_0ac778e3,cust_405b3327,rep_71ed5975,8470.89,1450.61,2044.81,REJECTED,2025-11-05 05:10:05.601026,2025-12-05 05:10:05.601026
quote_efce1542,cust_a2b0c037,rep_76071164,2153.07,294.96,674.16,EXPIRED,2026-04-27 03:10:05.601026,2026-05-06 03:10:05.601026
quote_80148f43,cust_12b82827,rep_221b7f39,3708.18,302.69,1251.61,EXPIRED,2025-12-30 20:10:05.601026,2026-01-22 20:10:05.601026
quote_2ecee206,cust_f9e341c0,rep_76071164,1147.51,118.73,346.08,CONVERTED,2025-12-07 18:10:05.601026,2026-01-01 18:10:05.601026
quote_3e9a1f5b,cust_c4924c0b,rep_4fd63151,1356.42,134.29,307.58,CONVERTED,2026-07-28 02:10:05.601026,2026-08-15 02:10:05.601026
quote_aef0ac3a,cust_4e5d5042,rep_221b7f39,2229.4,209.02,575.22,REJECTED,2026-01-12 04:10:05.601026,2026-01-14 04:10:05.601026
quote_ebc7fafd,cust_6449b0f4,rep_26645e7c,6313.76,536.75,1079.14,CONVERTED,2026-03-24 11:10:05.601026,2026-03-28 11:10:05.601026
quote_28d5eda9,cust_1ba4a61c,rep_221b7f39,2734.0,425.58,662.58,EXPIRED,2026-07-24 01:10:05.601026,2026-08-03 01:10:05.601026
quote_b31cd44a,cust_f6330c6d,rep_b548fdfc,318.94,44.21,57.45,REJECTED,2026-01-22 07:10:05.601026,2026-02-12 07:10:05.601026
quote_2dfcebf6,cust_a2b0c037,rep_e08a1589,5845.3,1082.59,1811.21,CONVERTED,2025-12-29 22:10:05.601026,2026-01-18 22:10:05.601026
quote_9f537451,cust_4604301d,rep_76071164,956.82,74.28,230.7,CONVERTED,2026-02-20 19:10:05.601026,2026-02-23 19:10:05.601026
quote_599a2bf7,cust_1ff88c64,rep_d5902688,2392.25,220.15,731.99,EXPIRED,2026-06-21 18:10:05.601026,2026-06-23 18:10:05.601026
quote_bc206a06,cust_6449b0f4,rep_26645e7c,1799.28,257.3,324.75,EXPIRED,2026-03-09 00:10:05.601026,2026-04-05 00:10:05.601026
quote_af072b0c,cust_3f9d4565,rep_71ed5975,4507.65,217.68,935.17,REJECTED,2026-06-25 22:10:05.601026,2026-06-29 22:10:05.601026
quote_a5669156,cust_5e885041,rep_b548fdfc,5818.48,784.29,1837.79,CONVERTED,2026-03-04 13:10:05.601026,2026-03-29 13:10:05.601026
quote_3a243331,cust_1d7b20af,rep_221b7f39,1778.6,136.86,636.42,CONVERTED,2025-10-22 02:10:05.601026,2025-11-17 02:10:05.601026
quote_9f7c4eb4,cust_f6330c6d,rep_76071164,671.36,58.47,156.29,REJECTED,2026-06-07 11:10:05.601026,2026-06-14 11:10:05.601026
quote_27762127,cust_41d19430,rep_e08a1589,2131.29,186.74,870.75,CONVERTED,2025-11-19 04:10:05.601026,2025-11-24 04:10:05.601026
quote_b0027d1f,cust_ceb41cd8,rep_4fd63151,1808.56,699.56,-110.4,CONVERTED,2026-08-12 14:10:05.601026,2026-08-20 14:10:05.601026
quote_d2c72c47,cust_42587fc7,rep_4fd63151,9174.76,1710.17,776.37,CONVERTED,2026-05-29 00:10:05.601026,2026-06-22 00:10:05.601026
quote_2472c612,cust_4d188ce5,rep_26645e7c,2351.2,318.31,493.74,EXPIRED,2026-06-08 00:10:05.601026,2026-06-29 00:10:05.601026
quote_601199da,cust_3f9d4565,rep_71ed5975,101.33,8.33,37.86,REJECTED,2026-07-04 19:10:05.601026,2026-07-22 19:10:05.601026
quote_1bc10d34,cust_3752d640,rep_4fd63151,2922.65,221.28,1225.62,REJECTED,2025-10-08 03:10:05.601026,2025-10-27 03:10:05.601026
quote_2a1ca06d,cust_6449b0f4,rep_4fd63151,5897.74,651.71,1491.49,CONVERTED,2026-03-26 12:10:05.601026,2026-04-17 12:10:05.601026
quote_409b573c,cust_7adfc319,rep_26645e7c,1508.55,169.38,168.6,CONVERTED,2026-01-11 01:10:05.601026,2026-01-12 01:10:05.601026
quote_ab12b15e,cust_42587fc7,rep_03d99ec4,1005.7,117.72,107.6,CONVERTED,2026-05-05 10:10:05.601026,2026-05-15 10:10:05.601026
quote_1f7e9649,cust_1ff5ebdc,rep_221b7f39,590.4,52.63,72.87,REJECTED,2026-02-25 20:10:05.601026,2026-02-26 20:10:05.601026
quote_70883ad6,cust_db6dac0a,rep_f976f2b3,3427.33,1469.86,-387.96,REJECTED,2026-06-02 06:10:05.601026,2026-06-09 06:10:05.601026
quote_b205e842,cust_3752d640,rep_4fd63151,1175.36,125.31,289.41,CONVERTED,2026-05-22 10:10:05.601026,2026-06-01 10:10:05.601026
quote_a7db232f,cust_b2c27d93,rep_76071164,3075.75,298.95,925.23,EXPIRED,2026-03-23 20:10:05.601026,2026-03-26 20:10:05.601026
quote_436d9cb3,cust_41d19430,rep_f976f2b3,5284.6,723.3,1208.2,REJECTED,2026-03-07 07:10:05.601026,2026-03-11 07:10:05.601026
quote_af40ffe2,cust_843ab967,rep_76071164,2140.16,179.37,544.19,CONVERTED,2026-05-30 18:10:05.601026,2026-06-09 18:10:05.601026
quote_cb5c77eb,cust_c3571491,rep_b548fdfc,4458.8,247.07,1321.41,REJECTED,2026-06-19 21:10:05.601026,2026-07-12 21:10:05.601026
quote_bdda6de4,cust_215bbb49,rep_d5902688,1240.93,149.4,237.02,REJECTED,2026-06-09 11:10:05.601026,2026-06-11 11:10:05.601026
quote_61b59b2b,cust_fa1faded,rep_76071164,442.78,47.6,159.22,REJECTED,2026-03-14 03:10:05.601026,2026-03-29 03:10:05.601026
quote_5ef27a11,cust_843ab967,rep_d5902688,442.78,43.44,163.38,CONVERTED,2025-09-12 07:10:05.601026,2025-10-12 07:10:05.601026
quote_5a7e8002,cust_faaa7a40,rep_4fd63151,1116.29,82.38,273.43,CONVERTED,2026-07-08 13:10:05.601026,2026-07-30 13:10:05.601026
quote_16bc1afc,cust_35bcb900,rep_71ed5975,2349.76,837.15,-85.49,REJECTED,2026-01-13 01:10:05.601026,2026-02-07 01:10:05.601026
quote_4abc4cc3,cust_3e2b9a91,rep_76071164,1116.29,45.34,310.47,REJECTED,2026-02-19 11:10:05.601026,2026-03-01 11:10:05.601026
quote_671f81b9,cust_f6647730,rep_221b7f39,118.08,18.0,7.1,CONVERTED,2026-06-16 21:10:05.601026,2026-07-02 21:10:05.601026
quote_899c56a4,cust_b5f9471e,rep_4fd63151,3075.75,591.23,632.95,CONVERTED,2026-04-20 01:10:05.601026,2026-05-15 01:10:05.601026
quote_58a1039a,cust_7a79b0e8,rep_03d99ec4,1356.42,166.05,275.82,CONVERTED,2025-11-22 15:10:05.601026,2025-12-13 15:10:05.601026
quote_eebd3262,cust_8035f667,rep_76071164,1644.16,218.72,215.49,REJECTED,2026-02-14 07:10:05.601026,2026-03-03 07:10:05.601026
quote_20ea0f29,cust_16c62d60,rep_f976f2b3,1350.02,214.32,243.06,CONVERTED,2025-11-17 09:10:05.601026,2025-11-18 09:10:05.601026
quote_2a96faa0,cust_12ae9a83,rep_d5902688,831.04,71.5,145.62,REJECTED,2026-03-22 20:10:05.601026,2026-04-11 20:10:05.601026
quote_6f9b1ee8,cust_b2c27d93,rep_76071164,7589.1,734.79,2737.8,REJECTED,2026-03-08 13:10:05.601026,2026-03-21 13:10:05.601026
quote_b25a2a33,cust_8035f667,rep_f976f2b3,2033.88,218.87,316.09,REJECTED,2026-04-28 19:10:05.601026,2026-05-11 19:10:05.601026
quote_6100c1d9,cust_b2c27d93,rep_71ed5975,1435.38,163.68,482.4,EXPIRED,2026-04-20 18:10:05.601026,2026-05-12 18:10:05.601026
quote_3c8fa0cf,cust_35bcb900,rep_d5902688,2395.26,261.66,584.92,CONVERTED,2026-03-10 20:10:05.601026,2026-03-22 20:10:05.601026
quote_29aefbf1,cust_2049b501,rep_03d99ec4,3177.04,274.15,1198.55,EXPIRED,2026-05-27 19:10:05.601026,2026-06-17 19:10:05.601026
quote_f613766f,cust_69492daf,rep_4fd63151,3421.8,380.89,828.51,REJECTED,2026-05-12 16:10:05.601026,2026-05-29 16:10:05.601026
quote_4b2a8b2d,cust_79ddb8e2,rep_f976f2b3,2597.4,335.38,869.24,EXPIRED,2025-10-02 16:10:05.601026,2025-10-09 16:10:05.601026
quote_84a09f1f,cust_b957ff58,rep_b548fdfc,301.65,14.12,56.65,CONVERTED,2026-06-30 20:10:05.601026,2026-07-10 20:10:05.601026
quote_5b4c5f96,cust_560682aa,rep_76071164,1034.88,142.67,352.73,CONVERTED,2026-06-15 02:10:05.601026,2026-06-19 02:10:05.601026
quote_f91be412,cust_215bbb49,rep_b548fdfc,708.07,79.4,238.38,CONVERTED,2026-04-19 00:10:05.601026,2026-05-18 00:10:05.601026
quote_a2af1d3b,cust_0b6086ec,rep_b548fdfc,3743.88,528.76,222.44,REJECTED,2026-02-02 04:10:05.601026,2026-02-22 04:10:05.601026
quote_36f016fe,cust_db6dac0a,rep_b548fdfc,118.08,15.55,9.55,EXPIRED,2026-01-12 12:10:05.601026,2026-01-28 12:10:05.601026
quote_875e07fb,cust_969bf7c5,rep_03d99ec4,2737.44,292.08,675.44,REJECTED,2026-02-24 07:10:05.601026,2026-03-18 07:10:05.601026
quote_65a467a9,cust_843ab967,rep_f976f2b3,3699.22,538.73,813.32,CONVERTED,2026-02-06 18:10:05.601026,2026-02-19 18:10:05.601026
quote_b2f775d0,cust_3752d640,rep_b548fdfc,1508.92,180.1,375.14,EXPIRED,2025-11-11 17:10:05.601026,2025-11-27 17:10:05.601026
quote_a7c1bc30,cust_3880925b,rep_b548fdfc,106.16,41.02,-10.34,CONVERTED,2026-05-23 09:10:05.601026,2026-05-29 09:10:05.601026
quote_189f08a9,cust_faaa7a40,rep_d5902688,478.46,64.58,150.78,EXPIRED,2026-07-22 20:10:05.601026,2026-08-11 20:10:05.601026
quote_4fd354e0,cust_8bb8f56a,rep_221b7f39,1808.56,260.19,328.97,CONVERTED,2025-09-06 19:10:05.601026,2025-09-08 19:10:05.601026
quote_6109a8ea,cust_e7123a90,rep_e08a1589,7420.44,728.24,2592.41,EXPIRED,2026-08-18 00:10:05.601026,2026-09-06 00:10:05.601026
quote_2bfadefd,cust_7a79b0e8,rep_d5902688,14641.01,2165.83,4552.51,REJECTED,2026-02-04 01:10:05.601026,2026-02-28 01:10:05.601026
quote_ff9eaf09,cust_5fb65258,rep_71ed5975,2395.26,307.93,538.65,CONVERTED,2026-03-01 05:10:05.601026,2026-03-04 05:10:05.601026
quote_2ae2261d,cust_7adfc319,rep_b548fdfc,3170.76,421.82,737.08,CONVERTED,2026-04-23 17:10:05.601026,2026-05-09 17:10:05.601026
quote_3c93c033,cust_42587fc7,rep_71ed5975,4621.3,845.33,321.39,CONVERTED,2026-04-29 16:10:05.601026,2026-05-13 16:10:05.601026
quote_355675a8,cust_faaa7a40,rep_d5902688,5610.66,707.45,762.68,REJECTED,2025-12-08 12:10:05.601026,2025-12-17 12:10:05.601026
quote_1163461e,cust_ce1f66a4,rep_4fd63151,2704.38,439.84,738.02,REJECTED,2026-05-13 03:10:05.601026,2026-05-18 03:10:05.601026
quote_af6c6754,cust_1d7b20af,rep_4fd63151,1765.46,202.32,462.77,EXPIRED,2026-02-26 02:10:05.601026,2026-03-10 02:10:05.601026
quote_f5a674a1,cust_5fb65258,rep_f976f2b3,1328.34,161.06,459.4,REJECTED,2026-04-21 17:10:05.601026,2026-05-14 17:10:05.601026
quote_448eadf9,cust_5199088a,rep_d5902688,318.48,47.52,44.52,CONVERTED,2026-02-22 04:10:05.601026,2026-03-20 04:10:05.601026
quote_9c6286a5,cust_3e7091d4,rep_221b7f39,5615.82,413.01,713.79,REJECTED,2026-03-20 10:10:05.601026,2026-04-05 10:10:05.601026
quote_e60f5d31,cust_8cdf7d4e,rep_e08a1589,7706.82,623.37,2784.63,EXPIRED,2025-11-17 17:10:05.601026,2025-12-13 17:10:05.601026
quote_2645a647,cust_f6647730,rep_26645e7c,584.53,70.59,218.79,EXPIRED,2026-07-08 01:10:05.601026,2026-08-01 01:10:05.601026
quote_1de8ee7b,cust_57020bdd,rep_e08a1589,4572.45,562.93,1540.85,CONVERTED,2026-01-16 12:10:05.601026,2026-01-28 12:10:05.601026
quote_2cf5b837,cust_bc936013,rep_71ed5975,3674.79,562.9,300.32,CONVERTED,2026-01-24 12:10:05.601026,2026-02-11 12:10:05.601026
quote_e4d90b99,cust_4d188ce5,rep_d5902688,13106.8,1343.12,2209.08,REJECTED,2025-09-23 02:10:05.601026,2025-09-25 02:10:05.601026
quote_64921213,cust_f4e1755e,rep_4fd63151,402.2,28.18,66.18,CONVERTED,2025-10-27 22:10:05.601026,2025-10-30 22:10:05.601026
quote_016c2b57,cust_b8d41557,rep_4fd63151,2811.44,326.17,905.39,CONVERTED,2026-06-12 08:10:05.601026,2026-06-28 08:10:05.601026
quote_aa5bbdca,cust_79ddb8e2,rep_76071164,703.85,304.42,-139.29,REJECTED,2026-01-31 21:10:05.601026,2026-02-02 21:10:05.601026
quote_bdc6ed2c,cust_16c62d60,rep_76071164,508.47,20.28,113.46,EXPIRED,2025-11-28 18:10:05.601026,2025-12-28 18:10:05.601026
quote_faa4024b,cust_f6647730,rep_d5902688,1116.29,89.76,266.05,REJECTED,2026-01-14 16:10:05.601026,2026-01-18 16:10:05.601026
quote_8443cb8b,cust_3880925b,rep_76071164,4342.1,590.93,981.69,CONVERTED,2026-03-31 12:10:05.601026,2026-04-07 12:10:05.601026
quote_7b1e0bb8,cust_56f06fa7,rep_26645e7c,16565.4,1795.69,4717.9,REJECTED,2026-06-22 14:10:05.601026,2026-06-29 14:10:05.601026
quote_3e854756,cust_cf13c2af,rep_4fd63151,2932.28,447.66,961.81,CONVERTED,2026-05-14 21:10:05.601026,2026-06-11 21:10:05.601026
quote_c12c93a9,cust_36b3c9ac,rep_b548fdfc,13918.79,1036.73,4959.16,REJECTED,2025-10-13 14:10:05.601026,2025-10-18 14:10:05.601026
quote_2d7d8d95,cust_c4924c0b,rep_f976f2b3,2495.92,1044.01,-543.21,EXPIRED,2026-05-06 11:10:05.601026,2026-06-04 11:10:05.601026
quote_b5430c20,cust_5fb65258,rep_03d99ec4,6331.01,3004.49,56.68,EXPIRED,2026-08-18 18:10:05.601026,2026-09-01 18:10:05.601026
quote_e4cde46f,cust_7c8d0f0a,rep_26645e7c,2000.28,263.65,541.59,CONVERTED,2026-01-19 06:10:05.601026,2026-02-11 06:10:05.601026
quote_d3df0672,cust_5329889c,rep_f976f2b3,1010.96,215.12,155.28,REJECTED,2026-01-29 17:10:05.601026,2026-02-27 17:10:05.601026
quote_26e330f7,cust_41d19430,rep_b548fdfc,5762.39,674.22,900.32,REJECTED,2026-05-02 17:10:05.601026,2026-05-31 17:10:05.601026
quote_e79f8501,cust_c4924c0b,rep_4fd63151,10392.84,893.43,3160.8,CONVERTED,2025-09-26 16:10:05.601026,2025-10-24 16:10:05.601026
quote_ab9aac06,cust_9f854076,rep_221b7f39,1131.69,113.69,302.74,REJECTED,2026-06-26 06:10:05.601026,2026-07-20 06:10:05.601026
quote_bf945d60,cust_7adfc319,rep_b548fdfc,2921.83,245.08,580.65,CONVERTED,2026-06-12 18:10:05.601026,2026-07-05 18:10:05.601026
quote_4b9f740f,cust_405b3327,rep_221b7f39,1701.66,694.47,66.38,EXPIRED,2025-12-11 06:10:05.601026,2025-12-21 06:10:05.601026
quote_0f994ad4,cust_0b6086ec,rep_d5902688,5540.98,695.53,1297.77,EXPIRED,2026-07-05 07:10:05.601026,2026-07-18 07:10:05.601026
quote_9fa06aa9,cust_1ff5ebdc,rep_71ed5975,1808.86,227.06,647.56,CONVERTED,2025-09-18 18:10:05.601026,2025-10-04 18:10:05.601026
quote_06b1b6f2,cust_4d188ce5,rep_e08a1589,2213.9,212.27,821.83,EXPIRED,2026-06-15 04:10:05.601026,2026-06-29 04:10:05.601026
quote_d31bb3c9,cust_b47eadfa,rep_f976f2b3,4022.8,434.3,466.98,REJECTED,2026-05-22 20:10:05.601026,2026-05-31 20:10:05.601026
quote_9120b7ed,cust_4604301d,rep_d5902688,4022.8,331.95,569.33,CONVERTED,2025-11-05 04:10:05.601026,2025-11-15 04:10:05.601026
quote_f82f4c82,cust_7c8d0f0a,rep_71ed5975,2007.93,281.21,322.94,EXPIRED,2026-01-10 06:10:05.601026,2026-01-18 06:10:05.601026
quote_dd94c064,cust_cf13c2af,rep_d5902688,2349.76,322.11,429.55,EXPIRED,2025-09-17 20:10:05.601026,2025-09-18 20:10:05.601026
quote_dfe35311,cust_ebc95cba,rep_71ed5975,2349.76,311.72,439.94,CONVERTED,2025-09-22 14:10:05.601026,2025-09-25 14:10:05.601026
quote_8deb6af3,cust_843ab967,rep_4fd63151,3050.82,414.67,387.77,CONVERTED,2026-08-11 12:10:05.601026,2026-08-29 12:10:05.601026
quote_67ed72aa,cust_8647b943,rep_03d99ec4,385.72,45.7,84.98,CONVERTED,2025-09-10 17:10:05.601026,2025-09-27 17:10:05.601026
quote_6fcd0eaa,cust_7c8d0f0a,rep_26645e7c,22767.3,3099.01,7318.76,CONVERTED,2025-10-25 11:10:05.601026,2025-10-28 11:10:05.601026
quote_a29b5589,cust_b4a9dca3,rep_b548fdfc,2395.26,311.42,535.16,CONVERTED,2025-12-29 14:10:05.601026,2025-12-31 14:10:05.601026
quote_baaf5e21,cust_7c8d0f0a,rep_d5902688,1026.54,121.17,241.65,REJECTED,2026-05-23 19:10:05.601026,2026-05-31 19:10:05.601026
quote_d2dd2be0,cust_e5e2a4d0,rep_f976f2b3,301.65,34.23,36.54,CONVERTED,2026-04-06 08:10:05.601026,2026-05-01 08:10:05.601026
quote_21479d12,cust_1d7b20af,rep_71ed5975,3356.8,212.75,861.05,CONVERTED,2026-05-24 21:10:05.601026,2026-06-16 21:10:05.601026
quote_76a00d6e,cust_5199088a,rep_76071164,797.35,108.76,145.39,REJECTED,2026-05-28 01:10:05.601026,2026-06-27 01:10:05.601026
quote_02d509fa,cust_4d188ce5,rep_26645e7c,2229.4,320.08,464.16,EXPIRED,2026-06-21 12:10:05.601026,2026-06-30 12:10:05.601026
quote_822074b2,cust_f4e1755e,rep_e08a1589,904.95,107.39,104.92,REJECTED,2025-12-12 03:10:05.601026,2025-12-30 03:10:05.601026
quote_823a5e9a,cust_898c54d5,rep_e08a1589,18573.27,1868.15,6326.32,REJECTED,2026-07-28 13:10:05.601026,2026-08-05 13:10:05.601026
quote_6abe532f,cust_822142bd,rep_b548fdfc,318.94,35.39,66.27,REJECTED,2025-11-18 14:10:05.601026,2025-12-01 14:10:05.601026
quote_83997731,cust_ceb41cd8,rep_d5902688,2500.35,269.39,737.16,REJECTED,2026-01-24 22:10:05.601026,2026-01-26 22:10:05.601026
quote_08cb64a6,cust_5b9af17f,rep_4fd63151,1253.07,119.97,427.34,REJECTED,2025-12-06 09:10:05.601026,2026-01-05 09:10:05.601026
quote_734101a1,cust_a1d12aca,rep_b548fdfc,776.36,113.69,100.07,CONVERTED,2026-07-22 05:10:05.601026,2026-07-30 05:10:05.601026
quote_dda88128,cust_6449b0f4,rep_26645e7c,217.42,18.31,50.12,CONVERTED,2025-12-01 18:10:05.601026,2025-12-05 18:10:05.601026
quote_c3a0a586,cust_ce1f66a4,rep_d5902688,904.28,152.01,142.57,CONVERTED,2026-07-09 18:10:05.601026,2026-08-06 18:10:05.601026
quote_890640eb,cust_d1ed441a,rep_71ed5975,24025.5,2283.03,8724.88,CONVERTED,2026-04-16 22:10:05.601026,2026-05-06 22:10:05.601026
quote_1d0dcc9a,cust_61ea4e53,rep_b548fdfc,3074.63,171.2,1315.05,CONVERTED,2026-03-31 14:10:05.601026,2026-04-21 14:10:05.601026
quote_f105dacd,cust_36b3c9ac,rep_221b7f39,1552.32,144.59,598.51,REJECTED,2026-04-16 14:10:05.601026,2026-05-16 14:10:05.601026
quote_cd530cfb,cust_1cb64aaa,rep_03d99ec4,1871.94,131.35,244.25,REJECTED,2026-03-10 07:10:05.601026,2026-03-13 07:10:05.601026
quote_dc88822b,cust_faaa7a40,rep_e08a1589,2011.4,346.72,103.92,CONVERTED,2025-11-16 19:10:05.601026,2025-11-30 19:10:05.601026
quote_b7f53b32,cust_0b27ce82,rep_f976f2b3,469.76,58.03,66.03,REJECTED,2025-12-15 01:10:05.601026,2025-12-24 01:10:05.601026
quote_07ea48bd,cust_fa1faded,rep_4fd63151,1157.16,116.5,275.54,REJECTED,2026-06-05 11:10:05.601026,2026-07-03 11:10:05.601026
quote_e142efa1,cust_94257e9c,rep_f976f2b3,1585.38,184.56,394.89,CONVERTED,2026-03-25 10:10:05.601026,2026-04-22 10:10:05.601026
quote_70f94f54,cust_5329889c,rep_26645e7c,1358.68,205.8,268.62,CONVERTED,2025-11-27 02:10:05.601026,2025-12-23 02:10:05.601026
quote_001b89b7,cust_f6330c6d,rep_e08a1589,2713.29,251.98,1059.95,CONVERTED,2026-05-31 19:10:05.601026,2026-06-26 19:10:05.601026
quote_2eb9800e,cust_efe291d0,rep_e08a1589,500.07,52.89,148.42,CONVERTED,2026-03-15 06:10:05.601026,2026-03-22 06:10:05.601026
quote_3e94eaf7,cust_3dc20146,rep_71ed5975,804.4,104.11,84.61,REJECTED,2026-01-12 21:10:05.601026,2026-01-24 21:10:05.601026
quote_a38b3ca6,cust_8035f667,rep_221b7f39,2887.82,222.59,468.4,CONVERTED,2026-02-03 17:10:05.601026,2026-02-15 17:10:05.601026
quote_ceb56d68,cust_57020bdd,rep_221b7f39,258.72,27.42,96.43,CONVERTED,2025-11-19 05:10:05.601026,2025-11-20 05:10:05.601026
quote_cf02527a,cust_b957ff58,rep_b548fdfc,1180.8,123.92,127.08,EXPIRED,2026-01-28 17:10:05.601026,2026-02-01 17:10:05.601026
quote_53137752,cust_3880925b,rep_76071164,5176.88,539.61,785.56,CONVERTED,2026-06-21 22:10:05.601026,2026-06-30 22:10:05.601026
quote_803fe3ca,cust_36b3c9ac,rep_76071164,221.39,15.92,87.49,CONVERTED,2026-06-22 14:10:05.601026,2026-06-25 14:10:05.601026
quote_7291de45,cust_a1d12aca,rep_221b7f39,2392.3,185.9,890.9,REJECTED,2026-08-13 20:10:05.601026,2026-09-06 20:10:05.601026
quote_581e50d1,cust_b5f9471e,rep_b548fdfc,6687.52,741.87,1003.21,CONVERTED,2026-07-26 03:10:05.601026,2026-08-09 03:10:05.601026
quote_2194b569,cust_c3571491,rep_4fd63151,1808.56,210.0,379.16,CONVERTED,2026-06-16 13:10:05.601026,2026-07-01 13:10:05.601026
quote_2e8324ee,cust_69492daf,rep_4fd63151,683.5,69.41,202.63,CONVERTED,2026-07-21 21:10:05.601026,2026-08-15 21:10:05.601026
quote_0a893d9a,cust_5b9af17f,rep_e08a1589,6331.01,507.34,2553.83,CONVERTED,2026-01-03 21:10:05.601026,2026-01-22 21:10:05.601026
quote_f3264bd6,cust_715a01aa,rep_221b7f39,3559.29,1508.77,-572.59,REJECTED,2025-10-18 05:10:05.601026,2025-10-21 05:10:05.601026
quote_b2f6c6d0,cust_1cb64aaa,rep_4fd63151,2014.08,165.29,478.99,EXPIRED,2026-02-01 17:10:05.601026,2026-02-23 17:10:05.601026
quote_52def8d2,cust_715a01aa,rep_f976f2b3,217.42,25.83,42.6,REJECTED,2026-06-30 08:10:05.601026,2026-07-27 08:10:05.601026
quote_503d4192,cust_275958e1,rep_e08a1589,478.41,29.21,123.28,REJECTED,2025-11-14 08:10:05.601026,2025-12-05 08:10:05.601026
quote_37366718,cust_b8d41557,rep_e08a1589,1025.25,181.82,226.24,CONVERTED,2025-09-21 18:10:05.601026,2025-10-14 18:10:05.601026
quote_41b4577f,cust_3880925b,rep_b548fdfc,301.65,35.94,34.83,CONVERTED,2025-12-21 13:10:05.601026,2025-12-23 13:10:05.601026
quote_f9606019,cust_802f59e0,rep_26645e7c,4815.36,591.79,1036.22,CONVERTED,2026-05-09 19:10:05.601026,2026-06-02 19:10:05.601026
quote_05831cf9,cust_5fb65258,rep_f976f2b3,7235.44,795.19,2703.29,CONVERTED,2025-09-21 14:10:05.601026,2025-10-13 14:10:05.601026
quote_dde6514e,cust_4e5d5042,rep_4fd63151,717.69,85.12,237.92,CONVERTED,2026-01-11 19:10:05.601026,2026-01-13 19:10:05.601026
quote_2aeb4b29,cust_5329889c,rep_b548fdfc,11121.99,1091.0,3771.51,EXPIRED,2026-07-16 17:10:05.601026,2026-07-27 17:10:05.601026
quote_10488cf1,cust_8cdf7d4e,rep_f976f2b3,6228.62,331.03,2751.54,REJECTED,2026-04-26 05:10:05.601026,2026-05-10 05:10:05.601026
quote_b5f7de36,cust_7f9dd2bf,rep_d5902688,1869.16,157.2,230.56,CONVERTED,2026-06-24 13:10:05.601026,2026-07-09 13:10:05.601026
quote_cece5b0e,cust_88dc3738,rep_26645e7c,194.09,20.72,32.72,EXPIRED,2026-04-23 13:10:05.601026,2026-04-26 13:10:05.601026
quote_dd1ff898,cust_ebc95cba,rep_f976f2b3,14769.96,2629.64,3876.75,CONVERTED,2026-05-20 05:10:05.601026,2026-06-08 05:10:05.601026
quote_b5484de0,cust_c4924c0b,rep_03d99ec4,528.46,30.27,162.88,CONVERTED,2025-10-15 16:10:05.601026,2025-10-19 16:10:05.601026
quote_6484b267,cust_715a01aa,rep_e08a1589,7573.65,977.88,1900.48,CONVERTED,2026-02-10 23:10:05.601026,2026-03-10 23:10:05.601026
quote_e74e6a62,cust_3e7091d4,rep_221b7f39,3743.88,416.07,335.13,EXPIRED,2026-05-10 03:10:05.601026,2026-06-05 03:10:05.601026
quote_8fb06c94,cust_4604301d,rep_f976f2b3,303.99,30.84,107.73,CONVERTED,2026-07-19 08:10:05.601026,2026-07-30 08:10:05.601026
quote_075518cb,cust_3e7091d4,rep_03d99ec4,21881.76,2489.5,7204.95,CONVERTED,2025-12-22 11:10:05.601026,2026-01-18 11:10:05.601026
quote_de98fcae,cust_969bf7c5,rep_26645e7c,2050.5,121.19,694.93,REJECTED,2025-09-07 00:10:05.601026,2025-09-28 00:10:05.601026
quote_3ca14b4a,cust_7f9dd2bf,rep_221b7f39,754.46,85.09,192.53,REJECTED,2025-11-12 09:10:05.601026,2025-12-01 09:10:05.601026
quote_552d6ffc,cust_6449b0f4,rep_b548fdfc,19851.1,1981.93,5932.65,REJECTED,2025-11-06 01:10:05.601026,2025-11-16 01:10:05.601026
quote_e8a5129d,cust_f4e1755e,rep_e08a1589,891.58,55.9,176.88,CONVERTED,2026-03-18 10:10:05.601026,2026-04-04 10:10:05.601026
quote_e7088921,cust_5329889c,rep_221b7f39,9021.76,1531.43,2383.78,REJECTED,2025-11-14 22:10:05.601026,2025-12-03 22:10:05.601026
quote_f3d7bc75,cust_5329889c,rep_76071164,1886.15,227.49,466.56,CONVERTED,2026-06-28 04:10:05.601026,2026-07-02 04:10:05.601026
quote_81c6f1db,cust_5fb65258,rep_221b7f39,528.46,52.83,140.32,CONVERTED,2026-07-03 06:10:05.601026,2026-07-19 06:10:05.601026
quote_bfee9e4e,cust_b4a9dca3,rep_f976f2b3,159.24,14.73,31.29,CONVERTED,2026-05-03 12:10:05.601026,2026-05-27 12:10:05.601026
quote_d4bec15a,cust_ceb41cd8,rep_26645e7c,2392.25,354.38,597.76,EXPIRED,2025-10-05 19:10:05.601026,2025-10-12 19:10:05.601026
quote_87c59eef,cust_12ae9a83,rep_e08a1589,2884.14,247.74,961.16,REJECTED,2026-01-11 01:10:05.601026,2026-01-20 01:10:05.601026
quote_fe26374b,cust_215bbb49,rep_26645e7c,5028.5,693.81,432.79,CONVERTED,2026-01-13 04:10:05.601026,2026-01-17 04:10:05.601026
quote_729f6fb6,cust_a1d12aca,rep_d5902688,412.02,67.16,105.54,CONVERTED,2025-09-07 02:10:05.601026,2025-09-21 02:10:05.601026
quote_0a18ee5a,cust_3f9d4565,rep_26645e7c,1217.88,112.76,491.52,CONVERTED,2026-07-27 10:10:05.601026,2026-08-24 10:10:05.601026
quote_b7506b63,cust_560682aa,rep_f976f2b3,3258.26,381.34,1198.02,CONVERTED,2025-10-06 05:10:05.601026,2025-10-07 05:10:05.601026
quote_8f35809b,cust_7c8d0f0a,rep_03d99ec4,4436.66,543.84,1293.28,CONVERTED,2026-01-21 11:10:05.601026,2026-02-07 11:10:05.601026
quote_da9f35e6,cust_0b27ce82,rep_e08a1589,3075.75,361.81,862.37,EXPIRED,2026-01-12 13:10:05.601026,2026-02-09 13:10:05.601026
quote_aae03c79,cust_4e5d5042,rep_4fd63151,8470.89,950.39,2545.03,CONVERTED,2025-09-15 16:10:05.601026,2025-09-29 16:10:05.601026
quote_50718441,cust_b4a9dca3,rep_03d99ec4,608.94,50.31,251.83,REJECTED,2026-08-14 01:10:05.601026,2026-08-27 01:10:05.601026
quote_c5f780b8,cust_5199088a,rep_b548fdfc,3617.72,465.59,1283.65,EXPIRED,2026-05-04 13:10:05.601026,2026-05-18 13:10:05.601026
quote_c4e34c25,cust_88dc3738,rep_26645e7c,3084.07,286.07,478.59,CONVERTED,2026-05-02 19:10:05.601026,2026-05-09 19:10:05.601026
quote_abbbdc00,cust_5199088a,rep_26645e7c,1594.7,249.44,258.86,CONVERTED,2026-07-15 09:10:05.601026,2026-08-02 09:10:05.601026
quote_3f7a805d,cust_42587fc7,rep_b548fdfc,4521.4,652.52,820.38,EXPIRED,2025-10-26 08:10:05.601026,2025-11-04 08:10:05.601026
quote_627d9a32,cust_969bf7c5,rep_76071164,26846.73,1607.98,10691.19,REJECTED,2025-11-28 06:10:05.601026,2025-12-04 06:10:05.601026
quote_64f0d3e9,cust_d1ed441a,rep_26645e7c,2734.0,406.04,682.12,CONVERTED,2025-11-11 15:10:05.601026,2025-11-19 15:10:05.601026
quote_9459f076,cust_faaa7a40,rep_221b7f39,607.98,62.7,214.44,CONVERTED,2025-11-25 21:10:05.601026,2025-11-27 21:10:05.601026
quote_87c26d10,cust_1226e2b4,rep_76071164,4672.9,674.42,294.98,REJECTED,2026-06-17 03:10:05.601026,2026-06-28 03:10:05.601026
quote_49927808,cust_969bf7c5,rep_03d99ec4,4610.43,547.35,1403.33,CONVERTED,2025-12-03 01:10:05.601026,2025-12-30 01:10:05.601026
quote_4ae1a1b4,cust_56f06fa7,rep_26645e7c,5915.67,19.01,1515.96,CONVERTED,2026-06-05 09:10:05.601026,2026-06-23 09:10:05.601026
quote_161c2548,cust_1ba4a61c,rep_76071164,1131.69,159.47,256.96,EXPIRED,2025-10-22 14:10:05.601026,2025-11-18 14:10:05.601026
quote_b6dfbeba,cust_f4e1755e,rep_26645e7c,1262.01,66.9,376.68,EXPIRED,2026-07-27 08:10:05.601026,2026-08-02 08:10:05.601026
quote_19c5a385,cust_3880925b,rep_f976f2b3,3421.8,293.05,916.35,REJECTED,2025-09-20 08:10:05.601026,2025-09-23 08:10:05.601026
quote_9685e08b,cust_3f9d4565,rep_76071164,29822.65,3801.45,8787.79,CONVERTED,2026-08-02 17:10:05.601026,2026-08-13 17:10:05.601026
quote_5dfdb962,cust_e5e2a4d0,rep_d5902688,236.16,39.15,11.05,EXPIRED,2026-06-08 21:10:05.601026,2026-06-13 21:10:05.601026
quote_4fe1a272,cust_61ea4e53,rep_03d99ec4,587.29,39.53,120.17,REJECTED,2026-05-03 07:10:05.601026,2026-05-16 07:10:05.601026
quote_bd452ebd,cust_bc936013,rep_76071164,1648.08,248.38,442.42,CONVERTED,2025-11-20 18:10:05.601026,2025-12-04 18:10:05.601026
quote_473b972b,cust_7adfc319,rep_f976f2b3,528.46,12.29,180.86,EXPIRED,2026-06-15 04:10:05.601026,2026-06-29 04:10:05.601026
quote_50614c31,cust_b2c27d93,rep_d5902688,8470.89,661.19,2834.23,CONVERTED,2026-03-05 06:10:05.601026,2026-03-11 06:10:05.601026
quote_d3e4fd13,cust_82e21b4c,rep_e08a1589,4227.68,504.38,1040.82,CONVERTED,2026-07-31 11:10:05.601026,2026-08-29 11:10:05.601026
quote_80975e8e,cust_8035f667,rep_03d99ec4,911.97,124.5,291.21,EXPIRED,2026-07-19 03:10:05.601026,2026-08-07 03:10:05.601026
quote_7f9c4c08,cust_79ddb8e2,rep_26645e7c,5260.77,813.4,1791.02,CONVERTED,2026-04-08 04:10:05.601026,2026-04-22 04:10:05.601026
quote_6cec5f86,cust_88dc3738,rep_4fd63151,2384.85,163.15,477.73,CONVERTED,2026-03-30 13:10:05.601026,2026-04-15 13:10:05.601026
quote_b38fdda3,cust_1ff88c64,rep_76071164,1552.32,182.23,560.87,CONVERTED,2026-05-28 11:10:05.601026,2026-06-21 11:10:05.601026
quote_9eb5888a,cust_0b27ce82,rep_26645e7c,1217.88,175.12,429.16,REJECTED,2025-12-24 12:10:05.601026,2026-01-20 12:10:05.601026
